DT,Donalsonville
01/01/2022 05:00,0.172414
01/01/2022 06:00,0.172414
01/01/2022 07:00,0.155172
01/01/2022 08:00,0.155172
01/01/2022 09:00,0.137931
01/01/2022 10:00,0.137931
01/01/2022 11:00,0.137931
01/01/2022 12:00,0.137931
01/01/2022 13:00,0.137931
01/01/2022 14:00,0.103448
01/01/2022 15:00,0.051724
01/01/2022 16:00,-0.137931
01/01/2022 17:00,-0.224138
01/01/2022 18:00,-0.224138
01/01/2022 19:00,-0.155172
01/01/2022 20:00,-0.051724
01/01/2022 21:00,-0.034483
01/01/2022 22:00,0.12069
01/01/2022 23:00,0.189655
01/02/2022 00:00,0.206897
01/02/2022 01:00,0.189655
01/02/2022 02:00,0.189655
01/02/2022 03:00,0.172414
01/02/2022 04:00,0.172414
01/02/2022 05:00,0.155172
01/02/2022 06:00,0.155172
01/02/2022 07:00,0.155172
01/02/2022 08:00,0.155172
01/02/2022 09:00,0.137931
01/02/2022 10:00,0.137931
01/02/2022 11:00,0.137931
01/02/2022 12:00,0.137931
01/02/2022 13:00,0.155172
01/02/2022 14:00,0.12069
01/02/2022 15:00,0.051724
01/02/2022 16:00,0.068966
01/02/2022 17:00,-0.051724
01/02/2022 18:00,-0.034483
01/02/2022 19:00,-0.017241
01/02/2022 20:00,0.068966
01/02/2022 21:00,0.12069
01/02/2022 22:00,0.189655
01/02/2022 23:00,0.172414
01/03/2022 00:00,0.189655
01/03/2022 01:00,0.189655
01/03/2022 02:00,0.172414
01/03/2022 03:00,0.172414
01/03/2022 04:00,0.172414
01/03/2022 05:00,0.155172
01/03/2022 06:00,0.137931
01/03/2022 07:00,0.12069
01/03/2022 08:00,0.12069
01/03/2022 09:00,0.12069
01/03/2022 10:00,0.137931
01/03/2022 11:00,0.172414
01/03/2022 12:00,0.189655
01/03/2022 13:00,0.396552
01/03/2022 14:00,0.465517
01/03/2022 15:00,0.482759
01/03/2022 16:00,0.465517
01/03/2022 17:00,0.431034
01/03/2022 18:00,0.431034
01/03/2022 19:00,0.37931
01/03/2022 20:00,0.12069
01/03/2022 21:00,0.137931
01/03/2022 22:00,0.293103
01/03/2022 23:00,0.551724
01/04/2022 00:00,0.655172
01/04/2022 01:00,0.396552
01/04/2022 02:00,0.396552
01/04/2022 03:00,0.37931
01/04/2022 04:00,0.37931
01/04/2022 05:00,0.37931
01/04/2022 06:00,0.362069
01/04/2022 07:00,0.362069
01/04/2022 08:00,0.362069
01/04/2022 09:00,0.344828
01/04/2022 10:00,0.37931
01/04/2022 11:00,0.396552
01/04/2022 12:00,0.448276
01/04/2022 13:00,0.689655
01/04/2022 14:00,0.689655
01/04/2022 15:00,0.551724
01/04/2022 16:00,0.448276
01/04/2022 17:00,0.465517
01/04/2022 18:00,0.465517
01/04/2022 19:00,0.344828
01/04/2022 20:00,0.448276
01/04/2022 21:00,0.310345
01/04/2022 22:00,0.344828
01/04/2022 23:00,0.517241
01/05/2022 00:00,0.603448
01/05/2022 01:00,0.362069
01/05/2022 02:00,0.344828
01/05/2022 03:00,0.344828
01/05/2022 04:00,0.327586
01/05/2022 05:00,0.310345
01/05/2022 06:00,0.293103
01/05/2022 07:00,0.275862
01/05/2022 08:00,0.275862
01/05/2022 09:00,0.258621
01/05/2022 10:00,0.241379
01/05/2022 11:00,0.293103
01/05/2022 12:00,0.344828
01/05/2022 13:00,0.568966
01/05/2022 14:00,0.534483
01/05/2022 15:00,0.344828
01/05/2022 16:00,0.189655
01/05/2022 17:00,0.12069
01/05/2022 18:00,0.103448
01/05/2022 19:00,0.241379
01/05/2022 20:00,0.293103
01/05/2022 21:00,0.293103
01/05/2022 22:00,0.396552
01/05/2022 23:00,0.448276
01/06/2022 00:00,0.5
01/06/2022 01:00,0.241379
01/06/2022 02:00,0.241379
01/06/2022 03:00,0.241379
01/06/2022 04:00,0.224138
01/06/2022 05:00,0.224138
01/06/2022 06:00,0.224138
01/06/2022 07:00,0.206897
01/06/2022 08:00,0.206897
01/06/2022 09:00,0.206897
01/06/2022 10:00,0.224138
01/06/2022 11:00,0.258621
01/06/2022 12:00,0.327586
01/06/2022 13:00,0.534483
01/06/2022 14:00,0.482759
01/06/2022 15:00,0.310345
01/06/2022 16:00,0.155172
01/06/2022 17:00,0.12069
01/06/2022 18:00,0.086207
01/06/2022 19:00,0.310345
01/06/2022 20:00,0.431034
01/06/2022 21:00,0.465517
01/06/2022 22:00,0.482759
01/06/2022 23:00,0.465517
01/07/2022 00:00,0.5
01/07/2022 01:00,0.258621
01/07/2022 02:00,0.224138
01/07/2022 03:00,0.206897
01/07/2022 04:00,0.189655
01/07/2022 05:00,0.172414
01/07/2022 06:00,0.172414
01/07/2022 07:00,0.155172
01/07/2022 08:00,0.172414
01/07/2022 09:00,0.172414
01/07/2022 10:00,0.189655
01/07/2022 11:00,0.224138
01/07/2022 12:00,0.310345
01/07/2022 13:00,0.551724
01/07/2022 14:00,0.517241
01/07/2022 15:00,0.327586
01/07/2022 16:00,0.189655
01/07/2022 17:00,0.12069
01/07/2022 18:00,0.086207
01/07/2022 19:00,0.068966
01/07/2022 20:00,0.068966
01/07/2022 21:00,0.12069
01/07/2022 22:00,0.258621
01/07/2022 23:00,0.448276
01/08/2022 00:00,0.517241
01/08/2022 01:00,0.310345
01/08/2022 02:00,0.275862
01/08/2022 03:00,0.258621
01/08/2022 04:00,0.275862
01/08/2022 05:00,0.258621
01/08/2022 06:00,0.241379
01/08/2022 07:00,0.241379
01/08/2022 08:00,0.258621
01/08/2022 09:00,0.241379
01/08/2022 10:00,0.258621
01/08/2022 11:00,0.293103
01/08/2022 12:00,0.310345
01/08/2022 13:00,0.344828
01/08/2022 14:00,0.275862
01/08/2022 15:00,0.086207
01/08/2022 16:00,-0.017241
01/08/2022 17:00,-0.12069
01/08/2022 18:00,-0.224138
01/08/2022 19:00,-0.258621
01/08/2022 20:00,-0.189655
01/08/2022 21:00,0.034483
01/08/2022 22:00,0.155172
01/08/2022 23:00,0.189655
01/09/2022 00:00,0.241379
01/09/2022 01:00,0.241379
01/09/2022 02:00,0.241379
01/09/2022 03:00,0.224138
01/09/2022 04:00,0.224138
01/09/2022 05:00,0.224138
01/09/2022 06:00,0.189655
01/09/2022 07:00,0.189655
01/09/2022 08:00,0.189655
01/09/2022 09:00,0.189655
01/09/2022 10:00,0.189655
01/09/2022 11:00,0.189655
01/09/2022 12:00,0.206897
01/09/2022 13:00,0.206897
01/09/2022 14:00,0.206897
01/09/2022 15:00,0.189655
01/09/2022 16:00,0.103448
01/09/2022 17:00,-0.017241
01/09/2022 18:00,-0.189655
01/09/2022 19:00,-0.224138
01/09/2022 20:00,-0.103448
01/09/2022 21:00,0.068966
01/09/2022 22:00,0.12069
01/09/2022 23:00,0.189655
01/10/2022 00:00,0.224138
01/10/2022 01:00,0.224138
01/10/2022 02:00,0.224138
01/10/2022 03:00,0.224138
01/10/2022 04:00,0.206897
01/10/2022 05:00,0.189655
01/10/2022 06:00,0.172414
01/10/2022 07:00,0.155172
01/10/2022 08:00,0.155172
01/10/2022 09:00,0.137931
01/10/2022 10:00,0.155172
01/10/2022 11:00,0.189655
01/10/2022 12:00,0.241379
01/10/2022 13:00,0.448276
01/10/2022 14:00,0.5
01/10/2022 15:00,0.396552
01/10/2022 16:00,0.155172
01/10/2022 17:00,0.155172
01/10/2022 18:00,0.172414
01/10/2022 19:00,0.206897
01/10/2022 20:00,0.12069
01/10/2022 21:00,0.293103
01/10/2022 22:00,0.344828
01/10/2022 23:00,0.5
01/11/2022 00:00,0.448276
01/11/2022 01:00,0.327586
01/11/2022 02:00,0.310345
01/11/2022 03:00,0.310345
01/11/2022 04:00,0.310345
01/11/2022 05:00,0.293103
01/11/2022 06:00,0.293103
01/11/2022 07:00,0.293103
01/11/2022 08:00,0.293103
01/11/2022 09:00,0.275862
01/11/2022 10:00,0.293103
01/11/2022 11:00,0.327586
01/11/2022 12:00,0.413793
01/11/2022 13:00,0.637931
01/11/2022 14:00,0.586207
01/11/2022 15:00,0.362069
01/11/2022 16:00,0.241379
01/11/2022 17:00,0.12069
01/11/2022 18:00,0.086207
01/11/2022 19:00,-0.034483
01/11/2022 20:00,-0.12069
01/11/2022 21:00,-0.034483
01/11/2022 22:00,0.068966
01/11/2022 23:00,0.258621
01/12/2022 00:00,0.327586
01/12/2022 01:00,0.344828
01/12/2022 02:00,0.362069
01/12/2022 03:00,0.344828
01/12/2022 04:00,0.310345
01/12/2022 05:00,0.327586
01/12/2022 06:00,0.310345
01/12/2022 07:00,0.310345
01/12/2022 08:00,0.310345
01/12/2022 09:00,0.293103
01/12/2022 10:00,0.310345
01/12/2022 11:00,0.344828
01/12/2022 12:00,0.431034
01/12/2022 13:00,0.465517
01/12/2022 14:00,0.413793
01/12/2022 15:00,0.37931
01/12/2022 16:00,0.206897
01/12/2022 17:00,0.0
01/12/2022 18:00,0.12069
01/12/2022 19:00,0.103448
01/12/2022 20:00,0.103448
01/12/2022 21:00,0.224138
01/12/2022 22:00,0.224138
01/12/2022 23:00,0.275862
01/13/2022 00:00,0.293103
01/13/2022 01:00,0.310345
01/13/2022 02:00,0.293103
01/13/2022 03:00,0.293103
01/13/2022 04:00,0.275862
01/13/2022 05:00,0.258621
01/13/2022 06:00,0.241379
01/13/2022 07:00,0.241379
01/13/2022 08:00,0.258621
01/13/2022 09:00,0.241379
01/13/2022 10:00,0.258621
01/13/2022 11:00,0.293103
01/13/2022 12:00,0.327586
01/13/2022 13:00,0.396552
01/13/2022 14:00,0.275862
01/13/2022 15:00,0.103448
01/13/2022 16:00,-0.034483
01/13/2022 17:00,-0.12069
01/13/2022 18:00,-0.172414
01/13/2022 19:00,-0.189655
01/13/2022 20:00,-0.155172
01/13/2022 21:00,-0.086207
01/13/2022 22:00,0.034483
01/13/2022 23:00,0.189655
01/14/2022 00:00,0.258621
01/14/2022 01:00,0.275862
01/14/2022 02:00,0.275862
01/14/2022 03:00,0.275862
01/14/2022 04:00,0.241379
01/14/2022 05:00,0.224138
01/14/2022 06:00,0.224138
01/14/2022 07:00,0.224138
01/14/2022 08:00,0.224138
01/14/2022 09:00,0.224138
01/14/2022 10:00,0.241379
01/14/2022 11:00,0.275862
01/14/2022 12:00,0.327586
01/14/2022 13:00,0.37931
01/14/2022 14:00,0.275862
01/14/2022 15:00,0.068966
01/14/2022 16:00,-0.051724
01/14/2022 17:00,-0.155172
01/14/2022 18:00,-0.224138
01/14/2022 19:00,-0.241379
01/14/2022 20:00,-0.224138
01/14/2022 21:00,-0.12069
01/14/2022 22:00,0.034483
01/14/2022 23:00,0.155172
01/15/2022 00:00,0.206897
01/15/2022 01:00,0.241379
01/15/2022 02:00,0.224138
01/15/2022 03:00,0.224138
01/15/2022 04:00,0.206897
01/15/2022 05:00,0.206897
01/15/2022 06:00,0.206897
01/15/2022 07:00,0.189655
01/15/2022 08:00,0.206897
01/15/2022 09:00,0.206897
01/15/2022 10:00,0.206897
01/15/2022 11:00,0.224138
01/15/2022 12:00,0.241379
01/15/2022 13:00,0.241379
01/15/2022 14:00,0.155172
01/15/2022 15:00,-0.034483
01/15/2022 16:00,-0.12069
01/15/2022 17:00,-0.189655
01/15/2022 18:00,-0.103448
01/15/2022 19:00,-0.086207
01/15/2022 20:00,0.017241
01/15/2022 21:00,0.051724
01/15/2022 22:00,0.103448
01/15/2022 23:00,0.172414
01/16/2022 00:00,0.206897
01/16/2022 01:00,0.206897
01/16/2022 02:00,0.206897
01/16/2022 03:00,0.189655
01/16/2022 04:00,0.189655
01/16/2022 05:00,0.189655
01/16/2022 06:00,0.172414
01/16/2022 07:00,0.172414
01/16/2022 08:00,0.172414
01/16/2022 09:00,0.172414
01/16/2022 10:00,0.172414
01/16/2022 11:00,0.172414
01/16/2022 12:00,0.189655
01/16/2022 13:00,0.224138
01/16/2022 14:00,0.155172
01/16/2022 15:00,0.0
01/16/2022 16:00,0.068966
01/16/2022 17:00,0.189655
01/16/2022 18:00,0.189655
01/16/2022 19:00,0.103448
01/16/2022 20:00,0.155172
01/16/2022 21:00,0.224138
01/16/2022 22:00,0.293103
01/16/2022 23:00,0.327586
01/17/2022 00:00,0.344828
01/17/2022 01:00,0.362069
01/17/2022 02:00,0.344828
01/17/2022 03:00,0.327586
01/17/2022 04:00,0.310345
01/17/2022 05:00,0.293103
01/17/2022 06:00,0.293103
01/17/2022 07:00,0.258621
01/17/2022 08:00,0.275862
01/17/2022 09:00,0.275862
01/17/2022 10:00,0.275862
01/17/2022 11:00,0.327586
01/17/2022 12:00,0.37931
01/17/2022 13:00,0.413793
01/17/2022 14:00,0.327586
01/17/2022 15:00,0.12069
01/17/2022 16:00,-0.034483
01/17/2022 17:00,-0.12069
01/17/2022 18:00,-0.172414
01/17/2022 19:00,-0.051724
01/17/2022 20:00,-0.068966
01/17/2022 21:00,-0.086207
01/17/2022 22:00,0.034483
01/17/2022 23:00,0.224138
01/18/2022 00:00,0.327586
01/18/2022 01:00,0.344828
01/18/2022 02:00,0.362069
01/18/2022 03:00,0.362069
01/18/2022 04:00,0.344828
01/18/2022 05:00,0.344828
01/18/2022 06:00,0.344828
01/18/2022 07:00,0.362069
01/18/2022 08:00,0.362069
01/18/2022 09:00,0.344828
01/18/2022 10:00,0.362069
01/18/2022 11:00,0.431034
01/18/2022 12:00,0.482759
01/18/2022 13:00,0.534483
01/18/2022 14:00,0.431034
01/18/2022 15:00,0.189655
01/18/2022 16:00,0.017241
01/18/2022 17:00,-0.103448
01/18/2022 18:00,-0.155172
01/18/2022 19:00,-0.137931
01/18/2022 20:00,-0.155172
01/18/2022 21:00,-0.051724
01/18/2022 22:00,0.017241
01/18/2022 23:00,0.189655
01/19/2022 00:00,0.275862
01/19/2022 01:00,0.293103
01/19/2022 02:00,0.310345
01/19/2022 03:00,0.293103
01/19/2022 04:00,0.293103
01/19/2022 05:00,0.293103
01/19/2022 06:00,0.275862
01/19/2022 07:00,0.293103
01/19/2022 08:00,0.310345
01/19/2022 09:00,0.293103
01/19/2022 10:00,0.310345
01/19/2022 11:00,0.344828
01/19/2022 12:00,0.413793
01/19/2022 13:00,0.637931
01/19/2022 14:00,0.586207
01/19/2022 15:00,0.413793
01/19/2022 16:00,0.224138
01/19/2022 17:00,0.103448
01/19/2022 18:00,0.068966
01/19/2022 19:00,0.034483
01/19/2022 20:00,0.068966
01/19/2022 21:00,0.155172
01/19/2022 22:00,0.258621
01/19/2022 23:00,0.155172
01/20/2022 00:00,0.241379
01/20/2022 01:00,0.258621
01/20/2022 02:00,0.241379
01/20/2022 03:00,0.241379
01/20/2022 04:00,0.224138
01/20/2022 05:00,0.224138
01/20/2022 06:00,0.206897
01/20/2022 07:00,0.189655
01/20/2022 08:00,0.189655
01/20/2022 09:00,0.189655
01/20/2022 10:00,0.189655
01/20/2022 11:00,0.241379
01/20/2022 12:00,0.310345
01/20/2022 13:00,0.517241
01/20/2022 14:00,0.534483
01/20/2022 15:00,0.534483
01/20/2022 16:00,0.5
01/20/2022 17:00,0.551724
01/20/2022 18:00,0.551724
01/20/2022 19:00,0.551724
01/20/2022 20:00,0.5
01/20/2022 21:00,0.534483
01/20/2022 22:00,0.534483
01/20/2022 23:00,0.310345
01/21/2022 00:00,0.275862
01/21/2022 01:00,0.275862
01/21/2022 02:00,0.258621
01/21/2022 03:00,0.258621
01/21/2022 04:00,0.258621
01/21/2022 05:00,0.258621
01/21/2022 06:00,0.241379
01/21/2022 07:00,0.241379
01/21/2022 08:00,0.241379
01/21/2022 09:00,0.224138
01/21/2022 10:00,0.241379
01/21/2022 11:00,0.275862
01/21/2022 12:00,0.362069
01/21/2022 13:00,0.396552
01/21/2022 14:00,0.534483
01/21/2022 15:00,0.603448
01/21/2022 16:00,0.551724
01/21/2022 17:00,0.568966
01/21/2022 18:00,0.551724
01/21/2022 19:00,0.5
01/21/2022 20:00,0.310345
01/21/2022 21:00,0.293103
01/21/2022 22:00,0.310345
01/21/2022 23:00,0.327586
01/22/2022 00:00,0.327586
01/22/2022 01:00,0.327586
01/22/2022 02:00,0.327586
01/22/2022 03:00,0.310345
01/22/2022 04:00,0.293103
01/22/2022 05:00,0.293103
01/22/2022 06:00,0.275862
01/22/2022 07:00,0.275862
01/22/2022 08:00,0.275862
01/22/2022 09:00,0.293103
01/22/2022 10:00,0.293103
01/22/2022 11:00,0.327586
01/22/2022 12:00,0.362069
01/22/2022 13:00,0.413793
01/22/2022 14:00,0.413793
01/22/2022 15:00,0.396552
01/22/2022 16:00,0.344828
01/22/2022 17:00,0.293103
01/22/2022 18:00,0.224138
01/22/2022 19:00,0.206897
01/22/2022 20:00,0.189655
01/22/2022 21:00,0.189655
01/22/2022 22:00,0.224138
01/22/2022 23:00,0.258621
01/23/2022 00:00,0.310345
01/23/2022 01:00,0.327586
01/23/2022 02:00,0.310345
01/23/2022 03:00,0.310345
01/23/2022 04:00,0.310345
01/23/2022 05:00,0.293103
01/23/2022 06:00,0.310345
01/23/2022 07:00,0.344828
01/23/2022 08:00,0.344828
01/23/2022 09:00,0.362069
01/23/2022 10:00,0.37931
01/23/2022 11:00,0.396552
01/23/2022 12:00,0.413793
01/23/2022 13:00,0.465517
01/23/2022 14:00,0.344828
01/23/2022 15:00,0.103448
01/23/2022 16:00,-0.086207
01/23/2022 17:00,-0.172414
01/23/2022 18:00,-0.224138
01/23/2022 19:00,-0.258621
01/23/2022 20:00,-0.241379
01/23/2022 21:00,-0.137931
01/23/2022 22:00,-0.017241
01/23/2022 23:00,0.189655
01/24/2022 00:00,0.327586
01/24/2022 01:00,0.344828
01/24/2022 02:00,0.344828
01/24/2022 03:00,0.344828
01/24/2022 04:00,0.362069
01/24/2022 05:00,0.344828
01/24/2022 06:00,0.344828
01/24/2022 07:00,0.327586
01/24/2022 08:00,0.327586
01/24/2022 09:00,0.344828
01/24/2022 10:00,0.362069
01/24/2022 11:00,0.413793
01/24/2022 12:00,0.482759
01/24/2022 13:00,0.534483
01/24/2022 14:00,0.413793
01/24/2022 15:00,0.172414
01/24/2022 16:00,0.0
01/24/2022 17:00,-0.086207
01/24/2022 18:00,-0.172414
01/24/2022 19:00,-0.12069
01/24/2022 20:00,-0.051724
01/24/2022 21:00,-0.034483
01/24/2022 22:00,0.103448
01/24/2022 23:00,0.206897
01/25/2022 00:00,0.258621
01/25/2022 01:00,0.275862
01/25/2022 02:00,0.293103
01/25/2022 03:00,0.293103
01/25/2022 04:00,0.275862
01/25/2022 05:00,0.241379
01/25/2022 06:00,0.241379
01/25/2022 07:00,0.241379
01/25/2022 08:00,0.241379
01/25/2022 09:00,0.206897
01/25/2022 10:00,0.224138
01/25/2022 11:00,0.258621
01/25/2022 12:00,0.310345
01/25/2022 13:00,0.344828
01/25/2022 14:00,0.344828
01/25/2022 15:00,0.293103
01/25/2022 16:00,0.310345
01/25/2022 17:00,0.293103
01/25/2022 18:00,0.258621
01/25/2022 19:00,0.258621
01/25/2022 20:00,0.275862
01/25/2022 21:00,0.310345
01/25/2022 22:00,0.310345
01/25/2022 23:00,0.293103
01/26/2022 00:00,0.327586
01/26/2022 01:00,0.310345
01/26/2022 02:00,0.310345
01/26/2022 03:00,0.293103
01/26/2022 04:00,0.275862
01/26/2022 05:00,0.258621
01/26/2022 06:00,0.241379
01/26/2022 07:00,0.241379
01/26/2022 08:00,0.224138
01/26/2022 09:00,0.206897
01/26/2022 10:00,0.224138
01/26/2022 11:00,0.258621
01/26/2022 12:00,0.327586
01/26/2022 13:00,0.37931
01/26/2022 14:00,0.362069
01/26/2022 15:00,0.206897
01/26/2022 16:00,0.103448
01/26/2022 17:00,0.068966
01/26/2022 18:00,-0.189655
01/26/2022 19:00,-0.155172
01/26/2022 20:00,-0.103448
01/26/2022 21:00,0.034483
01/26/2022 22:00,0.068966
01/26/2022 23:00,0.155172
01/27/2022 00:00,0.258621
01/27/2022 01:00,0.275862
01/27/2022 02:00,0.275862
01/27/2022 03:00,0.275862
01/27/2022 04:00,0.275862
01/27/2022 05:00,0.258621
01/27/2022 06:00,0.241379
01/27/2022 07:00,0.241379
01/27/2022 08:00,0.258621
01/27/2022 09:00,0.241379
01/27/2022 10:00,0.275862
01/27/2022 11:00,0.310345
01/27/2022 12:00,0.362069
01/27/2022 13:00,0.413793
01/27/2022 14:00,0.37931
01/27/2022 15:00,0.327586
01/27/2022 16:00,0.086207
01/27/2022 17:00,-0.137931
01/27/2022 18:00,-0.206897
01/27/2022 19:00,-0.034483
01/27/2022 20:00,0.017241
01/27/2022 21:00,0.12069
01/27/2022 22:00,-0.017241
01/27/2022 23:00,0.137931
01/28/2022 00:00,0.258621
01/28/2022 01:00,0.258621
01/28/2022 02:00,0.275862
01/28/2022 03:00,0.258621
01/28/2022 04:00,0.258621
01/28/2022 05:00,0.241379
01/28/2022 06:00,0.224138
01/28/2022 07:00,0.224138
01/28/2022 08:00,0.224138
01/28/2022 09:00,0.224138
01/28/2022 10:00,0.241379
01/28/2022 11:00,0.275862
01/28/2022 12:00,0.327586
01/28/2022 13:00,0.396552
01/28/2022 14:00,0.362069
01/28/2022 15:00,0.293103
01/28/2022 16:00,0.224138
01/28/2022 17:00,0.0
01/28/2022 18:00,0.068966
01/28/2022 19:00,0.086207
01/28/2022 20:00,0.172414
01/28/2022 21:00,0.189655
01/28/2022 22:00,0.189655
01/28/2022 23:00,0.189655
01/29/2022 00:00,0.293103
01/29/2022 01:00,0.310345
01/29/2022 02:00,0.327586
01/29/2022 03:00,0.327586
01/29/2022 04:00,0.327586
01/29/2022 05:00,0.310345
01/29/2022 06:00,0.310345
01/29/2022 07:00,0.310345
01/29/2022 08:00,0.327586
01/29/2022 09:00,0.327586
01/29/2022 10:00,0.362069
01/29/2022 11:00,0.37931
01/29/2022 12:00,0.413793
01/29/2022 13:00,0.431034
01/29/2022 14:00,0.310345
01/29/2022 15:00,0.103448
01/29/2022 16:00,-0.017241
01/29/2022 17:00,-0.137931
01/29/2022 18:00,-0.189655
01/29/2022 19:00,-0.206897
01/29/2022 20:00,-0.189655
01/29/2022 21:00,-0.12069
01/29/2022 22:00,0.017241
01/29/2022 23:00,0.206897
01/30/2022 00:00,0.344828
01/30/2022 01:00,0.37931
01/30/2022 02:00,0.37931
01/30/2022 03:00,0.37931
01/30/2022 04:00,0.37931
01/30/2022 05:00,0.37931
01/30/2022 06:00,0.37931
01/30/2022 07:00,0.37931
01/30/2022 08:00,0.396552
01/30/2022 09:00,0.396552
01/30/2022 10:00,0.413793
01/30/2022 11:00,0.431034
01/30/2022 12:00,0.448276
01/30/2022 13:00,0.465517
01/30/2022 14:00,0.327586
01/30/2022 15:00,0.103448
01/30/2022 16:00,-0.051724
01/30/2022 17:00,-0.172414
01/30/2022 18:00,-0.241379
01/30/2022 19:00,-0.258621
01/30/2022 20:00,-0.224138
01/30/2022 21:00,-0.137931
01/30/2022 22:00,-0.017241
01/30/2022 23:00,0.155172
01/31/2022 00:00,0.275862
01/31/2022 01:00,0.310345
01/31/2022 02:00,0.310345
01/31/2022 03:00,0.293103
01/31/2022 04:00,0.293103
01/31/2022 05:00,0.275862
01/31/2022 06:00,0.275862
01/31/2022 07:00,0.258621
01/31/2022 08:00,0.258621
01/31/2022 09:00,0.258621
01/31/2022 10:00,0.293103
01/31/2022 11:00,0.344828
01/31/2022 12:00,0.396552
01/31/2022 13:00,0.448276
01/31/2022 14:00,0.327586
01/31/2022 15:00,0.103448
01/31/2022 16:00,-0.034483
01/31/2022 17:00,-0.137931
01/31/2022 18:00,-0.189655
01/31/2022 19:00,-0.155172
01/31/2022 20:00,-0.068966
01/31/2022 21:00,-0.086207
01/31/2022 22:00,-0.034483
01/31/2022 23:00,0.137931
02/01/2022 00:00,0.224138
02/01/2022 01:00,0.258621
02/01/2022 02:00,0.258621
02/01/2022 03:00,0.258621
02/01/2022 04:00,0.241379
02/01/2022 05:00,0.241379
02/01/2022 06:00,0.224138
02/01/2022 07:00,0.224138
02/01/2022 08:00,0.241379
02/01/2022 09:00,0.224138
02/01/2022 10:00,0.241379
02/01/2022 11:00,0.310345
02/01/2022 12:00,0.37931
02/01/2022 13:00,0.448276
02/01/2022 14:00,0.293103
02/01/2022 15:00,0.086207
02/01/2022 16:00,-0.068966
02/01/2022 17:00,-0.155172
02/01/2022 18:00,-0.224138
02/01/2022 19:00,-0.224138
02/01/2022 20:00,-0.206897
02/01/2022 21:00,-0.086207
02/01/2022 22:00,0.017241
02/01/2022 23:00,0.137931
02/02/2022 00:00,0.224138
02/02/2022 01:00,0.258621
02/02/2022 02:00,0.275862
02/02/2022 03:00,0.258621
02/02/2022 04:00,0.241379
02/02/2022 05:00,0.241379
02/02/2022 06:00,0.224138
02/02/2022 07:00,0.206897
02/02/2022 08:00,0.206897
02/02/2022 09:00,0.206897
02/02/2022 10:00,0.224138
02/02/2022 11:00,0.258621
02/02/2022 12:00,0.310345
02/02/2022 13:00,0.327586
02/02/2022 14:00,0.258621
02/02/2022 15:00,0.155172
02/02/2022 16:00,0.0
02/02/2022 17:00,-0.068966
02/02/2022 18:00,-0.051724
02/02/2022 19:00,-0.137931
02/02/2022 20:00,-0.172414
02/02/2022 21:00,-0.017241
02/02/2022 22:00,0.068966
02/02/2022 23:00,0.137931
02/03/2022 00:00,0.206897
02/03/2022 01:00,0.224138
02/03/2022 02:00,0.224138
02/03/2022 03:00,0.206897
02/03/2022 04:00,0.189655
02/03/2022 05:00,0.172414
02/03/2022 06:00,0.172414
02/03/2022 07:00,0.155172
02/03/2022 08:00,0.155172
02/03/2022 09:00,0.12069
02/03/2022 10:00,0.137931
02/03/2022 11:00,0.172414
02/03/2022 12:00,0.206897
02/03/2022 13:00,0.241379
02/03/2022 14:00,0.189655
02/03/2022 15:00,0.034483
02/03/2022 16:00,0.034483
02/03/2022 17:00,0.017241
02/03/2022 18:00,0.12069
02/03/2022 19:00,0.155172
02/03/2022 20:00,0.137931
02/03/2022 21:00,0.206897
02/03/2022 22:00,0.189655
02/03/2022 23:00,0.189655
02/04/2022 00:00,0.206897
02/04/2022 01:00,0.224138
02/04/2022 02:00,0.206897
02/04/2022 03:00,0.189655
02/04/2022 04:00,0.172414
02/04/2022 05:00,0.172414
02/04/2022 06:00,0.155172
02/04/2022 07:00,0.12069
02/04/2022 08:00,0.12069
02/04/2022 09:00,0.12069
02/04/2022 10:00,0.12069
02/04/2022 11:00,0.155172
02/04/2022 12:00,0.189655
02/04/2022 13:00,0.241379
02/04/2022 14:00,0.241379
02/04/2022 15:00,0.206897
02/04/2022 16:00,0.206897
02/04/2022 17:00,0.206897
02/04/2022 18:00,0.155172
02/04/2022 19:00,0.155172
02/04/2022 20:00,0.155172
02/04/2022 21:00,0.172414
02/04/2022 22:00,0.189655
02/04/2022 23:00,0.224138
02/05/2022 00:00,0.224138
02/05/2022 01:00,0.241379
02/05/2022 02:00,0.224138
02/05/2022 03:00,0.206897
02/05/2022 04:00,0.224138
02/05/2022 05:00,0.224138
02/05/2022 06:00,0.206897
02/05/2022 07:00,0.224138
02/05/2022 08:00,0.224138
02/05/2022 09:00,0.241379
02/05/2022 10:00,0.241379
02/05/2022 11:00,0.275862
02/05/2022 12:00,0.327586
02/05/2022 13:00,0.362069
02/05/2022 14:00,0.241379
02/05/2022 15:00,0.051724
02/05/2022 16:00,-0.086207
02/05/2022 17:00,-0.172414
02/05/2022 18:00,-0.155172
02/05/2022 19:00,-0.155172
02/05/2022 20:00,-0.086207
02/05/2022 21:00,-0.189655
02/05/2022 22:00,-0.051724
02/05/2022 23:00,0.12069
02/06/2022 00:00,0.258621
02/06/2022 01:00,0.275862
02/06/2022 02:00,0.275862
02/06/2022 03:00,0.275862
02/06/2022 04:00,0.275862
02/06/2022 05:00,0.275862
02/06/2022 06:00,0.258621
02/06/2022 07:00,0.275862
02/06/2022 08:00,0.275862
02/06/2022 09:00,0.275862
02/06/2022 10:00,0.275862
02/06/2022 11:00,0.275862
02/06/2022 12:00,0.293103
02/06/2022 13:00,0.327586
02/06/2022 14:00,0.206897
02/06/2022 15:00,0.0
02/06/2022 16:00,-0.137931
02/06/2022 17:00,-0.189655
02/06/2022 18:00,-0.310345
02/06/2022 19:00,-0.275862
02/06/2022 20:00,-0.068966
02/06/2022 21:00,0.0
02/06/2022 22:00,0.137931
02/06/2022 23:00,0.224138
02/07/2022 00:00,0.258621
02/07/2022 01:00,0.275862
02/07/2022 02:00,0.275862
02/07/2022 03:00,0.258621
02/07/2022 04:00,0.258621
02/07/2022 05:00,0.241379
02/07/2022 06:00,0.224138
02/07/2022 07:00,0.206897
02/07/2022 08:00,0.189655
02/07/2022 09:00,0.206897
02/07/2022 10:00,0.224138
02/07/2022 11:00,0.258621
02/07/2022 12:00,0.310345
02/07/2022 13:00,0.362069
02/07/2022 14:00,0.327586
02/07/2022 15:00,0.310345
02/07/2022 16:00,0.224138
02/07/2022 17:00,0.12069
02/07/2022 18:00,0.241379
02/07/2022 19:00,0.206897
02/07/2022 20:00,0.258621
02/07/2022 21:00,0.275862
02/07/2022 22:00,0.275862
02/07/2022 23:00,0.275862
02/08/2022 00:00,0.310345
02/08/2022 01:00,0.310345
02/08/2022 02:00,0.293103
02/08/2022 03:00,0.293103
02/08/2022 04:00,0.275862
02/08/2022 05:00,0.258621
02/08/2022 06:00,0.241379
02/08/2022 07:00,0.224138
02/08/2022 08:00,0.241379
02/08/2022 09:00,0.206897
02/08/2022 10:00,0.224138
02/08/2022 11:00,0.258621
02/08/2022 12:00,0.310345
02/08/2022 13:00,0.37931
02/08/2022 14:00,0.344828
02/08/2022 15:00,0.293103
02/08/2022 16:00,0.258621
02/08/2022 17:00,0.189655
02/08/2022 18:00,0.051724
02/08/2022 19:00,0.034483
02/08/2022 20:00,0.086207
02/08/2022 21:00,0.034483
02/08/2022 22:00,0.034483
02/08/2022 23:00,0.12069
02/09/2022 00:00,0.275862
02/09/2022 01:00,0.310345
02/09/2022 02:00,0.310345
02/09/2022 03:00,0.327586
02/09/2022 04:00,0.310345
02/09/2022 05:00,0.293103
02/09/2022 06:00,0.310345
02/09/2022 07:00,0.310345
02/09/2022 08:00,0.327586
02/09/2022 09:00,0.310345
02/09/2022 10:00,0.344828
02/09/2022 11:00,0.37931
02/09/2022 12:00,0.465517
02/09/2022 13:00,0.517241
02/09/2022 14:00,0.362069
02/09/2022 15:00,0.103448
02/09/2022 16:00,-0.051724
02/09/2022 17:00,-0.155172
02/09/2022 18:00,-0.241379
02/09/2022 19:00,-0.206897
02/09/2022 20:00,-0.206897
02/09/2022 21:00,-0.137931
02/09/2022 22:00,-0.051724
02/09/2022 23:00,0.103448
02/10/2022 00:00,0.224138
02/10/2022 01:00,0.258621
02/10/2022 02:00,0.258621
02/10/2022 03:00,0.293103
02/10/2022 04:00,0.293103
02/10/2022 05:00,0.293103
02/10/2022 06:00,0.275862
02/10/2022 07:00,0.293103
02/10/2022 08:00,0.293103
02/10/2022 09:00,0.275862
02/10/2022 10:00,0.310345
02/10/2022 11:00,0.344828
02/10/2022 12:00,0.413793
02/10/2022 13:00,0.465517
02/10/2022 14:00,0.327586
02/10/2022 15:00,0.103448
02/10/2022 16:00,-0.051724
02/10/2022 17:00,-0.172414
02/10/2022 18:00,-0.206897
02/10/2022 19:00,-0.241379
02/10/2022 20:00,-0.224138
02/10/2022 21:00,-0.137931
02/10/2022 22:00,-0.051724
02/10/2022 23:00,0.086207
02/11/2022 00:00,0.206897
02/11/2022 01:00,0.241379
02/11/2022 02:00,0.241379
02/11/2022 03:00,0.241379
02/11/2022 04:00,0.206897
02/11/2022 05:00,0.206897
02/11/2022 06:00,0.189655
02/11/2022 07:00,0.189655
02/11/2022 08:00,0.206897
02/11/2022 09:00,0.206897
02/11/2022 10:00,0.224138
02/11/2022 11:00,0.275862
02/11/2022 12:00,0.327586
02/11/2022 13:00,0.37931
02/11/2022 14:00,0.293103
02/11/2022 15:00,0.103448
02/11/2022 16:00,-0.086207
02/11/2022 17:00,-0.068966
02/11/2022 18:00,-0.189655
02/11/2022 19:00,-0.275862
02/11/2022 20:00,-0.241379
02/11/2022 21:00,-0.086207
02/11/2022 22:00,0.034483
02/11/2022 23:00,0.137931
02/12/2022 00:00,0.172414
02/12/2022 01:00,0.189655
02/12/2022 02:00,0.206897
02/12/2022 03:00,0.206897
02/12/2022 04:00,0.189655
02/12/2022 05:00,0.172414
02/12/2022 06:00,0.172414
02/12/2022 07:00,0.155172
02/12/2022 08:00,0.172414
02/12/2022 09:00,0.172414
02/12/2022 10:00,0.172414
02/12/2022 11:00,0.172414
02/12/2022 12:00,0.189655
02/12/2022 13:00,0.206897
02/12/2022 14:00,0.172414
02/12/2022 15:00,0.137931
02/12/2022 16:00,0.068966
02/12/2022 17:00,-0.034483
02/12/2022 18:00,-0.12069
02/12/2022 19:00,-0.068966
02/12/2022 20:00,-0.051724
02/12/2022 21:00,0.034483
02/12/2022 22:00,0.086207
02/12/2022 23:00,0.12069
02/13/2022 00:00,0.189655
02/13/2022 01:00,0.189655
02/13/2022 02:00,0.189655
02/13/2022 03:00,0.189655
02/13/2022 04:00,0.172414
02/13/2022 05:00,0.172414
02/13/2022 06:00,0.172414
02/13/2022 07:00,0.155172
02/13/2022 08:00,0.155172
02/13/2022 09:00,0.155172
02/13/2022 10:00,0.155172
02/13/2022 11:00,0.172414
02/13/2022 12:00,0.189655
02/13/2022 13:00,0.224138
02/13/2022 14:00,0.189655
02/13/2022 15:00,-0.034483
02/13/2022 16:00,-0.017241
02/13/2022 17:00,-0.224138
02/13/2022 18:00,-0.189655
02/13/2022 19:00,-0.241379
02/13/2022 20:00,-0.310345
02/13/2022 21:00,-0.224138
02/13/2022 22:00,-0.086207
02/13/2022 23:00,0.086207
02/14/2022 00:00,0.258621
02/14/2022 01:00,0.293103
02/14/2022 02:00,0.275862
02/14/2022 03:00,0.293103
02/14/2022 04:00,0.293103
02/14/2022 05:00,0.293103
02/14/2022 06:00,0.275862
02/14/2022 07:00,0.241379
02/14/2022 08:00,0.258621
02/14/2022 09:00,0.258621
02/14/2022 10:00,0.293103
02/14/2022 11:00,0.327586
02/14/2022 12:00,0.413793
02/14/2022 13:00,0.482759
02/14/2022 14:00,0.310345
02/14/2022 15:00,0.086207
02/14/2022 16:00,-0.051724
02/14/2022 17:00,-0.155172
02/14/2022 18:00,-0.224138
02/14/2022 19:00,-0.224138
02/14/2022 20:00,-0.189655
02/14/2022 21:00,-0.12069
02/14/2022 22:00,-0.017241
02/14/2022 23:00,0.137931
02/15/2022 00:00,0.241379
02/15/2022 01:00,0.275862
02/15/2022 02:00,0.275862
02/15/2022 03:00,0.293103
02/15/2022 04:00,0.275862
02/15/2022 05:00,0.275862
02/15/2022 06:00,0.258621
02/15/2022 07:00,0.258621
02/15/2022 08:00,0.275862
02/15/2022 09:00,0.275862
02/15/2022 10:00,0.275862
02/15/2022 11:00,0.344828
02/15/2022 12:00,0.396552
02/15/2022 13:00,0.448276
02/15/2022 14:00,0.344828
02/15/2022 15:00,0.086207
02/15/2022 16:00,-0.068966
02/15/2022 17:00,-0.172414
02/15/2022 18:00,-0.224138
02/15/2022 19:00,-0.241379
02/15/2022 20:00,-0.189655
02/15/2022 21:00,-0.12069
02/15/2022 22:00,-0.017241
02/15/2022 23:00,0.103448
02/16/2022 00:00,0.224138
02/16/2022 01:00,0.241379
02/16/2022 02:00,0.241379
02/16/2022 03:00,0.224138
02/16/2022 04:00,0.224138
02/16/2022 05:00,0.224138
02/16/2022 06:00,0.206897
02/16/2022 07:00,0.206897
02/16/2022 08:00,0.206897
02/16/2022 09:00,0.189655
02/16/2022 10:00,0.189655
02/16/2022 11:00,0.241379
02/16/2022 12:00,0.293103
02/16/2022 13:00,0.327586
02/16/2022 14:00,0.172414
02/16/2022 15:00,0.0
02/16/2022 16:00,-0.12069
02/16/2022 17:00,-0.206897
02/16/2022 18:00,-0.258621
02/16/2022 19:00,-0.086207
02/16/2022 20:00,-0.189655
02/16/2022 21:00,-0.051724
02/16/2022 22:00,-0.051724
02/16/2022 23:00,0.103448
02/17/2022 00:00,0.189655
02/17/2022 01:00,0.206897
02/17/2022 02:00,0.206897
02/17/2022 03:00,0.206897
02/17/2022 04:00,0.206897
02/17/2022 05:00,0.172414
02/17/2022 06:00,0.155172
02/17/2022 07:00,0.155172
02/17/2022 08:00,0.155172
02/17/2022 09:00,0.137931
02/17/2022 10:00,0.137931
02/17/2022 11:00,0.172414
02/17/2022 12:00,0.224138
02/17/2022 13:00,0.258621
02/17/2022 14:00,0.224138
02/17/2022 15:00,0.189655
02/17/2022 16:00,0.086207
02/17/2022 17:00,0.155172
02/17/2022 18:00,0.051724
02/17/2022 19:00,-0.017241
02/17/2022 20:00,-0.068966
02/17/2022 21:00,0.034483
02/17/2022 22:00,0.12069
02/17/2022 23:00,0.189655
02/18/2022 00:00,0.206897
02/18/2022 01:00,0.224138
02/18/2022 02:00,0.206897
02/18/2022 03:00,0.206897
02/18/2022 04:00,0.189655
02/18/2022 05:00,0.172414
02/18/2022 06:00,0.155172
02/18/2022 07:00,0.12069
02/18/2022 08:00,0.12069
02/18/2022 09:00,0.12069
02/18/2022 10:00,0.137931
02/18/2022 11:00,0.155172
02/18/2022 12:00,0.206897
02/18/2022 13:00,0.258621
02/18/2022 14:00,0.241379
02/18/2022 15:00,0.189655
02/18/2022 16:00,0.0
02/18/2022 17:00,-0.155172
02/18/2022 18:00,-0.258621
02/18/2022 19:00,-0.241379
02/18/2022 20:00,-0.275862
02/18/2022 21:00,-0.206897
02/18/2022 22:00,-0.086207
02/18/2022 23:00,0.051724
02/19/2022 00:00,0.206897
02/19/2022 01:00,0.206897
02/19/2022 02:00,0.206897
02/19/2022 03:00,0.206897
02/19/2022 04:00,0.189655
02/19/2022 05:00,0.189655
02/19/2022 06:00,0.189655
02/19/2022 07:00,0.172414
02/19/2022 08:00,0.189655
02/19/2022 09:00,0.189655
02/19/2022 10:00,0.206897
02/19/2022 11:00,0.241379
02/19/2022 12:00,0.275862
02/19/2022 13:00,0.275862
02/19/2022 14:00,0.172414
02/19/2022 15:00,-0.017241
02/19/2022 16:00,-0.155172
02/19/2022 17:00,-0.275862
02/19/2022 18:00,-0.344828
02/19/2022 19:00,-0.344828
02/19/2022 20:00,-0.327586
02/19/2022 21:00,-0.258621
02/19/2022 22:00,-0.12069
02/19/2022 23:00,0.034483
02/20/2022 00:00,0.189655
02/20/2022 01:00,0.206897
02/20/2022 02:00,0.206897
02/20/2022 03:00,0.206897
02/20/2022 04:00,0.206897
02/20/2022 05:00,0.206897
02/20/2022 06:00,0.189655
02/20/2022 07:00,0.189655
02/20/2022 08:00,0.189655
02/20/2022 09:00,0.206897
02/20/2022 10:00,0.224138
02/20/2022 11:00,0.224138
02/20/2022 12:00,0.241379
02/20/2022 13:00,0.241379
02/20/2022 14:00,0.086207
02/20/2022 15:00,-0.068966
02/20/2022 16:00,-0.224138
02/20/2022 17:00,-0.310345
02/20/2022 18:00,-0.344828
02/20/2022 19:00,-0.362069
02/20/2022 20:00,-0.310345
02/20/2022 21:00,-0.206897
02/20/2022 22:00,-0.086207
02/20/2022 23:00,0.086207
02/21/2022 00:00,0.189655
02/21/2022 01:00,0.224138
02/21/2022 02:00,0.241379
02/21/2022 03:00,0.224138
02/21/2022 04:00,0.206897
02/21/2022 05:00,0.206897
02/21/2022 06:00,0.172414
02/21/2022 07:00,0.172414
02/21/2022 08:00,0.172414
02/21/2022 09:00,0.172414
02/21/2022 10:00,0.189655
02/21/2022 11:00,0.206897
02/21/2022 12:00,0.258621
02/21/2022 13:00,0.293103
02/21/2022 14:00,0.258621
02/21/2022 15:00,0.051724
02/21/2022 16:00,0.103448
02/21/2022 17:00,0.137931
02/21/2022 18:00,0.12069
02/21/2022 19:00,0.172414
02/21/2022 20:00,0.155172
02/21/2022 21:00,0.206897
02/21/2022 22:00,0.172414
02/21/2022 23:00,0.189655
02/22/2022 00:00,0.189655
02/22/2022 01:00,0.206897
02/22/2022 02:00,0.206897
02/22/2022 03:00,0.189655
02/22/2022 04:00,0.189655
02/22/2022 05:00,0.172414
02/22/2022 06:00,0.137931
02/22/2022 07:00,0.137931
02/22/2022 08:00,0.137931
02/22/2022 09:00,0.12069
02/22/2022 10:00,0.137931
02/22/2022 11:00,0.172414
02/22/2022 12:00,0.224138
02/22/2022 13:00,0.241379
02/22/2022 14:00,0.12069
02/22/2022 15:00,-0.034483
02/22/2022 16:00,-0.137931
02/22/2022 17:00,-0.206897
02/22/2022 18:00,-0.241379
02/22/2022 19:00,-0.189655
02/22/2022 20:00,-0.103448
02/22/2022 21:00,-0.017241
02/22/2022 22:00,0.034483
02/22/2022 23:00,0.155172
02/23/2022 00:00,0.206897
02/23/2022 01:00,0.224138
02/23/2022 02:00,0.224138
02/23/2022 03:00,0.206897
02/23/2022 04:00,0.189655
02/23/2022 05:00,0.172414
02/23/2022 06:00,0.155172
02/23/2022 07:00,0.137931
02/23/2022 08:00,0.137931
02/23/2022 09:00,0.12069
02/23/2022 10:00,0.12069
02/23/2022 11:00,0.155172
02/23/2022 12:00,0.206897
02/23/2022 13:00,0.241379
02/23/2022 14:00,0.224138
02/23/2022 15:00,0.12069
02/23/2022 16:00,0.051724
02/23/2022 17:00,-0.086207
02/23/2022 18:00,-0.206897
02/23/2022 19:00,-0.172414
02/23/2022 20:00,-0.137931
02/23/2022 21:00,-0.068966
02/23/2022 22:00,0.017241
02/23/2022 23:00,0.12069
02/24/2022 00:00,0.224138
02/24/2022 01:00,0.241379
02/24/2022 02:00,0.224138
02/24/2022 03:00,0.206897
02/24/2022 04:00,0.189655
02/24/2022 05:00,0.172414
02/24/2022 06:00,0.155172
02/24/2022 07:00,0.155172
02/24/2022 08:00,0.137931
02/24/2022 09:00,0.103448
02/24/2022 10:00,0.103448
02/24/2022 11:00,0.137931
02/24/2022 12:00,0.189655
02/24/2022 13:00,0.206897
02/24/2022 14:00,0.137931
02/24/2022 15:00,-0.017241
02/24/2022 16:00,-0.12069
02/24/2022 17:00,-0.189655
02/24/2022 18:00,-0.172414
02/24/2022 19:00,-0.12069
02/24/2022 20:00,0.068966
02/24/2022 21:00,0.0
02/24/2022 22:00,0.103448
02/24/2022 23:00,0.12069
02/25/2022 00:00,0.206897
02/25/2022 01:00,0.224138
02/25/2022 02:00,0.206897
02/25/2022 03:00,0.206897
02/25/2022 04:00,0.172414
02/25/2022 05:00,0.155172
02/25/2022 06:00,0.137931
02/25/2022 07:00,0.12069
02/25/2022 08:00,0.12069
02/25/2022 09:00,0.12069
02/25/2022 10:00,0.12069
02/25/2022 11:00,0.137931
02/25/2022 12:00,0.189655
02/25/2022 13:00,0.206897
02/25/2022 14:00,0.189655
02/25/2022 15:00,0.172414
02/25/2022 16:00,0.051724
02/25/2022 17:00,-0.034483
02/25/2022 18:00,-0.155172
02/25/2022 19:00,-0.155172
02/25/2022 20:00,-0.103448
02/25/2022 21:00,-0.017241
02/25/2022 22:00,0.034483
02/25/2022 23:00,0.12069
02/26/2022 00:00,0.172414
02/26/2022 01:00,0.189655
02/26/2022 02:00,0.172414
02/26/2022 03:00,0.172414
02/26/2022 04:00,0.155172
02/26/2022 05:00,0.155172
02/26/2022 06:00,0.12069
02/26/2022 07:00,0.12069
02/26/2022 08:00,0.12069
02/26/2022 09:00,0.103448
02/26/2022 10:00,0.103448
02/26/2022 11:00,0.12069
02/26/2022 12:00,0.12069
02/26/2022 13:00,0.103448
02/26/2022 14:00,0.0
02/26/2022 15:00,-0.137931
02/26/2022 16:00,-0.258621
02/26/2022 17:00,-0.327586
02/26/2022 18:00,-0.344828
02/26/2022 19:00,-0.344828
02/26/2022 20:00,-0.310345
02/26/2022 21:00,-0.206897
02/26/2022 22:00,-0.103448
02/26/2022 23:00,0.068966
02/27/2022 00:00,0.172414
02/27/2022 01:00,0.172414
02/27/2022 02:00,0.172414
02/27/2022 03:00,0.155172
02/27/2022 04:00,0.155172
02/27/2022 05:00,0.137931
02/27/2022 06:00,0.12069
02/27/2022 07:00,0.12069
02/27/2022 08:00,0.103448
02/27/2022 09:00,0.103448
02/27/2022 10:00,0.103448
02/27/2022 11:00,0.12069
02/27/2022 12:00,0.12069
02/27/2022 13:00,0.12069
02/27/2022 14:00,0.068966
02/27/2022 15:00,-0.103448
02/27/2022 16:00,-0.241379
02/27/2022 17:00,-0.310345
02/27/2022 18:00,-0.327586
02/27/2022 19:00,-0.224138
02/27/2022 20:00,-0.189655
02/27/2022 21:00,0.051724
02/27/2022 22:00,0.086207
02/27/2022 23:00,0.137931
02/28/2022 00:00,0.189655
02/28/2022 01:00,0.206897
02/28/2022 02:00,0.206897
02/28/2022 03:00,0.189655
02/28/2022 04:00,0.172414
02/28/2022 05:00,0.155172
02/28/2022 06:00,0.155172
02/28/2022 07:00,0.12069
02/28/2022 08:00,0.12069
02/28/2022 09:00,0.12069
02/28/2022 10:00,0.12069
02/28/2022 11:00,0.155172
02/28/2022 12:00,0.206897
02/28/2022 13:00,0.241379
02/28/2022 14:00,0.241379
02/28/2022 15:00,0.189655
02/28/2022 16:00,0.189655
02/28/2022 17:00,0.189655
02/28/2022 18:00,0.206897
02/28/2022 19:00,0.172414
02/28/2022 20:00,0.189655
02/28/2022 21:00,0.155172
02/28/2022 22:00,0.12069
02/28/2022 23:00,0.12069
03/01/2022 00:00,0.189655
03/01/2022 01:00,0.258621
03/01/2022 02:00,0.241379
03/01/2022 03:00,0.241379
03/01/2022 04:00,0.206897
03/01/2022 05:00,0.206897
03/01/2022 06:00,0.189655
03/01/2022 07:00,0.189655
03/01/2022 08:00,0.189655
03/01/2022 09:00,0.155172
03/01/2022 10:00,0.172414
03/01/2022 11:00,0.206897
03/01/2022 12:00,0.275862
03/01/2022 13:00,0.293103
03/01/2022 14:00,0.155172
03/01/2022 15:00,0.034483
03/01/2022 16:00,-0.12069
03/01/2022 17:00,-0.137931
03/01/2022 18:00,-0.258621
03/01/2022 19:00,-0.206897
03/01/2022 20:00,-0.241379
03/01/2022 21:00,-0.155172
03/01/2022 22:00,-0.051724
03/01/2022 23:00,0.051724
03/02/2022 00:00,0.172414
03/02/2022 01:00,0.206897
03/02/2022 02:00,0.206897
03/02/2022 03:00,0.189655
03/02/2022 04:00,0.189655
03/02/2022 05:00,0.172414
03/02/2022 06:00,0.155172
03/02/2022 07:00,0.155172
03/02/2022 08:00,0.155172
03/02/2022 09:00,0.137931
03/02/2022 10:00,0.155172
03/02/2022 11:00,0.206897
03/02/2022 12:00,0.258621
03/02/2022 13:00,0.293103
03/02/2022 14:00,0.12069
03/02/2022 15:00,-0.034483
03/02/2022 16:00,-0.155172
03/02/2022 17:00,-0.241379
03/02/2022 18:00,-0.293103
03/02/2022 19:00,-0.258621
03/02/2022 20:00,-0.224138
03/02/2022 21:00,-0.137931
03/02/2022 22:00,-0.051724
03/02/2022 23:00,0.051724
03/03/2022 00:00,0.172414
03/03/2022 01:00,0.206897
03/03/2022 02:00,0.206897
03/03/2022 03:00,0.206897
03/03/2022 04:00,0.189655
03/03/2022 05:00,0.172414
03/03/2022 06:00,0.155172
03/03/2022 07:00,0.155172
03/03/2022 08:00,0.155172
03/03/2022 09:00,0.137931
03/03/2022 10:00,0.155172
03/03/2022 11:00,0.189655
03/03/2022 12:00,0.258621
03/03/2022 13:00,0.275862
03/03/2022 14:00,0.103448
03/03/2022 15:00,0.0
03/03/2022 16:00,-0.155172
03/03/2022 17:00,-0.206897
03/03/2022 18:00,-0.258621
03/03/2022 19:00,-0.241379
03/03/2022 20:00,-0.155172
03/03/2022 21:00,0.017241
03/03/2022 22:00,-0.034483
03/03/2022 23:00,0.086207
03/04/2022 00:00,0.189655
03/04/2022 01:00,0.206897
03/04/2022 02:00,0.206897
03/04/2022 03:00,0.189655
03/04/2022 04:00,0.189655
03/04/2022 05:00,0.172414
03/04/2022 06:00,0.137931
03/04/2022 07:00,0.12069
03/04/2022 08:00,0.12069
03/04/2022 09:00,0.12069
03/04/2022 10:00,0.137931
03/04/2022 11:00,0.172414
03/04/2022 12:00,0.241379
03/04/2022 13:00,0.258621
03/04/2022 14:00,0.103448
03/04/2022 15:00,-0.051724
03/04/2022 16:00,-0.155172
03/04/2022 17:00,-0.224138
03/04/2022 18:00,-0.258621
03/04/2022 19:00,-0.241379
03/04/2022 20:00,-0.241379
03/04/2022 21:00,-0.172414
03/04/2022 22:00,-0.051724
03/04/2022 23:00,0.051724
03/05/2022 00:00,0.155172
03/05/2022 01:00,0.189655
03/05/2022 02:00,0.189655
03/05/2022 03:00,0.172414
03/05/2022 04:00,0.155172
03/05/2022 05:00,0.155172
03/05/2022 06:00,0.137931
03/05/2022 07:00,0.137931
03/05/2022 08:00,0.12069
03/05/2022 09:00,0.12069
03/05/2022 10:00,0.12069
03/05/2022 11:00,0.12069
03/05/2022 12:00,0.137931
03/05/2022 13:00,0.155172
03/05/2022 14:00,0.051724
03/05/2022 15:00,-0.12069
03/05/2022 16:00,-0.241379
03/05/2022 17:00,-0.310345
03/05/2022 18:00,-0.327586
03/05/2022 19:00,-0.327586
03/05/2022 20:00,-0.275862
03/05/2022 21:00,-0.189655
03/05/2022 22:00,-0.068966
03/05/2022 23:00,0.051724
03/06/2022 00:00,0.155172
03/06/2022 01:00,0.172414
03/06/2022 02:00,0.172414
03/06/2022 03:00,0.172414
03/06/2022 04:00,0.155172
03/06/2022 05:00,0.137931
03/06/2022 06:00,0.12069
03/06/2022 07:00,0.12069
03/06/2022 08:00,0.12069
03/06/2022 09:00,0.103448
03/06/2022 10:00,0.103448
03/06/2022 11:00,0.12069
03/06/2022 12:00,0.12069
03/06/2022 13:00,0.086207
03/06/2022 14:00,-0.051724
03/06/2022 15:00,-0.172414
03/06/2022 16:00,-0.258621
03/06/2022 17:00,-0.327586
03/06/2022 18:00,-0.293103
03/06/2022 19:00,-0.206897
03/06/2022 20:00,-0.137931
03/06/2022 21:00,-0.172414
03/06/2022 22:00,0.034483
03/06/2022 23:00,0.137931
03/07/2022 00:00,0.206897
03/07/2022 01:00,0.206897
03/07/2022 02:00,0.224138
03/07/2022 03:00,0.206897
03/07/2022 04:00,0.189655
03/07/2022 05:00,0.155172
03/07/2022 06:00,0.137931
03/07/2022 07:00,0.12069
03/07/2022 08:00,0.12069
03/07/2022 09:00,0.103448
03/07/2022 10:00,0.12069
03/07/2022 11:00,0.155172
03/07/2022 12:00,0.189655
03/07/2022 13:00,0.206897
03/07/2022 14:00,0.103448
03/07/2022 15:00,0.068966
03/07/2022 16:00,-0.034483
03/07/2022 17:00,-0.017241
03/07/2022 18:00,0.051724
03/07/2022 19:00,0.017241
03/07/2022 20:00,-0.051724
03/07/2022 21:00,-0.017241
03/07/2022 22:00,0.017241
03/07/2022 23:00,0.137931
03/08/2022 00:00,0.224138
03/08/2022 01:00,0.258621
03/08/2022 02:00,0.241379
03/08/2022 03:00,0.224138
03/08/2022 04:00,0.206897
03/08/2022 05:00,0.189655
03/08/2022 06:00,0.172414
03/08/2022 07:00,0.155172
03/08/2022 08:00,0.155172
03/08/2022 09:00,0.137931
03/08/2022 10:00,0.137931
03/08/2022 11:00,0.155172
03/08/2022 12:00,0.206897
03/08/2022 13:00,0.241379
03/08/2022 14:00,0.241379
03/08/2022 15:00,0.172414
03/08/2022 16:00,0.017241
03/08/2022 17:00,-0.051724
03/08/2022 18:00,-0.051724
03/08/2022 19:00,-0.017241
03/08/2022 20:00,-0.051724
03/08/2022 21:00,0.017241
03/08/2022 22:00,0.137931
03/08/2022 23:00,0.224138
03/09/2022 00:00,0.241379
03/09/2022 01:00,0.241379
03/09/2022 02:00,0.241379
03/09/2022 03:00,0.224138
03/09/2022 04:00,0.206897
03/09/2022 05:00,0.189655
03/09/2022 06:00,0.155172
03/09/2022 07:00,0.155172
03/09/2022 08:00,0.155172
03/09/2022 09:00,0.12069
03/09/2022 10:00,0.12069
03/09/2022 11:00,0.155172
03/09/2022 12:00,0.224138
03/09/2022 13:00,0.241379
03/09/2022 14:00,0.258621
03/09/2022 15:00,0.241379
03/09/2022 16:00,0.172414
03/09/2022 17:00,0.189655
03/09/2022 18:00,0.241379
03/09/2022 19:00,0.241379
03/09/2022 20:00,0.206897
03/09/2022 21:00,0.206897
03/09/2022 22:00,0.206897
03/09/2022 23:00,0.172414
03/10/2022 00:00,0.189655
03/10/2022 01:00,0.189655
03/10/2022 02:00,0.189655
03/10/2022 03:00,0.189655
03/10/2022 04:00,0.172414
03/10/2022 05:00,0.155172
03/10/2022 06:00,0.155172
03/10/2022 07:00,0.137931
03/10/2022 08:00,0.137931
03/10/2022 09:00,0.103448
03/10/2022 10:00,0.12069
03/10/2022 11:00,0.155172
03/10/2022 12:00,0.206897
03/10/2022 13:00,0.241379
03/10/2022 14:00,0.206897
03/10/2022 15:00,0.206897
03/10/2022 16:00,0.189655
03/10/2022 17:00,0.189655
03/10/2022 18:00,0.12069
03/10/2022 19:00,0.086207
03/10/2022 20:00,0.086207
03/10/2022 21:00,0.068966
03/10/2022 22:00,0.017241
03/10/2022 23:00,0.068966
03/11/2022 00:00,0.172414
03/11/2022 01:00,0.206897
03/11/2022 02:00,0.206897
03/11/2022 03:00,0.189655
03/11/2022 04:00,0.172414
03/11/2022 05:00,0.137931
03/11/2022 06:00,0.12069
03/11/2022 07:00,0.12069
03/11/2022 08:00,0.12069
03/11/2022 09:00,0.103448
03/11/2022 10:00,0.12069
03/11/2022 11:00,0.155172
03/11/2022 12:00,0.206897
03/11/2022 13:00,0.224138
03/11/2022 14:00,0.224138
03/11/2022 15:00,0.137931
03/11/2022 16:00,0.189655
03/11/2022 17:00,0.086207
03/11/2022 18:00,0.12069
03/11/2022 19:00,0.12069
03/11/2022 20:00,0.103448
03/11/2022 21:00,-0.051724
03/11/2022 22:00,0.103448
03/11/2022 23:00,0.137931
03/12/2022 00:00,0.155172
03/12/2022 01:00,0.172414
03/12/2022 02:00,0.172414
03/12/2022 03:00,0.172414
03/12/2022 04:00,0.155172
03/12/2022 05:00,0.137931
03/12/2022 06:00,0.137931
03/12/2022 07:00,0.12069
03/12/2022 08:00,0.12069
03/12/2022 09:00,0.12069
03/12/2022 10:00,0.12069
03/12/2022 11:00,0.12069
03/12/2022 12:00,0.12069
03/12/2022 13:00,0.137931
03/12/2022 14:00,0.103448
03/12/2022 15:00,-0.051724
03/12/2022 16:00,-0.224138
03/12/2022 17:00,-0.344828
03/12/2022 18:00,-0.258621
03/12/2022 19:00,0.0
03/12/2022 20:00,-0.137931
03/12/2022 21:00,-0.241379
03/12/2022 22:00,-0.103448
03/12/2022 23:00,0.068966
03/13/2022 00:00,0.241379
03/13/2022 01:00,0.293103
03/13/2022 02:00,0.293103
03/13/2022 03:00,0.293103
03/13/2022 04:00,0.293103
03/13/2022 05:00,0.293103
03/13/2022 06:00,0.275862
03/13/2022 07:00,0.275862
03/13/2022 08:00,0.275862
03/13/2022 09:00,0.293103
03/13/2022 10:00,0.293103
03/13/2022 11:00,0.293103
03/13/2022 12:00,0.327586
03/13/2022 13:00,0.344828
03/13/2022 14:00,0.327586
03/13/2022 15:00,0.103448
03/13/2022 16:00,-0.068966
03/13/2022 17:00,-0.206897
03/13/2022 18:00,-0.275862
03/13/2022 19:00,-0.310345
03/13/2022 20:00,-0.310345
03/13/2022 21:00,-0.275862
03/13/2022 22:00,-0.224138
03/13/2022 23:00,-0.103448
03/14/2022 00:00,0.051724
03/14/2022 01:00,0.206897
03/14/2022 02:00,0.258621
03/14/2022 03:00,0.258621
03/14/2022 04:00,0.275862
03/14/2022 05:00,0.258621
03/14/2022 06:00,0.241379
03/14/2022 07:00,0.224138
03/14/2022 08:00,0.224138
03/14/2022 09:00,0.241379
03/14/2022 10:00,0.258621
03/14/2022 11:00,0.293103
03/14/2022 12:00,0.362069
03/14/2022 13:00,0.431034
03/14/2022 14:00,0.413793
03/14/2022 15:00,0.206897
03/14/2022 16:00,0.0
03/14/2022 17:00,-0.137931
03/14/2022 18:00,-0.189655
03/14/2022 19:00,-0.241379
03/14/2022 20:00,-0.224138
03/14/2022 21:00,-0.172414
03/14/2022 22:00,-0.103448
03/14/2022 23:00,-0.086207
03/15/2022 00:00,0.051724
03/15/2022 01:00,0.172414
03/15/2022 02:00,0.206897
03/15/2022 03:00,0.224138
03/15/2022 04:00,0.206897
03/15/2022 05:00,0.189655
03/15/2022 06:00,0.172414
03/15/2022 07:00,0.155172
03/15/2022 08:00,0.155172
03/15/2022 09:00,0.137931
03/15/2022 10:00,0.155172
03/15/2022 11:00,0.172414
03/15/2022 12:00,0.241379
03/15/2022 13:00,0.275862
03/15/2022 14:00,0.293103
03/15/2022 15:00,0.258621
03/15/2022 16:00,0.137931
03/15/2022 17:00,0.137931
03/15/2022 18:00,0.224138
03/15/2022 19:00,0.258621
03/15/2022 20:00,0.258621
03/15/2022 21:00,0.241379
03/15/2022 22:00,0.189655
03/15/2022 23:00,0.086207
03/16/2022 00:00,0.172414
03/16/2022 01:00,0.224138
03/16/2022 02:00,0.206897
03/16/2022 03:00,0.206897
03/16/2022 04:00,0.189655
03/16/2022 05:00,0.172414
03/16/2022 06:00,0.172414
03/16/2022 07:00,0.155172
03/16/2022 08:00,0.155172
03/16/2022 09:00,0.12069
03/16/2022 10:00,0.137931
03/16/2022 11:00,0.155172
03/16/2022 12:00,0.206897
03/16/2022 13:00,0.258621
03/16/2022 14:00,0.241379
03/16/2022 15:00,0.12069
03/16/2022 16:00,-0.068966
03/16/2022 17:00,-0.137931
03/16/2022 18:00,-0.206897
03/16/2022 19:00,-0.241379
03/16/2022 20:00,-0.137931
03/16/2022 21:00,0.068966
03/16/2022 22:00,-0.068966
03/16/2022 23:00,-0.017241
03/17/2022 00:00,0.086207
03/17/2022 01:00,0.189655
03/17/2022 02:00,0.206897
03/17/2022 03:00,0.206897
03/17/2022 04:00,0.189655
03/17/2022 05:00,0.172414
03/17/2022 06:00,0.155172
03/17/2022 07:00,0.137931
03/17/2022 08:00,0.137931
03/17/2022 09:00,0.12069
03/17/2022 10:00,0.137931
03/17/2022 11:00,0.155172
03/17/2022 12:00,0.206897
03/17/2022 13:00,0.275862
03/17/2022 14:00,0.206897
03/17/2022 15:00,0.051724
03/17/2022 16:00,-0.051724
03/17/2022 17:00,-0.12069
03/17/2022 18:00,-0.034483
03/17/2022 19:00,-0.172414
03/17/2022 20:00,-0.103448
03/17/2022 21:00,-0.189655
03/17/2022 22:00,-0.137931
03/17/2022 23:00,-0.051724
03/18/2022 00:00,0.086207
03/18/2022 01:00,0.172414
03/18/2022 02:00,0.224138
03/18/2022 03:00,0.206897
03/18/2022 04:00,0.189655
03/18/2022 05:00,0.172414
03/18/2022 06:00,0.137931
03/18/2022 07:00,0.12069
03/18/2022 08:00,0.103448
03/18/2022 09:00,0.103448
03/18/2022 10:00,0.12069
03/18/2022 11:00,0.155172
03/18/2022 12:00,0.189655
03/18/2022 13:00,0.241379
03/18/2022 14:00,0.224138
03/18/2022 15:00,0.155172
03/18/2022 16:00,0.017241
03/18/2022 17:00,0.017241
03/18/2022 18:00,0.103448
03/18/2022 19:00,0.103448
03/18/2022 20:00,0.189655
03/18/2022 21:00,0.172414
03/18/2022 22:00,0.172414
03/18/2022 23:00,0.172414
03/19/2022 00:00,0.172414
03/19/2022 01:00,0.172414
03/19/2022 02:00,0.172414
03/19/2022 03:00,0.172414
03/19/2022 04:00,0.155172
03/19/2022 05:00,0.137931
03/19/2022 06:00,0.137931
03/19/2022 07:00,0.12069
03/19/2022 08:00,0.12069
03/19/2022 09:00,0.12069
03/19/2022 10:00,0.12069
03/19/2022 11:00,0.137931
03/19/2022 12:00,0.172414
03/19/2022 13:00,0.189655
03/19/2022 14:00,0.172414
03/19/2022 15:00,0.172414
03/19/2022 16:00,0.103448
03/19/2022 17:00,0.12069
03/19/2022 18:00,0.017241
03/19/2022 19:00,-0.086207
03/19/2022 20:00,-0.12069
03/19/2022 21:00,-0.086207
03/19/2022 22:00,-0.12069
03/19/2022 23:00,0.017241
03/20/2022 00:00,0.103448
03/20/2022 01:00,0.137931
03/20/2022 02:00,0.155172
03/20/2022 03:00,0.155172
03/20/2022 04:00,0.155172
03/20/2022 05:00,0.137931
03/20/2022 06:00,0.12069
03/20/2022 07:00,0.12069
03/20/2022 08:00,0.12069
03/20/2022 09:00,0.12069
03/20/2022 10:00,0.12069
03/20/2022 11:00,0.12069
03/20/2022 12:00,0.137931
03/20/2022 13:00,0.172414
03/20/2022 14:00,0.12069
03/20/2022 15:00,-0.051724
03/20/2022 16:00,-0.206897
03/20/2022 17:00,-0.310345
03/20/2022 18:00,-0.37931
03/20/2022 19:00,-0.396552
03/20/2022 20:00,-0.396552
03/20/2022 21:00,-0.344828
03/20/2022 22:00,-0.275862
03/20/2022 23:00,-0.137931
03/21/2022 00:00,0.017241
03/21/2022 01:00,0.137931
03/21/2022 02:00,0.189655
03/21/2022 03:00,0.189655
03/21/2022 04:00,0.172414
03/21/2022 05:00,0.155172
03/21/2022 06:00,0.137931
03/21/2022 07:00,0.12069
03/21/2022 08:00,0.12069
03/21/2022 09:00,0.12069
03/21/2022 10:00,0.137931
03/21/2022 11:00,0.172414
03/21/2022 12:00,0.224138
03/21/2022 13:00,0.275862
03/21/2022 14:00,0.224138
03/21/2022 15:00,0.051724
03/21/2022 16:00,-0.103448
03/21/2022 17:00,-0.206897
03/21/2022 18:00,-0.275862
03/21/2022 19:00,-0.275862
03/21/2022 20:00,-0.293103
03/21/2022 21:00,-0.224138
03/21/2022 22:00,-0.155172
03/21/2022 23:00,-0.068966
03/22/2022 00:00,0.068966
03/22/2022 01:00,0.172414
03/22/2022 02:00,0.206897
03/22/2022 03:00,0.224138
03/22/2022 04:00,0.189655
03/22/2022 05:00,0.172414
03/22/2022 06:00,0.172414
03/22/2022 07:00,0.155172
03/22/2022 08:00,0.155172
03/22/2022 09:00,0.12069
03/22/2022 10:00,0.12069
03/22/2022 11:00,0.155172
03/22/2022 12:00,0.206897
03/22/2022 13:00,0.258621
03/22/2022 14:00,0.172414
03/22/2022 15:00,0.068966
03/22/2022 16:00,-0.051724
03/22/2022 17:00,-0.137931
03/22/2022 18:00,-0.258621
03/22/2022 19:00,-0.206897
03/22/2022 20:00,-0.155172
03/22/2022 21:00,-0.189655
03/22/2022 22:00,-0.103448
03/22/2022 23:00,0.034483
03/23/2022 00:00,0.155172
03/23/2022 01:00,0.206897
03/23/2022 02:00,0.224138
03/23/2022 03:00,0.224138
03/23/2022 04:00,0.206897
03/23/2022 05:00,0.189655
03/23/2022 06:00,0.172414
03/23/2022 07:00,0.155172
03/23/2022 08:00,0.155172
03/23/2022 09:00,0.12069
03/23/2022 10:00,0.137931
03/23/2022 11:00,0.172414
03/23/2022 12:00,0.206897
03/23/2022 13:00,0.258621
03/23/2022 14:00,0.275862
03/23/2022 15:00,0.258621
03/23/2022 16:00,0.275862
03/23/2022 17:00,0.172414
03/23/2022 18:00,0.103448
03/23/2022 19:00,0.189655
03/23/2022 20:00,0.137931
03/23/2022 21:00,0.172414
03/23/2022 22:00,0.189655
03/23/2022 23:00,0.155172
03/24/2022 00:00,0.172414
03/24/2022 01:00,0.189655
03/24/2022 02:00,0.206897
03/24/2022 03:00,0.206897
03/24/2022 04:00,0.189655
03/24/2022 05:00,0.172414
03/24/2022 06:00,0.155172
03/24/2022 07:00,0.155172
03/24/2022 08:00,0.137931
03/24/2022 09:00,0.12069
03/24/2022 10:00,0.12069
03/24/2022 11:00,0.155172
03/24/2022 12:00,0.206897
03/24/2022 13:00,0.258621
03/24/2022 14:00,0.241379
03/24/2022 15:00,0.189655
03/24/2022 16:00,0.172414
03/24/2022 17:00,0.103448
03/24/2022 18:00,-0.068966
03/24/2022 19:00,0.0
03/24/2022 20:00,-0.12069
03/24/2022 21:00,-0.051724
03/24/2022 22:00,0.172414
03/24/2022 23:00,0.155172
03/25/2022 00:00,0.137931
03/25/2022 01:00,0.155172
03/25/2022 02:00,0.206897
03/25/2022 03:00,0.206897
03/25/2022 04:00,0.206897
03/25/2022 05:00,0.155172
03/25/2022 06:00,0.137931
03/25/2022 07:00,0.137931
03/25/2022 08:00,0.12069
03/25/2022 09:00,0.12069
03/25/2022 10:00,0.137931
03/25/2022 11:00,0.172414
03/25/2022 12:00,0.224138
03/25/2022 13:00,0.258621
03/25/2022 14:00,0.206897
03/25/2022 15:00,0.051724
03/25/2022 16:00,-0.086207
03/25/2022 17:00,-0.224138
03/25/2022 18:00,-0.327586
03/25/2022 19:00,-0.362069
03/25/2022 20:00,-0.362069
03/25/2022 21:00,-0.327586
03/25/2022 22:00,-0.258621
03/25/2022 23:00,-0.137931
03/26/2022 00:00,0.017241
03/26/2022 01:00,0.137931
03/26/2022 02:00,0.172414
03/26/2022 03:00,0.172414
03/26/2022 04:00,0.172414
03/26/2022 05:00,0.155172
03/26/2022 06:00,0.155172
03/26/2022 07:00,0.137931
03/26/2022 08:00,0.137931
03/26/2022 09:00,0.137931
03/26/2022 10:00,0.137931
03/26/2022 11:00,0.137931
03/26/2022 12:00,0.155172
03/26/2022 13:00,0.172414
03/26/2022 14:00,0.12069
03/26/2022 15:00,-0.017241
03/26/2022 16:00,-0.172414
03/26/2022 17:00,-0.293103
03/26/2022 18:00,-0.37931
03/26/2022 19:00,-0.396552
03/26/2022 20:00,-0.396552
03/26/2022 21:00,-0.362069
03/26/2022 22:00,-0.275862
03/26/2022 23:00,-0.137931
03/27/2022 00:00,0.0
03/27/2022 01:00,0.12069
03/27/2022 02:00,0.172414
03/27/2022 03:00,0.172414
03/27/2022 04:00,0.155172
03/27/2022 05:00,0.137931
03/27/2022 06:00,0.137931
03/27/2022 07:00,0.12069
03/27/2022 08:00,0.12069
03/27/2022 09:00,0.12069
03/27/2022 10:00,0.12069
03/27/2022 11:00,0.137931
03/27/2022 12:00,0.155172
03/27/2022 13:00,0.155172
03/27/2022 14:00,0.12069
03/27/2022 15:00,-0.034483
03/27/2022 16:00,-0.189655
03/27/2022 17:00,-0.293103
03/27/2022 18:00,-0.344828
03/27/2022 19:00,-0.362069
03/27/2022 20:00,-0.362069
03/27/2022 21:00,-0.310345
03/27/2022 22:00,-0.224138
03/27/2022 23:00,-0.103448
03/28/2022 00:00,0.051724
03/28/2022 01:00,0.155172
03/28/2022 02:00,0.189655
03/28/2022 03:00,0.189655
03/28/2022 04:00,0.172414
03/28/2022 05:00,0.155172
03/28/2022 06:00,0.137931
03/28/2022 07:00,0.12069
03/28/2022 08:00,0.103448
03/28/2022 09:00,0.103448
03/28/2022 10:00,0.12069
03/28/2022 11:00,0.155172
03/28/2022 12:00,0.206897
03/28/2022 13:00,0.241379
03/28/2022 14:00,0.189655
03/28/2022 15:00,0.051724
03/28/2022 16:00,-0.086207
03/28/2022 17:00,-0.172414
03/28/2022 18:00,-0.241379
03/28/2022 19:00,-0.241379
03/28/2022 20:00,-0.241379
03/28/2022 21:00,-0.206897
03/28/2022 22:00,-0.137931
03/28/2022 23:00,-0.051724
03/29/2022 00:00,0.086207
03/29/2022 01:00,0.206897
03/29/2022 02:00,0.224138
03/29/2022 03:00,0.224138
03/29/2022 04:00,0.206897
03/29/2022 05:00,0.172414
03/29/2022 06:00,0.155172
03/29/2022 07:00,0.155172
03/29/2022 08:00,0.137931
03/29/2022 09:00,0.12069
03/29/2022 10:00,0.12069
03/29/2022 11:00,0.155172
03/29/2022 12:00,0.206897
03/29/2022 13:00,0.241379
03/29/2022 14:00,0.241379
03/29/2022 15:00,0.189655
03/29/2022 16:00,0.172414
03/29/2022 17:00,0.034483
03/29/2022 18:00,-0.137931
03/29/2022 19:00,-0.206897
03/29/2022 20:00,-0.206897
03/29/2022 21:00,-0.137931
03/29/2022 22:00,-0.068966
03/29/2022 23:00,0.051724
03/30/2022 00:00,0.103448
03/30/2022 01:00,0.224138
03/30/2022 02:00,0.241379
03/30/2022 03:00,0.241379
03/30/2022 04:00,0.206897
03/30/2022 05:00,0.189655
03/30/2022 06:00,0.172414
03/30/2022 07:00,0.137931
03/30/2022 08:00,0.137931
03/30/2022 09:00,0.103448
03/30/2022 10:00,0.103448
03/30/2022 11:00,0.137931
03/30/2022 12:00,0.189655
03/30/2022 13:00,0.224138
03/30/2022 14:00,0.224138
03/30/2022 15:00,0.155172
03/30/2022 16:00,0.103448
03/30/2022 17:00,-0.068966
03/30/2022 18:00,-0.017241
03/30/2022 19:00,-0.137931
03/30/2022 20:00,-0.224138
03/30/2022 21:00,-0.172414
03/30/2022 22:00,-0.12069
03/30/2022 23:00,-0.017241
03/31/2022 00:00,0.12069
03/31/2022 01:00,0.189655
03/31/2022 02:00,0.224138
03/31/2022 03:00,0.224138
03/31/2022 04:00,0.206897
03/31/2022 05:00,0.189655
03/31/2022 06:00,0.172414
03/31/2022 07:00,0.172414
03/31/2022 08:00,0.155172
03/31/2022 09:00,0.137931
03/31/2022 10:00,0.137931
03/31/2022 11:00,0.155172
03/31/2022 12:00,0.224138
03/31/2022 13:00,0.258621
03/31/2022 14:00,0.258621
03/31/2022 15:00,0.258621
03/31/2022 16:00,0.137931
03/31/2022 17:00,-0.017241
03/31/2022 18:00,-0.034483
03/31/2022 19:00,-0.206897
03/31/2022 20:00,-0.155172
03/31/2022 21:00,-0.137931
03/31/2022 22:00,-0.12069
03/31/2022 23:00,-0.034483
04/01/2022 00:00,0.086207
04/01/2022 01:00,0.189655
04/01/2022 02:00,0.224138
04/01/2022 03:00,0.224138
04/01/2022 04:00,0.206897
04/01/2022 05:00,0.189655
04/01/2022 06:00,0.155172
04/01/2022 07:00,0.12069
04/01/2022 08:00,0.12069
04/01/2022 09:00,0.12069
04/01/2022 10:00,0.12069
04/01/2022 11:00,0.155172
04/01/2022 12:00,0.189655
04/01/2022 13:00,0.224138
04/01/2022 14:00,0.155172
04/01/2022 15:00,0.017241
04/01/2022 16:00,-0.12069
04/01/2022 17:00,-0.206897
04/01/2022 18:00,-0.293103
04/01/2022 19:00,-0.310345
04/01/2022 20:00,-0.327586
04/01/2022 21:00,-0.293103
04/01/2022 22:00,-0.206897
04/01/2022 23:00,-0.103448
04/02/2022 00:00,0.034483
04/02/2022 01:00,0.137931
04/02/2022 02:00,0.172414
04/02/2022 03:00,0.172414
04/02/2022 04:00,0.155172
04/02/2022 05:00,0.137931
04/02/2022 06:00,0.12069
04/02/2022 07:00,0.12069
04/02/2022 08:00,0.103448
04/02/2022 09:00,0.103448
04/02/2022 10:00,0.103448
04/02/2022 11:00,0.12069
04/02/2022 12:00,0.12069
04/02/2022 13:00,0.12069
04/02/2022 14:00,0.086207
04/02/2022 15:00,0.137931
04/02/2022 16:00,0.137931
04/02/2022 17:00,0.068966
04/02/2022 18:00,0.051724
04/02/2022 19:00,0.034483
04/02/2022 20:00,0.068966
04/02/2022 21:00,0.034483
04/02/2022 22:00,0.0
04/02/2022 23:00,0.034483
04/03/2022 00:00,0.103448
04/03/2022 01:00,0.137931
04/03/2022 02:00,0.172414
04/03/2022 03:00,0.172414
04/03/2022 04:00,0.155172
04/03/2022 05:00,0.137931
04/03/2022 06:00,0.137931
04/03/2022 07:00,0.137931
04/03/2022 08:00,0.12069
04/03/2022 09:00,0.12069
04/03/2022 10:00,0.12069
04/03/2022 11:00,0.137931
04/03/2022 12:00,0.137931
04/03/2022 13:00,0.137931
04/03/2022 14:00,0.086207
04/03/2022 15:00,-0.068966
04/03/2022 16:00,-0.189655
04/03/2022 17:00,-0.293103
04/03/2022 18:00,-0.362069
04/03/2022 19:00,-0.37931
04/03/2022 20:00,-0.362069
04/03/2022 21:00,-0.310345
04/03/2022 22:00,-0.224138
04/03/2022 23:00,-0.086207
04/04/2022 00:00,0.051724
04/04/2022 01:00,0.155172
04/04/2022 02:00,0.189655
04/04/2022 03:00,0.189655
04/04/2022 04:00,0.172414
04/04/2022 05:00,0.155172
04/04/2022 06:00,0.137931
04/04/2022 07:00,0.12069
04/04/2022 08:00,0.12069
04/04/2022 09:00,0.103448
04/04/2022 10:00,0.12069
04/04/2022 11:00,0.155172
04/04/2022 12:00,0.189655
04/04/2022 13:00,0.224138
04/04/2022 14:00,0.172414
04/04/2022 15:00,0.017241
04/04/2022 16:00,-0.103448
04/04/2022 17:00,-0.189655
04/04/2022 18:00,-0.241379
04/04/2022 19:00,-0.258621
04/04/2022 20:00,-0.241379
04/04/2022 21:00,-0.189655
04/04/2022 22:00,-0.137931
04/04/2022 23:00,-0.034483
04/05/2022 00:00,0.086207
04/05/2022 01:00,0.206897
04/05/2022 02:00,0.224138
04/05/2022 03:00,0.206897
04/05/2022 04:00,0.189655
04/05/2022 05:00,0.172414
04/05/2022 06:00,0.155172
04/05/2022 07:00,0.155172
04/05/2022 08:00,0.155172
04/05/2022 09:00,0.12069
04/05/2022 10:00,0.12069
04/05/2022 11:00,0.155172
04/05/2022 12:00,0.206897
04/05/2022 13:00,0.224138
04/05/2022 14:00,0.206897
04/05/2022 15:00,0.172414
04/05/2022 16:00,0.206897
04/05/2022 17:00,0.172414
04/05/2022 18:00,0.017241
04/05/2022 19:00,-0.068966
04/05/2022 20:00,0.189655
04/05/2022 21:00,0.258621
04/05/2022 22:00,0.206897
04/05/2022 23:00,0.172414
04/06/2022 00:00,0.172414
04/06/2022 01:00,0.172414
04/06/2022 02:00,0.172414
04/06/2022 03:00,0.172414
04/06/2022 04:00,0.172414
04/06/2022 05:00,0.155172
04/06/2022 06:00,0.137931
04/06/2022 07:00,0.137931
04/06/2022 08:00,0.137931
04/06/2022 09:00,0.12069
04/06/2022 10:00,0.137931
04/06/2022 11:00,0.155172
04/06/2022 12:00,0.189655
04/06/2022 13:00,0.241379
04/06/2022 14:00,0.206897
04/06/2022 15:00,0.155172
04/06/2022 16:00,0.051724
04/06/2022 17:00,0.051724
04/06/2022 18:00,0.034483
04/06/2022 19:00,-0.017241
04/06/2022 20:00,0.12069
04/06/2022 21:00,-0.051724
04/06/2022 22:00,0.068966
04/06/2022 23:00,0.12069
04/07/2022 00:00,0.155172
04/07/2022 01:00,0.224138
04/07/2022 02:00,0.241379
04/07/2022 03:00,0.241379
04/07/2022 04:00,0.224138
04/07/2022 05:00,0.206897
04/07/2022 06:00,0.189655
04/07/2022 07:00,0.172414
04/07/2022 08:00,0.172414
04/07/2022 09:00,0.155172
04/07/2022 10:00,0.137931
04/07/2022 11:00,0.172414
04/07/2022 12:00,0.206897
04/07/2022 13:00,0.258621
04/07/2022 14:00,0.206897
04/07/2022 15:00,0.103448
04/07/2022 16:00,-0.068966
04/07/2022 17:00,-0.172414
04/07/2022 18:00,-0.258621
04/07/2022 19:00,-0.258621
04/07/2022 20:00,-0.258621
04/07/2022 21:00,-0.206897
04/07/2022 22:00,-0.172414
04/07/2022 23:00,-0.086207
04/08/2022 00:00,0.051724
04/08/2022 01:00,0.155172
04/08/2022 02:00,0.189655
04/08/2022 03:00,0.189655
04/08/2022 04:00,0.172414
04/08/2022 05:00,0.137931
04/08/2022 06:00,0.137931
04/08/2022 07:00,0.12069
04/08/2022 08:00,0.103448
04/08/2022 09:00,0.103448
04/08/2022 10:00,0.12069
04/08/2022 11:00,0.155172
04/08/2022 12:00,0.189655
04/08/2022 13:00,0.224138
04/08/2022 14:00,0.155172
04/08/2022 15:00,0.0
04/08/2022 16:00,-0.12069
04/08/2022 17:00,-0.241379
04/08/2022 18:00,-0.344828
04/08/2022 19:00,-0.37931
04/08/2022 20:00,-0.37931
04/08/2022 21:00,-0.327586
04/08/2022 22:00,-0.258621
04/08/2022 23:00,-0.12069
04/09/2022 00:00,0.051724
04/09/2022 01:00,0.137931
04/09/2022 02:00,0.172414
04/09/2022 03:00,0.189655
04/09/2022 04:00,0.172414
04/09/2022 05:00,0.172414
04/09/2022 06:00,0.155172
04/09/2022 07:00,0.137931
04/09/2022 08:00,0.155172
04/09/2022 09:00,0.155172
04/09/2022 10:00,0.155172
04/09/2022 11:00,0.155172
04/09/2022 12:00,0.172414
04/09/2022 13:00,0.189655
04/09/2022 14:00,0.103448
04/09/2022 15:00,-0.034483
04/09/2022 16:00,-0.189655
04/09/2022 17:00,-0.293103
04/09/2022 18:00,-0.362069
04/09/2022 19:00,-0.362069
04/09/2022 20:00,-0.37931
04/09/2022 21:00,-0.362069
04/09/2022 22:00,-0.275862
04/09/2022 23:00,-0.137931
04/10/2022 00:00,0.017241
04/10/2022 01:00,0.137931
04/10/2022 02:00,0.189655
04/10/2022 03:00,0.189655
04/10/2022 04:00,0.189655
04/10/2022 05:00,0.172414
04/10/2022 06:00,0.172414
04/10/2022 07:00,0.155172
04/10/2022 08:00,0.172414
04/10/2022 09:00,0.155172
04/10/2022 10:00,0.172414
04/10/2022 11:00,0.172414
04/10/2022 12:00,0.189655
04/10/2022 13:00,0.189655
04/10/2022 14:00,0.12069
04/10/2022 15:00,-0.034483
04/10/2022 16:00,-0.172414
04/10/2022 17:00,-0.275862
04/10/2022 18:00,-0.344828
04/10/2022 19:00,-0.362069
04/10/2022 20:00,-0.362069
04/10/2022 21:00,-0.293103
04/10/2022 22:00,-0.224138
04/10/2022 23:00,-0.103448
04/11/2022 00:00,0.034483
04/11/2022 01:00,0.155172
04/11/2022 02:00,0.206897
04/11/2022 03:00,0.206897
04/11/2022 04:00,0.172414
04/11/2022 05:00,0.155172
04/11/2022 06:00,0.137931
04/11/2022 07:00,0.103448
04/11/2022 08:00,0.103448
04/11/2022 09:00,0.103448
04/11/2022 10:00,0.12069
04/11/2022 11:00,0.155172
04/11/2022 12:00,0.206897
04/11/2022 13:00,0.241379
04/11/2022 14:00,0.155172
04/11/2022 15:00,0.0
04/11/2022 16:00,-0.051724
04/11/2022 17:00,-0.068966
04/11/2022 18:00,0.0
04/11/2022 19:00,-0.224138
04/11/2022 20:00,-0.155172
04/11/2022 21:00,-0.189655
04/11/2022 22:00,-0.068966
04/11/2022 23:00,0.051724
04/12/2022 00:00,0.155172
04/12/2022 01:00,0.189655
04/12/2022 02:00,0.206897
04/12/2022 03:00,0.224138
04/12/2022 04:00,0.189655
04/12/2022 05:00,0.172414
04/12/2022 06:00,0.155172
04/12/2022 07:00,0.155172
04/12/2022 08:00,0.137931
04/12/2022 09:00,0.103448
04/12/2022 10:00,0.12069
04/12/2022 11:00,0.137931
04/12/2022 12:00,0.189655
04/12/2022 13:00,0.224138
04/12/2022 14:00,0.137931
04/12/2022 15:00,0.017241
04/12/2022 16:00,-0.103448
04/12/2022 17:00,-0.155172
04/12/2022 18:00,-0.155172
04/12/2022 19:00,-0.086207
04/12/2022 20:00,-0.086207
04/12/2022 21:00,-0.051724
04/12/2022 22:00,-0.017241
04/12/2022 23:00,0.034483
04/13/2022 00:00,0.137931
04/13/2022 01:00,0.224138
04/13/2022 02:00,0.241379
04/13/2022 03:00,0.224138
04/13/2022 04:00,0.206897
04/13/2022 05:00,0.172414
04/13/2022 06:00,0.172414
04/13/2022 07:00,0.155172
04/13/2022 08:00,0.137931
04/13/2022 09:00,0.12069
04/13/2022 10:00,0.12069
04/13/2022 11:00,0.137931
04/13/2022 12:00,0.206897
04/13/2022 13:00,0.241379
04/13/2022 14:00,0.206897
04/13/2022 15:00,0.12069
04/13/2022 16:00,-0.017241
04/13/2022 17:00,-0.068966
04/13/2022 18:00,-0.068966
04/13/2022 19:00,-0.051724
04/13/2022 20:00,0.12069
04/13/2022 21:00,0.086207
04/13/2022 22:00,0.12069
04/13/2022 23:00,0.086207
04/14/2022 00:00,0.103448
04/14/2022 01:00,0.206897
04/14/2022 02:00,0.241379
04/14/2022 03:00,0.241379
04/14/2022 04:00,0.206897
04/14/2022 05:00,0.172414
04/14/2022 06:00,0.172414
04/14/2022 07:00,0.155172
04/14/2022 08:00,0.137931
04/14/2022 09:00,0.12069
04/14/2022 10:00,0.12069
04/14/2022 11:00,0.137931
04/14/2022 12:00,0.206897
04/14/2022 13:00,0.224138
04/14/2022 14:00,0.206897
04/14/2022 15:00,0.189655
04/14/2022 16:00,0.137931
04/14/2022 17:00,0.068966
04/14/2022 18:00,0.034483
04/14/2022 19:00,0.051724
04/14/2022 20:00,0.034483
04/14/2022 21:00,0.034483
04/14/2022 22:00,0.017241
04/14/2022 23:00,0.017241
04/15/2022 00:00,0.103448
04/15/2022 01:00,0.172414
04/15/2022 02:00,0.206897
04/15/2022 03:00,0.224138
04/15/2022 04:00,0.206897
04/15/2022 05:00,0.172414
04/15/2022 06:00,0.155172
04/15/2022 07:00,0.12069
04/15/2022 08:00,0.12069
04/15/2022 09:00,0.103448
04/15/2022 10:00,0.12069
04/15/2022 11:00,0.137931
04/15/2022 12:00,0.172414
04/15/2022 13:00,0.206897
04/15/2022 14:00,0.12069
04/15/2022 15:00,-0.017241
04/15/2022 16:00,-0.137931
04/15/2022 17:00,-0.224138
04/15/2022 18:00,-0.310345
04/15/2022 19:00,-0.310345
04/15/2022 20:00,-0.310345
04/15/2022 21:00,-0.258621
04/15/2022 22:00,-0.155172
04/15/2022 23:00,-0.051724
04/16/2022 00:00,0.051724
04/16/2022 01:00,0.172414
04/16/2022 02:00,0.189655
04/16/2022 03:00,0.189655
04/16/2022 04:00,0.172414
04/16/2022 05:00,0.155172
04/16/2022 06:00,0.137931
04/16/2022 07:00,0.12069
04/16/2022 08:00,0.12069
04/16/2022 09:00,0.12069
04/16/2022 10:00,0.103448
04/16/2022 11:00,0.103448
04/16/2022 12:00,0.12069
04/16/2022 13:00,0.12069
04/16/2022 14:00,0.137931
04/16/2022 15:00,0.086207
04/16/2022 16:00,-0.017241
04/16/2022 17:00,-0.068966
04/16/2022 18:00,-0.086207
04/16/2022 19:00,-0.103448
04/16/2022 20:00,-0.241379
04/16/2022 21:00,-0.137931
04/16/2022 22:00,-0.051724
04/16/2022 23:00,0.103448
04/17/2022 00:00,0.155172
04/17/2022 01:00,0.189655
04/17/2022 02:00,0.206897
04/17/2022 03:00,0.206897
04/17/2022 04:00,0.189655
04/17/2022 05:00,0.172414
04/17/2022 06:00,0.155172
04/17/2022 07:00,0.137931
04/17/2022 08:00,0.137931
04/17/2022 09:00,0.12069
04/17/2022 10:00,0.12069
04/17/2022 11:00,0.12069
04/17/2022 12:00,0.12069
04/17/2022 13:00,0.12069
04/17/2022 14:00,0.086207
04/17/2022 15:00,0.017241
04/17/2022 16:00,-0.034483
04/17/2022 17:00,-0.103448
04/17/2022 18:00,-0.086207
04/17/2022 19:00,-0.12069
04/17/2022 20:00,-0.034483
04/17/2022 21:00,0.086207
04/17/2022 22:00,0.172414
04/17/2022 23:00,0.224138
04/18/2022 00:00,0.206897
04/18/2022 01:00,0.189655
04/18/2022 02:00,0.189655
04/18/2022 03:00,0.206897
04/18/2022 04:00,0.189655
04/18/2022 05:00,0.172414
04/18/2022 06:00,0.155172
04/18/2022 07:00,0.12069
04/18/2022 08:00,0.12069
04/18/2022 09:00,0.12069
04/18/2022 10:00,0.12069
04/18/2022 11:00,0.155172
04/18/2022 12:00,0.189655
04/18/2022 13:00,0.224138
04/18/2022 14:00,0.189655
04/18/2022 15:00,0.103448
04/18/2022 16:00,0.017241
04/18/2022 17:00,-0.051724
04/18/2022 18:00,-0.034483
04/18/2022 19:00,0.034483
04/18/2022 20:00,0.0
04/18/2022 21:00,-0.103448
04/18/2022 22:00,-0.051724
04/18/2022 23:00,0.017241
04/19/2022 00:00,0.103448
04/19/2022 01:00,0.189655
04/19/2022 02:00,0.224138
04/19/2022 03:00,0.206897
04/19/2022 04:00,0.206897
04/19/2022 05:00,0.172414
04/19/2022 06:00,0.155172
04/19/2022 07:00,0.137931
04/19/2022 08:00,0.12069
04/19/2022 09:00,0.103448
04/19/2022 10:00,0.12069
04/19/2022 11:00,0.137931
04/19/2022 12:00,0.206897
04/19/2022 13:00,0.224138
04/19/2022 14:00,0.172414
04/19/2022 15:00,0.017241
04/19/2022 16:00,-0.12069
04/19/2022 17:00,-0.224138
04/19/2022 18:00,-0.275862
04/19/2022 19:00,-0.275862
04/19/2022 20:00,-0.293103
04/19/2022 21:00,-0.241379
04/19/2022 22:00,-0.172414
04/19/2022 23:00,-0.086207
04/20/2022 00:00,0.051724
04/20/2022 01:00,0.172414
04/20/2022 02:00,0.206897
04/20/2022 03:00,0.189655
04/20/2022 04:00,0.172414
04/20/2022 05:00,0.155172
04/20/2022 06:00,0.155172
04/20/2022 07:00,0.137931
04/20/2022 08:00,0.137931
04/20/2022 09:00,0.12069
04/20/2022 10:00,0.137931
04/20/2022 11:00,0.155172
04/20/2022 12:00,0.206897
04/20/2022 13:00,0.224138
04/20/2022 14:00,0.155172
04/20/2022 15:00,0.017241
04/20/2022 16:00,-0.12069
04/20/2022 17:00,-0.206897
04/20/2022 18:00,-0.275862
04/20/2022 19:00,-0.275862
04/20/2022 20:00,-0.241379
04/20/2022 21:00,-0.206897
04/20/2022 22:00,-0.137931
04/20/2022 23:00,-0.051724
04/21/2022 00:00,0.086207
04/21/2022 01:00,0.189655
04/21/2022 02:00,0.224138
04/21/2022 03:00,0.206897
04/21/2022 04:00,0.189655
04/21/2022 05:00,0.172414
04/21/2022 06:00,0.155172
04/21/2022 07:00,0.137931
04/21/2022 08:00,0.12069
04/21/2022 09:00,0.103448
04/21/2022 10:00,0.12069
04/21/2022 11:00,0.155172
04/21/2022 12:00,0.189655
04/21/2022 13:00,0.224138
04/21/2022 14:00,0.155172
04/21/2022 15:00,0.017241
04/21/2022 16:00,-0.017241
04/21/2022 17:00,-0.155172
04/21/2022 18:00,-0.224138
04/21/2022 19:00,-0.189655
04/21/2022 20:00,-0.12069
04/21/2022 21:00,-0.137931
04/21/2022 22:00,-0.068966
04/21/2022 23:00,-0.017241
04/22/2022 00:00,0.103448
04/22/2022 01:00,0.189655
04/22/2022 02:00,0.224138
04/22/2022 03:00,0.224138
04/22/2022 04:00,0.189655
04/22/2022 05:00,0.155172
04/22/2022 06:00,0.137931
04/22/2022 07:00,0.12069
04/22/2022 08:00,0.12069
04/22/2022 09:00,0.12069
04/22/2022 10:00,0.12069
04/22/2022 11:00,0.137931
04/22/2022 12:00,0.172414
04/22/2022 13:00,0.189655
04/22/2022 14:00,0.137931
04/22/2022 15:00,0.017241
04/22/2022 16:00,-0.086207
04/22/2022 17:00,-0.155172
04/22/2022 18:00,-0.258621
04/22/2022 19:00,-0.275862
04/22/2022 20:00,-0.258621
04/22/2022 21:00,-0.206897
04/22/2022 22:00,-0.12069
04/22/2022 23:00,-0.017241
04/23/2022 00:00,0.103448
04/23/2022 01:00,0.189655
04/23/2022 02:00,0.224138
04/23/2022 03:00,0.206897
04/23/2022 04:00,0.189655
04/23/2022 05:00,0.172414
04/23/2022 06:00,0.155172
04/23/2022 07:00,0.137931
04/23/2022 08:00,0.137931
04/23/2022 09:00,0.12069
04/23/2022 10:00,0.12069
04/23/2022 11:00,0.12069
04/23/2022 12:00,0.12069
04/23/2022 13:00,0.12069
04/23/2022 14:00,0.051724
04/23/2022 15:00,-0.068966
04/23/2022 16:00,-0.189655
04/23/2022 17:00,-0.275862
04/23/2022 18:00,-0.310345
04/23/2022 19:00,-0.310345
04/23/2022 20:00,-0.310345
04/23/2022 21:00,-0.241379
04/23/2022 22:00,-0.172414
04/23/2022 23:00,-0.034483
04/24/2022 00:00,0.086207
04/24/2022 01:00,0.189655
04/24/2022 02:00,0.224138
04/24/2022 03:00,0.206897
04/24/2022 04:00,0.189655
04/24/2022 05:00,0.172414
04/24/2022 06:00,0.155172
04/24/2022 07:00,0.137931
04/24/2022 08:00,0.137931
04/24/2022 09:00,0.137931
04/24/2022 10:00,0.12069
04/24/2022 11:00,0.12069
04/24/2022 12:00,0.12069
04/24/2022 13:00,0.12069
04/24/2022 14:00,0.051724
04/24/2022 15:00,-0.068966
04/24/2022 16:00,-0.172414
04/24/2022 17:00,-0.241379
04/24/2022 18:00,-0.258621
04/24/2022 19:00,-0.189655
04/24/2022 20:00,-0.137931
04/24/2022 21:00,-0.086207
04/24/2022 22:00,-0.034483
04/24/2022 23:00,0.051724
04/25/2022 00:00,0.12069
04/25/2022 01:00,0.206897
04/25/2022 02:00,0.258621
04/25/2022 03:00,0.241379
04/25/2022 04:00,0.224138
04/25/2022 05:00,0.189655
04/25/2022 06:00,0.172414
04/25/2022 07:00,0.137931
04/25/2022 08:00,0.137931
04/25/2022 09:00,0.137931
04/25/2022 10:00,0.137931
04/25/2022 11:00,0.155172
04/25/2022 12:00,0.206897
04/25/2022 13:00,0.241379
04/25/2022 14:00,0.155172
04/25/2022 15:00,0.034483
04/25/2022 16:00,-0.051724
04/25/2022 17:00,-0.12069
04/25/2022 18:00,-0.068966
04/25/2022 19:00,-0.103448
04/25/2022 20:00,-0.103448
04/25/2022 21:00,-0.017241
04/25/2022 22:00,0.0
04/25/2022 23:00,0.189655
04/26/2022 00:00,0.275862
04/26/2022 01:00,0.275862
04/26/2022 02:00,0.275862
04/26/2022 03:00,0.275862
04/26/2022 04:00,0.241379
04/26/2022 05:00,0.206897
04/26/2022 06:00,0.189655
04/26/2022 07:00,0.172414
04/26/2022 08:00,0.155172
04/26/2022 09:00,0.137931
04/26/2022 10:00,0.155172
04/26/2022 11:00,0.172414
04/26/2022 12:00,0.224138
04/26/2022 13:00,0.241379
04/26/2022 14:00,0.206897
04/26/2022 15:00,0.137931
04/26/2022 16:00,0.0
04/26/2022 17:00,-0.051724
04/26/2022 18:00,-0.068966
04/26/2022 19:00,0.086207
04/26/2022 20:00,-0.155172
04/26/2022 21:00,-0.017241
04/26/2022 22:00,-0.034483
04/26/2022 23:00,0.206897
04/27/2022 00:00,0.258621
04/27/2022 01:00,0.241379
04/27/2022 02:00,0.258621
04/27/2022 03:00,0.258621
04/27/2022 04:00,0.241379
04/27/2022 05:00,0.206897
04/27/2022 06:00,0.189655
04/27/2022 07:00,0.172414
04/27/2022 08:00,0.155172
04/27/2022 09:00,0.137931
04/27/2022 10:00,0.155172
04/27/2022 11:00,0.172414
04/27/2022 12:00,0.206897
04/27/2022 13:00,0.224138
04/27/2022 14:00,0.155172
04/27/2022 15:00,0.0
04/27/2022 16:00,-0.12069
04/27/2022 17:00,-0.189655
04/27/2022 18:00,-0.224138
04/27/2022 19:00,-0.241379
04/27/2022 20:00,-0.224138
04/27/2022 21:00,-0.155172
04/27/2022 22:00,-0.103448
04/27/2022 23:00,0.0
04/28/2022 00:00,0.12069
04/28/2022 01:00,0.206897
04/28/2022 02:00,0.241379
04/28/2022 03:00,0.241379
04/28/2022 04:00,0.206897
04/28/2022 05:00,0.189655
04/28/2022 06:00,0.172414
04/28/2022 07:00,0.155172
04/28/2022 08:00,0.137931
04/28/2022 09:00,0.12069
04/28/2022 10:00,0.12069
04/28/2022 11:00,0.155172
04/28/2022 12:00,0.206897
04/28/2022 13:00,0.224138
04/28/2022 14:00,0.155172
04/28/2022 15:00,0.017241
04/28/2022 16:00,-0.086207
04/28/2022 17:00,-0.155172
04/28/2022 18:00,-0.206897
04/28/2022 19:00,-0.206897
04/28/2022 20:00,-0.155172
04/28/2022 21:00,-0.103448
04/28/2022 22:00,-0.068966
04/28/2022 23:00,0.0
04/29/2022 00:00,0.103448
04/29/2022 01:00,0.206897
04/29/2022 02:00,0.224138
04/29/2022 03:00,0.224138
04/29/2022 04:00,0.206897
04/29/2022 05:00,0.155172
04/29/2022 06:00,0.137931
04/29/2022 07:00,0.137931
04/29/2022 08:00,0.12069
04/29/2022 09:00,0.12069
04/29/2022 10:00,0.12069
04/29/2022 11:00,0.137931
04/29/2022 12:00,0.189655
04/29/2022 13:00,0.206897
04/29/2022 14:00,0.155172
04/29/2022 15:00,0.051724
04/29/2022 16:00,0.0
04/29/2022 17:00,0.034483
04/29/2022 18:00,0.086207
04/29/2022 19:00,0.034483
04/29/2022 20:00,-0.224138
04/29/2022 21:00,-0.224138
04/29/2022 22:00,0.051724
04/29/2022 23:00,0.12069
04/30/2022 00:00,0.137931
04/30/2022 01:00,0.189655
04/30/2022 02:00,0.206897
04/30/2022 03:00,0.189655
04/30/2022 04:00,0.172414
04/30/2022 05:00,0.155172
04/30/2022 06:00,0.137931
04/30/2022 07:00,0.137931
04/30/2022 08:00,0.12069
04/30/2022 09:00,0.12069
04/30/2022 10:00,0.12069
04/30/2022 11:00,0.12069
04/30/2022 12:00,0.12069
04/30/2022 13:00,0.12069
04/30/2022 14:00,0.051724
04/30/2022 15:00,-0.051724
04/30/2022 16:00,-0.155172
04/30/2022 17:00,-0.086207
04/30/2022 18:00,-0.206897
04/30/2022 19:00,-0.12069
04/30/2022 20:00,-0.12069
04/30/2022 21:00,0.034483
04/30/2022 22:00,0.034483
04/30/2022 23:00,0.137931
05/01/2022 00:00,0.137931
05/01/2022 01:00,0.172414
05/01/2022 02:00,0.206897
05/01/2022 03:00,0.189655
05/01/2022 04:00,0.189655
05/01/2022 05:00,0.172414
05/01/2022 06:00,0.155172
05/01/2022 07:00,0.137931
05/01/2022 08:00,0.137931
05/01/2022 09:00,0.12069
05/01/2022 10:00,0.12069
05/01/2022 11:00,0.12069
05/01/2022 12:00,0.12069
05/01/2022 13:00,0.12069
05/01/2022 14:00,0.068966
05/01/2022 15:00,-0.051724
05/01/2022 16:00,-0.137931
05/01/2022 17:00,-0.206897
05/01/2022 18:00,-0.137931
05/01/2022 19:00,-0.051724
05/01/2022 20:00,-0.103448
05/01/2022 21:00,0.068966
05/01/2022 22:00,-0.051724
05/01/2022 23:00,0.172414
05/02/2022 00:00,0.189655
05/02/2022 01:00,0.206897
05/02/2022 02:00,0.241379
05/02/2022 03:00,0.241379
05/02/2022 04:00,0.206897
05/02/2022 05:00,0.189655
05/02/2022 06:00,0.172414
05/02/2022 07:00,0.137931
05/02/2022 08:00,0.12069
05/02/2022 09:00,0.12069
05/02/2022 10:00,0.137931
05/02/2022 11:00,0.155172
05/02/2022 12:00,0.206897
05/02/2022 13:00,0.224138
05/02/2022 14:00,0.189655
05/02/2022 15:00,0.12069
05/02/2022 16:00,0.0
05/02/2022 17:00,-0.103448
05/02/2022 18:00,-0.12069
05/02/2022 19:00,-0.12069
05/02/2022 20:00,-0.068966
05/02/2022 21:00,-0.017241
05/02/2022 22:00,0.017241
05/02/2022 23:00,0.086207
05/03/2022 00:00,0.206897
05/03/2022 01:00,0.293103
05/03/2022 02:00,0.293103
05/03/2022 03:00,0.293103
05/03/2022 04:00,0.275862
05/03/2022 05:00,0.224138
05/03/2022 06:00,0.206897
05/03/2022 07:00,0.189655
05/03/2022 08:00,0.172414
05/03/2022 09:00,0.155172
05/03/2022 10:00,0.155172
05/03/2022 11:00,0.172414
05/03/2022 12:00,0.241379
05/03/2022 13:00,0.275862
05/03/2022 14:00,0.206897
05/03/2022 15:00,0.086207
05/03/2022 16:00,-0.017241
05/03/2022 17:00,-0.068966
05/03/2022 18:00,-0.103448
05/03/2022 19:00,-0.086207
05/03/2022 20:00,0.017241
05/03/2022 21:00,0.0
05/03/2022 22:00,0.086207
05/03/2022 23:00,0.12069
05/04/2022 00:00,0.224138
05/04/2022 01:00,0.310345
05/04/2022 02:00,0.327586
05/04/2022 03:00,0.310345
05/04/2022 04:00,0.293103
05/04/2022 05:00,0.258621
05/04/2022 06:00,0.241379
05/04/2022 07:00,0.224138
05/04/2022 08:00,0.206897
05/04/2022 09:00,0.172414
05/04/2022 10:00,0.172414
05/04/2022 11:00,0.206897
05/04/2022 12:00,0.258621
05/04/2022 13:00,0.275862
05/04/2022 14:00,0.224138
05/04/2022 15:00,0.103448
05/04/2022 16:00,0.017241
05/04/2022 17:00,-0.017241
05/04/2022 18:00,-0.017241
05/04/2022 19:00,-0.086207
05/04/2022 20:00,0.0
05/04/2022 21:00,-0.017241
05/04/2022 22:00,0.017241
05/04/2022 23:00,0.068966
05/05/2022 00:00,0.189655
05/05/2022 01:00,0.293103
05/05/2022 02:00,0.327586
05/05/2022 03:00,0.327586
05/05/2022 04:00,0.293103
05/05/2022 05:00,0.258621
05/05/2022 06:00,0.224138
05/05/2022 07:00,0.224138
05/05/2022 08:00,0.206897
05/05/2022 09:00,0.172414
05/05/2022 10:00,0.172414
05/05/2022 11:00,0.206897
05/05/2022 12:00,0.258621
05/05/2022 13:00,0.275862
05/05/2022 14:00,0.189655
05/05/2022 15:00,0.103448
05/05/2022 16:00,0.034483
05/05/2022 17:00,0.0
05/05/2022 18:00,0.0
05/05/2022 19:00,-0.051724
05/05/2022 20:00,-0.068966
05/05/2022 21:00,0.034483
05/05/2022 22:00,0.034483
05/05/2022 23:00,0.103448
05/06/2022 00:00,0.189655
05/06/2022 01:00,0.293103
05/06/2022 02:00,0.310345
05/06/2022 03:00,0.293103
05/06/2022 04:00,0.258621
05/06/2022 05:00,0.206897
05/06/2022 06:00,0.189655
05/06/2022 07:00,0.172414
05/06/2022 08:00,0.172414
05/06/2022 09:00,0.155172
05/06/2022 10:00,0.172414
05/06/2022 11:00,0.189655
05/06/2022 12:00,0.241379
05/06/2022 13:00,0.275862
05/06/2022 14:00,0.275862
05/06/2022 15:00,0.189655
05/06/2022 16:00,0.103448
05/06/2022 17:00,-0.051724
05/06/2022 18:00,0.189655
05/06/2022 19:00,0.068966
05/06/2022 20:00,0.051724
05/06/2022 21:00,0.068966
05/06/2022 22:00,0.068966
05/06/2022 23:00,0.068966
05/07/2022 00:00,0.086207
05/07/2022 01:00,0.172414
05/07/2022 02:00,0.206897
05/07/2022 03:00,0.206897
05/07/2022 04:00,0.206897
05/07/2022 05:00,0.189655
05/07/2022 06:00,0.172414
05/07/2022 07:00,0.155172
05/07/2022 08:00,0.137931
05/07/2022 09:00,0.137931
05/07/2022 10:00,0.137931
05/07/2022 11:00,0.12069
05/07/2022 12:00,0.137931
05/07/2022 13:00,0.103448
05/07/2022 14:00,0.051724
05/07/2022 15:00,-0.051724
05/07/2022 16:00,-0.155172
05/07/2022 17:00,-0.241379
05/07/2022 18:00,-0.241379
05/07/2022 19:00,-0.327586
05/07/2022 20:00,-0.310345
05/07/2022 21:00,-0.224138
05/07/2022 22:00,-0.155172
05/07/2022 23:00,-0.034483
05/08/2022 00:00,0.086207
05/08/2022 01:00,0.189655
05/08/2022 02:00,0.206897
05/08/2022 03:00,0.206897
05/08/2022 04:00,0.189655
05/08/2022 05:00,0.172414
05/08/2022 06:00,0.155172
05/08/2022 07:00,0.137931
05/08/2022 08:00,0.12069
05/08/2022 09:00,0.12069
05/08/2022 10:00,0.103448
05/08/2022 11:00,0.12069
05/08/2022 12:00,0.12069
05/08/2022 13:00,0.103448
05/08/2022 14:00,0.034483
05/08/2022 15:00,-0.086207
05/08/2022 16:00,-0.189655
05/08/2022 17:00,-0.275862
05/08/2022 18:00,-0.310345
05/08/2022 19:00,-0.293103
05/08/2022 20:00,-0.275862
05/08/2022 21:00,-0.206897
05/08/2022 22:00,-0.12069
05/08/2022 23:00,-0.017241
05/09/2022 00:00,0.12069
05/09/2022 01:00,0.224138
05/09/2022 02:00,0.241379
05/09/2022 03:00,0.241379
05/09/2022 04:00,0.206897
05/09/2022 05:00,0.189655
05/09/2022 06:00,0.172414
05/09/2022 07:00,0.137931
05/09/2022 08:00,0.12069
05/09/2022 09:00,0.12069
05/09/2022 10:00,0.12069
05/09/2022 11:00,0.155172
05/09/2022 12:00,0.189655
05/09/2022 13:00,0.224138
05/09/2022 14:00,0.137931
05/09/2022 15:00,0.017241
05/09/2022 16:00,-0.086207
05/09/2022 17:00,-0.172414
05/09/2022 18:00,-0.224138
05/09/2022 19:00,-0.206897
05/09/2022 20:00,-0.189655
05/09/2022 21:00,-0.137931
05/09/2022 22:00,-0.068966
05/09/2022 23:00,0.0
05/10/2022 00:00,0.12069
05/10/2022 01:00,0.224138
05/10/2022 02:00,0.241379
05/10/2022 03:00,0.241379
05/10/2022 04:00,0.206897
05/10/2022 05:00,0.189655
05/10/2022 06:00,0.172414
05/10/2022 07:00,0.155172
05/10/2022 08:00,0.137931
05/10/2022 09:00,0.12069
05/10/2022 10:00,0.12069
05/10/2022 11:00,0.155172
05/10/2022 12:00,0.206897
05/10/2022 13:00,0.224138
05/10/2022 14:00,0.155172
05/10/2022 15:00,0.034483
05/10/2022 16:00,-0.068966
05/10/2022 17:00,-0.155172
05/10/2022 18:00,-0.189655
05/10/2022 19:00,-0.172414
05/10/2022 20:00,-0.155172
05/10/2022 21:00,-0.103448
05/10/2022 22:00,-0.034483
05/10/2022 23:00,0.034483
05/11/2022 00:00,0.137931
05/11/2022 01:00,0.241379
05/11/2022 02:00,0.258621
05/11/2022 03:00,0.241379
05/11/2022 04:00,0.206897
05/11/2022 05:00,0.172414
05/11/2022 06:00,0.155172
05/11/2022 07:00,0.137931
05/11/2022 08:00,0.137931
05/11/2022 09:00,0.12069
05/11/2022 10:00,0.12069
05/11/2022 11:00,0.155172
05/11/2022 12:00,0.206897
05/11/2022 13:00,0.224138
05/11/2022 14:00,0.155172
05/11/2022 15:00,0.034483
05/11/2022 16:00,-0.051724
05/11/2022 17:00,-0.12069
05/11/2022 18:00,-0.172414
05/11/2022 19:00,-0.155172
05/11/2022 20:00,-0.155172
05/11/2022 21:00,-0.086207
05/11/2022 22:00,-0.017241
05/11/2022 23:00,0.034483
05/12/2022 00:00,0.155172
05/12/2022 01:00,0.258621
05/12/2022 02:00,0.293103
05/12/2022 03:00,0.275862
05/12/2022 04:00,0.241379
05/12/2022 05:00,0.224138
05/12/2022 06:00,0.189655
05/12/2022 07:00,0.172414
05/12/2022 08:00,0.155172
05/12/2022 09:00,0.137931
05/12/2022 10:00,0.12069
05/12/2022 11:00,0.155172
05/12/2022 12:00,0.206897
05/12/2022 13:00,0.224138
05/12/2022 14:00,0.155172
05/12/2022 15:00,0.034483
05/12/2022 16:00,-0.051724
05/12/2022 17:00,-0.12069
05/12/2022 18:00,-0.172414
05/12/2022 19:00,-0.155172
05/12/2022 20:00,-0.137931
05/12/2022 21:00,-0.086207
05/12/2022 22:00,-0.017241
05/12/2022 23:00,0.086207
05/13/2022 00:00,0.155172
05/13/2022 01:00,0.258621
05/13/2022 02:00,0.275862
05/13/2022 03:00,0.258621
05/13/2022 04:00,0.224138
05/13/2022 05:00,0.189655
05/13/2022 06:00,0.172414
05/13/2022 07:00,0.155172
05/13/2022 08:00,0.155172
05/13/2022 09:00,0.137931
05/13/2022 10:00,0.137931
05/13/2022 11:00,0.172414
05/13/2022 12:00,0.224138
05/13/2022 13:00,0.241379
05/13/2022 14:00,0.172414
05/13/2022 15:00,0.068966
05/13/2022 16:00,-0.017241
05/13/2022 17:00,-0.034483
05/13/2022 18:00,-0.051724
05/13/2022 19:00,-0.086207
05/13/2022 20:00,-0.12069
05/13/2022 21:00,0.017241
05/13/2022 22:00,0.068966
05/13/2022 23:00,0.017241
05/14/2022 00:00,0.137931
05/14/2022 01:00,0.224138
05/14/2022 02:00,0.241379
05/14/2022 03:00,0.241379
05/14/2022 04:00,0.224138
05/14/2022 05:00,0.206897
05/14/2022 06:00,0.189655
05/14/2022 07:00,0.172414
05/14/2022 08:00,0.155172
05/14/2022 09:00,0.155172
05/14/2022 10:00,0.155172
05/14/2022 11:00,0.137931
05/14/2022 12:00,0.137931
05/14/2022 13:00,0.137931
05/14/2022 14:00,0.086207
05/14/2022 15:00,-0.034483
05/14/2022 16:00,-0.103448
05/14/2022 17:00,-0.017241
05/14/2022 18:00,-0.051724
05/14/2022 19:00,-0.086207
05/14/2022 20:00,-0.206897
05/14/2022 21:00,-0.068966
05/14/2022 22:00,0.034483
05/14/2022 23:00,0.068966
05/15/2022 00:00,0.155172
05/15/2022 01:00,0.224138
05/15/2022 02:00,0.241379
05/15/2022 03:00,0.241379
05/15/2022 04:00,0.206897
05/15/2022 05:00,0.189655
05/15/2022 06:00,0.172414
05/15/2022 07:00,0.155172
05/15/2022 08:00,0.137931
05/15/2022 09:00,0.137931
05/15/2022 10:00,0.137931
05/15/2022 11:00,0.137931
05/15/2022 12:00,0.137931
05/15/2022 13:00,0.12069
05/15/2022 14:00,0.051724
05/15/2022 15:00,-0.034483
05/15/2022 16:00,-0.137931
05/15/2022 17:00,-0.103448
05/15/2022 18:00,-0.068966
05/15/2022 19:00,-0.068966
05/15/2022 20:00,-0.017241
05/15/2022 21:00,0.224138
05/15/2022 22:00,0.155172
05/15/2022 23:00,0.137931
05/16/2022 00:00,0.12069
05/16/2022 01:00,0.189655
05/16/2022 02:00,0.224138
05/16/2022 03:00,0.224138
05/16/2022 04:00,0.206897
05/16/2022 05:00,0.189655
05/16/2022 06:00,0.172414
05/16/2022 07:00,0.137931
05/16/2022 08:00,0.137931
05/16/2022 09:00,0.12069
05/16/2022 10:00,0.155172
05/16/2022 11:00,0.172414
05/16/2022 12:00,0.224138
05/16/2022 13:00,0.241379
05/16/2022 14:00,0.206897
05/16/2022 15:00,0.103448
05/16/2022 16:00,-0.017241
05/16/2022 17:00,-0.068966
05/16/2022 18:00,-0.103448
05/16/2022 19:00,-0.103448
05/16/2022 20:00,-0.086207
05/16/2022 21:00,-0.017241
05/16/2022 22:00,0.017241
05/16/2022 23:00,0.086207
05/17/2022 00:00,0.224138
05/17/2022 01:00,0.293103
05/17/2022 02:00,0.310345
05/17/2022 03:00,0.293103
05/17/2022 04:00,0.275862
05/17/2022 05:00,0.241379
05/17/2022 06:00,0.206897
05/17/2022 07:00,0.189655
05/17/2022 08:00,0.172414
05/17/2022 09:00,0.155172
05/17/2022 10:00,0.155172
05/17/2022 11:00,0.189655
05/17/2022 12:00,0.241379
05/17/2022 13:00,0.258621
05/17/2022 14:00,0.206897
05/17/2022 15:00,0.103448
05/17/2022 16:00,0.017241
05/17/2022 17:00,-0.034483
05/17/2022 18:00,-0.068966
05/17/2022 19:00,-0.051724
05/17/2022 20:00,-0.034483
05/17/2022 21:00,0.051724
05/17/2022 22:00,0.137931
05/17/2022 23:00,0.103448
05/18/2022 00:00,0.224138
05/18/2022 01:00,0.327586
05/18/2022 02:00,0.327586
05/18/2022 03:00,0.327586
05/18/2022 04:00,0.293103
05/18/2022 05:00,0.258621
05/18/2022 06:00,0.224138
05/18/2022 07:00,0.206897
05/18/2022 08:00,0.189655
05/18/2022 09:00,0.155172
05/18/2022 10:00,0.172414
05/18/2022 11:00,0.189655
05/18/2022 12:00,0.224138
05/18/2022 13:00,0.241379
05/18/2022 14:00,0.172414
05/18/2022 15:00,0.086207
05/18/2022 16:00,0.017241
05/18/2022 17:00,-0.017241
05/18/2022 18:00,-0.051724
05/18/2022 19:00,-0.034483
05/18/2022 20:00,-0.034483
05/18/2022 21:00,0.051724
05/18/2022 22:00,0.103448
05/18/2022 23:00,0.137931
05/19/2022 00:00,0.241379
05/19/2022 01:00,0.310345
05/19/2022 02:00,0.327586
05/19/2022 03:00,0.327586
05/19/2022 04:00,0.293103
05/19/2022 05:00,0.258621
05/19/2022 06:00,0.224138
05/19/2022 07:00,0.224138
05/19/2022 08:00,0.206897
05/19/2022 09:00,0.172414
05/19/2022 10:00,0.172414
05/19/2022 11:00,0.206897
05/19/2022 12:00,0.275862
05/19/2022 13:00,0.293103
05/19/2022 14:00,0.224138
05/19/2022 15:00,0.172414
05/19/2022 16:00,0.068966
05/19/2022 17:00,-0.017241
05/19/2022 18:00,-0.034483
05/19/2022 19:00,-0.017241
05/19/2022 20:00,0.0
05/19/2022 21:00,0.034483
05/19/2022 22:00,0.155172
05/19/2022 23:00,0.189655
05/20/2022 00:00,0.275862
05/20/2022 01:00,0.327586
05/20/2022 02:00,0.344828
05/20/2022 03:00,0.344828
05/20/2022 04:00,0.293103
05/20/2022 05:00,0.258621
05/20/2022 06:00,0.241379
05/20/2022 07:00,0.224138
05/20/2022 08:00,0.206897
05/20/2022 09:00,0.206897
05/20/2022 10:00,0.206897
05/20/2022 11:00,0.224138
05/20/2022 12:00,0.275862
05/20/2022 13:00,0.293103
05/20/2022 14:00,0.224138
05/20/2022 15:00,0.155172
05/20/2022 16:00,0.068966
05/20/2022 17:00,-0.017241
05/20/2022 18:00,-0.086207
05/20/2022 19:00,-0.068966
05/20/2022 20:00,-0.086207
05/20/2022 21:00,0.034483
05/20/2022 22:00,0.258621
05/20/2022 23:00,0.224138
05/21/2022 00:00,0.224138
05/21/2022 01:00,0.275862
05/21/2022 02:00,0.275862
05/21/2022 03:00,0.275862
05/21/2022 04:00,0.258621
05/21/2022 05:00,0.241379
05/21/2022 06:00,0.224138
05/21/2022 07:00,0.206897
05/21/2022 08:00,0.189655
05/21/2022 09:00,0.189655
05/21/2022 10:00,0.189655
05/21/2022 11:00,0.172414
05/21/2022 12:00,0.172414
05/21/2022 13:00,0.172414
05/21/2022 14:00,0.12069
05/21/2022 15:00,0.051724
05/21/2022 16:00,0.034483
05/21/2022 17:00,0.0
05/21/2022 18:00,-0.017241
05/21/2022 19:00,-0.017241
05/21/2022 20:00,0.172414
05/21/2022 21:00,0.206897
05/21/2022 22:00,0.068966
05/21/2022 23:00,0.086207
05/22/2022 00:00,0.155172
05/22/2022 01:00,0.224138
05/22/2022 02:00,0.241379
05/22/2022 03:00,0.258621
05/22/2022 04:00,0.224138
05/22/2022 05:00,0.206897
05/22/2022 06:00,0.189655
05/22/2022 07:00,0.172414
05/22/2022 08:00,0.172414
05/22/2022 09:00,0.155172
05/22/2022 10:00,0.155172
05/22/2022 11:00,0.155172
05/22/2022 12:00,0.137931
05/22/2022 13:00,0.12069
05/22/2022 14:00,0.068966
05/22/2022 15:00,0.068966
05/22/2022 16:00,-0.086207
05/22/2022 17:00,-0.051724
05/22/2022 18:00,0.051724
05/22/2022 19:00,0.189655
05/22/2022 20:00,0.017241
05/22/2022 21:00,-0.017241
05/22/2022 22:00,0.017241
05/22/2022 23:00,0.086207
05/23/2022 00:00,0.189655
05/23/2022 01:00,0.224138
05/23/2022 02:00,0.241379
05/23/2022 03:00,0.224138
05/23/2022 04:00,0.206897
05/23/2022 05:00,0.189655
05/23/2022 06:00,0.155172
05/23/2022 07:00,0.137931
05/23/2022 08:00,0.137931
05/23/2022 09:00,0.137931
05/23/2022 10:00,0.155172
05/23/2022 11:00,0.189655
05/23/2022 12:00,0.224138
05/23/2022 13:00,0.241379
05/23/2022 14:00,0.189655
05/23/2022 15:00,0.12069
05/23/2022 16:00,0.051724
05/23/2022 17:00,0.017241
05/23/2022 18:00,0.137931
05/23/2022 19:00,0.189655
05/23/2022 20:00,0.293103
05/23/2022 21:00,0.293103
05/23/2022 22:00,0.275862
05/23/2022 23:00,0.155172
05/24/2022 00:00,0.137931
05/24/2022 01:00,0.189655
05/24/2022 02:00,0.224138
05/24/2022 03:00,0.224138
05/24/2022 04:00,0.206897
05/24/2022 05:00,0.189655
05/24/2022 06:00,0.172414
05/24/2022 07:00,0.172414
05/24/2022 08:00,0.155172
05/24/2022 09:00,0.137931
05/24/2022 10:00,0.155172
05/24/2022 11:00,0.172414
05/24/2022 12:00,0.224138
05/24/2022 13:00,0.241379
05/24/2022 14:00,0.172414
05/24/2022 15:00,0.103448
05/24/2022 16:00,0.137931
05/24/2022 17:00,0.137931
05/24/2022 18:00,0.034483
05/24/2022 19:00,0.051724
05/24/2022 20:00,0.12069
05/24/2022 21:00,0.327586
05/24/2022 22:00,0.12069
05/24/2022 23:00,0.086207
05/25/2022 00:00,0.241379
05/25/2022 01:00,0.224138
05/25/2022 02:00,0.224138
05/25/2022 03:00,0.224138
05/25/2022 04:00,0.206897
05/25/2022 05:00,0.189655
05/25/2022 06:00,0.172414
05/25/2022 07:00,0.172414
05/25/2022 08:00,0.155172
05/25/2022 09:00,0.137931
05/25/2022 10:00,0.155172
05/25/2022 11:00,0.172414
05/25/2022 12:00,0.224138
05/25/2022 13:00,0.241379
05/25/2022 14:00,0.189655
05/25/2022 15:00,0.155172
05/25/2022 16:00,0.103448
05/25/2022 17:00,0.12069
05/25/2022 18:00,0.310345
05/25/2022 19:00,0.293103
05/25/2022 20:00,0.293103
05/25/2022 21:00,0.310345
05/25/2022 22:00,0.224138
05/25/2022 23:00,0.206897
05/26/2022 00:00,0.206897
05/26/2022 01:00,0.206897
05/26/2022 02:00,0.206897
05/26/2022 03:00,0.206897
05/26/2022 04:00,0.206897
05/26/2022 05:00,0.172414
05/26/2022 06:00,0.172414
05/26/2022 07:00,0.172414
05/26/2022 08:00,0.155172
05/26/2022 09:00,0.137931
05/26/2022 10:00,0.155172
05/26/2022 11:00,0.155172
05/26/2022 12:00,0.224138
05/26/2022 13:00,0.241379
05/26/2022 14:00,0.241379
05/26/2022 15:00,0.224138
05/26/2022 16:00,0.224138
05/26/2022 17:00,0.224138
05/26/2022 18:00,0.206897
05/26/2022 19:00,0.155172
05/26/2022 20:00,0.206897
05/26/2022 21:00,0.224138
05/26/2022 22:00,0.189655
05/26/2022 23:00,0.172414
05/27/2022 00:00,0.155172
05/27/2022 01:00,0.137931
05/27/2022 02:00,0.172414
05/27/2022 03:00,0.189655
05/27/2022 04:00,0.172414
05/27/2022 05:00,0.155172
05/27/2022 06:00,0.137931
05/27/2022 07:00,0.137931
05/27/2022 08:00,0.137931
05/27/2022 09:00,0.12069
05/27/2022 10:00,0.12069
05/27/2022 11:00,0.137931
05/27/2022 12:00,0.155172
05/27/2022 13:00,0.155172
05/27/2022 14:00,0.086207
05/27/2022 15:00,0.051724
05/27/2022 16:00,-0.051724
05/27/2022 17:00,-0.155172
05/27/2022 18:00,-0.206897
05/27/2022 19:00,-0.189655
05/27/2022 20:00,-0.172414
05/27/2022 21:00,-0.086207
05/27/2022 22:00,0.017241
05/27/2022 23:00,0.068966
05/28/2022 00:00,0.137931
05/28/2022 01:00,0.224138
05/28/2022 02:00,0.241379
05/28/2022 03:00,0.241379
05/28/2022 04:00,0.224138
05/28/2022 05:00,0.206897
05/28/2022 06:00,0.172414
05/28/2022 07:00,0.155172
05/28/2022 08:00,0.137931
05/28/2022 09:00,0.137931
05/28/2022 10:00,0.137931
05/28/2022 11:00,0.137931
05/28/2022 12:00,0.12069
05/28/2022 13:00,0.12069
05/28/2022 14:00,0.051724
05/28/2022 15:00,-0.034483
05/28/2022 16:00,-0.137931
05/28/2022 17:00,-0.206897
05/28/2022 18:00,-0.241379
05/28/2022 19:00,-0.241379
05/28/2022 20:00,-0.206897
05/28/2022 21:00,-0.155172
05/28/2022 22:00,-0.068966
05/28/2022 23:00,0.017241
05/29/2022 00:00,0.137931
05/29/2022 01:00,0.224138
05/29/2022 02:00,0.241379
05/29/2022 03:00,0.224138
05/29/2022 04:00,0.206897
05/29/2022 05:00,0.189655
05/29/2022 06:00,0.172414
05/29/2022 07:00,0.155172
05/29/2022 08:00,0.137931
05/29/2022 09:00,0.137931
05/29/2022 10:00,0.137931
05/29/2022 11:00,0.12069
05/29/2022 12:00,0.12069
05/29/2022 13:00,0.103448
05/29/2022 14:00,0.051724
05/29/2022 15:00,-0.051724
05/29/2022 16:00,-0.137931
05/29/2022 17:00,-0.189655
05/29/2022 18:00,-0.206897
05/29/2022 19:00,-0.206897
05/29/2022 20:00,-0.172414
05/29/2022 21:00,-0.051724
05/29/2022 22:00,0.172414
05/29/2022 23:00,0.155172
05/30/2022 00:00,0.155172
05/30/2022 01:00,0.206897
05/30/2022 02:00,0.258621
05/30/2022 03:00,0.241379
05/30/2022 04:00,0.241379
05/30/2022 05:00,0.206897
05/30/2022 06:00,0.189655
05/30/2022 07:00,0.155172
05/30/2022 08:00,0.155172
05/30/2022 09:00,0.155172
05/30/2022 10:00,0.155172
05/30/2022 11:00,0.172414
05/30/2022 12:00,0.206897
05/30/2022 13:00,0.206897
05/30/2022 14:00,0.137931
05/30/2022 15:00,0.051724
05/30/2022 16:00,-0.017241
05/30/2022 17:00,-0.068966
05/30/2022 18:00,-0.051724
05/30/2022 19:00,-0.086207
05/30/2022 20:00,-0.086207
05/30/2022 21:00,-0.068966
05/30/2022 22:00,0.051724
05/30/2022 23:00,0.086207
05/31/2022 00:00,0.241379
05/31/2022 01:00,0.293103
05/31/2022 02:00,0.310345
05/31/2022 03:00,0.310345
05/31/2022 04:00,0.275862
05/31/2022 05:00,0.224138
05/31/2022 06:00,0.206897
05/31/2022 07:00,0.189655
05/31/2022 08:00,0.172414
05/31/2022 09:00,0.172414
05/31/2022 10:00,0.172414
05/31/2022 11:00,0.189655
05/31/2022 12:00,0.258621
05/31/2022 13:00,0.258621
05/31/2022 14:00,0.224138
05/31/2022 15:00,0.12069
05/31/2022 16:00,0.051724
05/31/2022 17:00,0.017241
05/31/2022 18:00,-0.051724
05/31/2022 19:00,-0.017241
05/31/2022 20:00,0.034483
05/31/2022 21:00,0.086207
05/31/2022 22:00,0.103448
05/31/2022 23:00,0.12069
06/01/2022 00:00,0.258621
06/01/2022 01:00,0.327586
06/01/2022 02:00,0.327586
06/01/2022 03:00,0.327586
06/01/2022 04:00,0.293103
06/01/2022 05:00,0.258621
06/01/2022 06:00,0.241379
06/01/2022 07:00,0.224138
06/01/2022 08:00,0.206897
06/01/2022 09:00,0.172414
06/01/2022 10:00,0.189655
06/01/2022 11:00,0.206897
06/01/2022 12:00,0.258621
06/01/2022 13:00,0.293103
06/01/2022 14:00,0.224138
06/01/2022 15:00,0.103448
06/01/2022 16:00,0.034483
06/01/2022 17:00,0.0
06/01/2022 18:00,-0.034483
06/01/2022 19:00,0.086207
06/01/2022 20:00,0.017241
06/01/2022 21:00,0.068966
06/01/2022 22:00,0.086207
06/01/2022 23:00,0.12069
06/02/2022 00:00,0.241379
06/02/2022 01:00,0.327586
06/02/2022 02:00,0.344828
06/02/2022 03:00,0.344828
06/02/2022 04:00,0.310345
06/02/2022 05:00,0.258621
06/02/2022 06:00,0.241379
06/02/2022 07:00,0.224138
06/02/2022 08:00,0.206897
06/02/2022 09:00,0.189655
06/02/2022 10:00,0.189655
06/02/2022 11:00,0.206897
06/02/2022 12:00,0.258621
06/02/2022 13:00,0.275862
06/02/2022 14:00,0.224138
06/02/2022 15:00,0.137931
06/02/2022 16:00,0.051724
06/02/2022 17:00,0.0
06/02/2022 18:00,0.0
06/02/2022 19:00,0.017241
06/02/2022 20:00,0.068966
06/02/2022 21:00,0.034483
06/02/2022 22:00,0.103448
06/02/2022 23:00,0.12069
06/03/2022 00:00,0.241379
06/03/2022 01:00,0.327586
06/03/2022 02:00,0.327586
06/03/2022 03:00,0.327586
06/03/2022 04:00,0.293103
06/03/2022 05:00,0.241379
06/03/2022 06:00,0.224138
06/03/2022 07:00,0.206897
06/03/2022 08:00,0.189655
06/03/2022 09:00,0.189655
06/03/2022 10:00,0.189655
06/03/2022 11:00,0.189655
06/03/2022 12:00,0.189655
06/03/2022 13:00,0.206897
06/03/2022 14:00,0.155172
06/03/2022 15:00,0.086207
06/03/2022 16:00,0.0
06/03/2022 17:00,-0.051724
06/03/2022 18:00,-0.068966
06/03/2022 19:00,-0.051724
06/03/2022 20:00,0.051724
06/03/2022 21:00,-0.034483
06/03/2022 22:00,0.189655
06/03/2022 23:00,0.068966
06/04/2022 00:00,0.258621
06/04/2022 01:00,0.293103
06/04/2022 02:00,0.275862
06/04/2022 03:00,0.275862
06/04/2022 04:00,0.258621
06/04/2022 05:00,0.241379
06/04/2022 06:00,0.206897
06/04/2022 07:00,0.189655
06/04/2022 08:00,0.172414
06/04/2022 09:00,0.172414
06/04/2022 10:00,0.172414
06/04/2022 11:00,0.155172
06/04/2022 12:00,0.172414
06/04/2022 13:00,0.155172
06/04/2022 14:00,0.086207
06/04/2022 15:00,0.0
06/04/2022 16:00,-0.086207
06/04/2022 17:00,-0.12069
06/04/2022 18:00,-0.155172
06/04/2022 19:00,-0.189655
06/04/2022 20:00,-0.12069
06/04/2022 21:00,-0.103448
06/04/2022 22:00,-0.017241
06/04/2022 23:00,0.086207
06/05/2022 00:00,0.189655
06/05/2022 01:00,0.293103
06/05/2022 02:00,0.310345
06/05/2022 03:00,0.293103
06/05/2022 04:00,0.275862
06/05/2022 05:00,0.241379
06/05/2022 06:00,0.224138
06/05/2022 07:00,0.189655
06/05/2022 08:00,0.172414
06/05/2022 09:00,0.172414
06/05/2022 10:00,0.172414
06/05/2022 11:00,0.155172
06/05/2022 12:00,0.155172
06/05/2022 13:00,0.155172
06/05/2022 14:00,0.086207
06/05/2022 15:00,0.0
06/05/2022 16:00,-0.086207
06/05/2022 17:00,-0.137931
06/05/2022 18:00,-0.12069
06/05/2022 19:00,-0.137931
06/05/2022 20:00,-0.137931
06/05/2022 21:00,-0.051724
06/05/2022 22:00,0.155172
06/05/2022 23:00,0.327586
06/06/2022 00:00,0.293103
06/06/2022 01:00,0.275862
06/06/2022 02:00,0.275862
06/06/2022 03:00,0.258621
06/06/2022 04:00,0.241379
06/06/2022 05:00,0.224138
06/06/2022 06:00,0.189655
06/06/2022 07:00,0.172414
06/06/2022 08:00,0.155172
06/06/2022 09:00,0.155172
06/06/2022 10:00,0.155172
06/06/2022 11:00,0.172414
06/06/2022 12:00,0.224138
06/06/2022 13:00,0.241379
06/06/2022 14:00,0.206897
06/06/2022 15:00,0.12069
06/06/2022 16:00,0.068966
06/06/2022 17:00,0.017241
06/06/2022 18:00,-0.017241
06/06/2022 19:00,0.034483
06/06/2022 20:00,0.137931
06/06/2022 21:00,0.051724
06/06/2022 22:00,0.189655
06/06/2022 23:00,0.224138
06/07/2022 00:00,0.275862
06/07/2022 01:00,0.362069
06/07/2022 02:00,0.362069
06/07/2022 03:00,0.362069
06/07/2022 04:00,0.344828
06/07/2022 05:00,0.310345
06/07/2022 06:00,0.275862
06/07/2022 07:00,0.258621
06/07/2022 08:00,0.241379
06/07/2022 09:00,0.224138
06/07/2022 10:00,0.224138
06/07/2022 11:00,0.241379
06/07/2022 12:00,0.293103
06/07/2022 13:00,0.310345
06/07/2022 14:00,0.258621
06/07/2022 15:00,0.137931
06/07/2022 16:00,0.155172
06/07/2022 17:00,0.034483
06/07/2022 18:00,0.034483
06/07/2022 19:00,0.137931
06/07/2022 20:00,0.034483
06/07/2022 21:00,0.086207
06/07/2022 22:00,0.137931
06/07/2022 23:00,0.155172
06/08/2022 00:00,0.275862
06/08/2022 01:00,0.362069
06/08/2022 02:00,0.37931
06/08/2022 03:00,0.362069
06/08/2022 04:00,0.327586
06/08/2022 05:00,0.310345
06/08/2022 06:00,0.275862
06/08/2022 07:00,0.258621
06/08/2022 08:00,0.258621
06/08/2022 09:00,0.224138
06/08/2022 10:00,0.224138
06/08/2022 11:00,0.241379
06/08/2022 12:00,0.293103
06/08/2022 13:00,0.293103
06/08/2022 14:00,0.241379
06/08/2022 15:00,0.310345
06/08/2022 16:00,0.310345
06/08/2022 17:00,0.224138
06/08/2022 18:00,0.137931
06/08/2022 19:00,0.017241
06/08/2022 20:00,0.017241
06/08/2022 21:00,0.051724
06/08/2022 22:00,0.103448
06/08/2022 23:00,0.172414
06/09/2022 00:00,0.258621
06/09/2022 01:00,0.362069
06/09/2022 02:00,0.37931
06/09/2022 03:00,0.37931
06/09/2022 04:00,0.344828
06/09/2022 05:00,0.310345
06/09/2022 06:00,0.293103
06/09/2022 07:00,0.258621
06/09/2022 08:00,0.241379
06/09/2022 09:00,0.224138
06/09/2022 10:00,0.224138
06/09/2022 11:00,0.241379
06/09/2022 12:00,0.293103
06/09/2022 13:00,0.327586
06/09/2022 14:00,0.293103
06/09/2022 15:00,0.258621
06/09/2022 16:00,0.310345
06/09/2022 17:00,0.137931
06/09/2022 18:00,0.103448
06/09/2022 19:00,0.017241
06/09/2022 20:00,-0.017241
06/09/2022 21:00,0.275862
06/09/2022 22:00,0.362069
06/09/2022 23:00,0.275862
06/10/2022 00:00,0.241379
06/10/2022 01:00,0.275862
06/10/2022 02:00,0.327586
06/10/2022 03:00,0.327586
06/10/2022 04:00,0.293103
06/10/2022 05:00,0.258621
06/10/2022 06:00,0.241379
06/10/2022 07:00,0.224138
06/10/2022 08:00,0.224138
06/10/2022 09:00,0.206897
06/10/2022 10:00,0.224138
06/10/2022 11:00,0.241379
06/10/2022 12:00,0.293103
06/10/2022 13:00,0.293103
06/10/2022 14:00,0.258621
06/10/2022 15:00,0.137931
06/10/2022 16:00,0.068966
06/10/2022 17:00,0.017241
06/10/2022 18:00,0.051724
06/10/2022 19:00,0.034483
06/10/2022 20:00,0.103448
06/10/2022 21:00,0.017241
06/10/2022 22:00,0.172414
06/10/2022 23:00,0.258621
06/11/2022 00:00,0.327586
06/11/2022 01:00,0.362069
06/11/2022 02:00,0.344828
06/11/2022 03:00,0.327586
06/11/2022 04:00,0.310345
06/11/2022 05:00,0.293103
06/11/2022 06:00,0.275862
06/11/2022 07:00,0.258621
06/11/2022 08:00,0.241379
06/11/2022 09:00,0.241379
06/11/2022 10:00,0.224138
06/11/2022 11:00,0.206897
06/11/2022 12:00,0.189655
06/11/2022 13:00,0.172414
06/11/2022 14:00,0.12069
06/11/2022 15:00,0.034483
06/11/2022 16:00,-0.086207
06/11/2022 17:00,-0.12069
06/11/2022 18:00,-0.155172
06/11/2022 19:00,-0.155172
06/11/2022 20:00,-0.137931
06/11/2022 21:00,-0.034483
06/11/2022 22:00,0.0
06/11/2022 23:00,0.086207
06/12/2022 00:00,0.206897
06/12/2022 01:00,0.310345
06/12/2022 02:00,0.327586
06/12/2022 03:00,0.310345
06/12/2022 04:00,0.293103
06/12/2022 05:00,0.258621
06/12/2022 06:00,0.241379
06/12/2022 07:00,0.224138
06/12/2022 08:00,0.189655
06/12/2022 09:00,0.189655
06/12/2022 10:00,0.172414
06/12/2022 11:00,0.172414
06/12/2022 12:00,0.172414
06/12/2022 13:00,0.155172
06/12/2022 14:00,0.103448
06/12/2022 15:00,0.017241
06/12/2022 16:00,-0.051724
06/12/2022 17:00,-0.103448
06/12/2022 18:00,-0.137931
06/12/2022 19:00,-0.12069
06/12/2022 20:00,-0.017241
06/12/2022 21:00,0.017241
06/12/2022 22:00,0.155172
06/12/2022 23:00,0.172414
06/13/2022 00:00,0.310345
06/13/2022 01:00,0.37931
06/13/2022 02:00,0.413793
06/13/2022 03:00,0.413793
06/13/2022 04:00,0.37931
06/13/2022 05:00,0.362069
06/13/2022 06:00,0.327586
06/13/2022 07:00,0.293103
06/13/2022 08:00,0.275862
06/13/2022 09:00,0.275862
06/13/2022 10:00,0.275862
06/13/2022 11:00,0.310345
06/13/2022 12:00,0.362069
06/13/2022 13:00,0.362069
06/13/2022 14:00,0.327586
06/13/2022 15:00,0.241379
06/13/2022 16:00,0.206897
06/13/2022 17:00,0.155172
06/13/2022 18:00,0.137931
06/13/2022 19:00,0.103448
06/13/2022 20:00,0.086207
06/13/2022 21:00,0.206897
06/13/2022 22:00,0.189655
06/13/2022 23:00,0.224138
06/14/2022 00:00,0.327586
06/14/2022 01:00,0.413793
06/14/2022 02:00,0.413793
06/14/2022 03:00,0.448276
06/14/2022 04:00,0.413793
06/14/2022 05:00,0.362069
06/14/2022 06:00,0.327586
06/14/2022 07:00,0.293103
06/14/2022 08:00,0.275862
06/14/2022 09:00,0.241379
06/14/2022 10:00,0.241379
06/14/2022 11:00,0.275862
06/14/2022 12:00,0.310345
06/14/2022 13:00,0.327586
06/14/2022 14:00,0.293103
06/14/2022 15:00,0.241379
06/14/2022 16:00,0.189655
06/14/2022 17:00,0.137931
06/14/2022 18:00,0.12069
06/14/2022 19:00,0.12069
06/14/2022 20:00,0.206897
06/14/2022 21:00,0.189655
06/14/2022 22:00,0.206897
06/14/2022 23:00,0.396552
06/15/2022 00:00,0.362069
06/15/2022 01:00,0.344828
06/15/2022 02:00,0.327586
06/15/2022 03:00,0.327586
06/15/2022 04:00,0.310345
06/15/2022 05:00,0.275862
06/15/2022 06:00,0.258621
06/15/2022 07:00,0.241379
06/15/2022 08:00,0.241379
06/15/2022 09:00,0.206897
06/15/2022 10:00,0.224138
06/15/2022 11:00,0.241379
06/15/2022 12:00,0.293103
06/15/2022 13:00,0.310345
06/15/2022 14:00,0.224138
06/15/2022 15:00,0.172414
06/15/2022 16:00,0.103448
06/15/2022 17:00,0.103448
06/15/2022 18:00,0.086207
06/15/2022 19:00,0.068966
06/15/2022 20:00,0.051724
06/15/2022 21:00,0.103448
06/15/2022 22:00,0.155172
06/15/2022 23:00,0.224138
06/16/2022 00:00,0.310345
06/16/2022 01:00,0.37931
06/16/2022 02:00,0.413793
06/16/2022 03:00,0.413793
06/16/2022 04:00,0.37931
06/16/2022 05:00,0.344828
06/16/2022 06:00,0.327586
06/16/2022 07:00,0.310345
06/16/2022 08:00,0.293103
06/16/2022 09:00,0.258621
06/16/2022 10:00,0.258621
06/16/2022 11:00,0.275862
06/16/2022 12:00,0.327586
06/16/2022 13:00,0.310345
06/16/2022 14:00,0.275862
06/16/2022 15:00,0.172414
06/16/2022 16:00,0.12069
06/16/2022 17:00,0.137931
06/16/2022 18:00,0.189655
06/16/2022 19:00,0.189655
06/16/2022 20:00,0.12069
06/16/2022 21:00,0.172414
06/16/2022 22:00,0.241379
06/16/2022 23:00,0.258621
06/17/2022 00:00,0.431034
06/17/2022 01:00,0.448276
06/17/2022 02:00,0.448276
06/17/2022 03:00,0.431034
06/17/2022 04:00,0.396552
06/17/2022 05:00,0.344828
06/17/2022 06:00,0.310345
06/17/2022 07:00,0.293103
06/17/2022 08:00,0.275862
06/17/2022 09:00,0.258621
06/17/2022 10:00,0.275862
06/17/2022 11:00,0.293103
06/17/2022 12:00,0.310345
06/17/2022 13:00,0.310345
06/17/2022 14:00,0.293103
06/17/2022 15:00,0.206897
06/17/2022 16:00,0.12069
06/17/2022 17:00,0.086207
06/17/2022 18:00,0.086207
06/17/2022 19:00,0.017241
06/17/2022 20:00,0.017241
06/17/2022 21:00,0.068966
06/17/2022 22:00,0.12069
06/17/2022 23:00,0.206897
06/18/2022 00:00,0.293103
06/18/2022 01:00,0.37931
06/18/2022 02:00,0.396552
06/18/2022 03:00,0.396552
06/18/2022 04:00,0.362069
06/18/2022 05:00,0.327586
06/18/2022 06:00,0.310345
06/18/2022 07:00,0.293103
06/18/2022 08:00,0.275862
06/18/2022 09:00,0.258621
06/18/2022 10:00,0.241379
06/18/2022 11:00,0.241379
06/18/2022 12:00,0.224138
06/18/2022 13:00,0.206897
06/18/2022 14:00,0.155172
06/18/2022 15:00,0.103448
06/18/2022 16:00,0.034483
06/18/2022 17:00,-0.068966
06/18/2022 18:00,-0.103448
06/18/2022 19:00,-0.086207
06/18/2022 20:00,-0.034483
06/18/2022 21:00,0.0
06/18/2022 22:00,0.068966
06/18/2022 23:00,0.172414
06/19/2022 00:00,0.310345
06/19/2022 01:00,0.396552
06/19/2022 02:00,0.413793
06/19/2022 03:00,0.413793
06/19/2022 04:00,0.37931
06/19/2022 05:00,0.344828
06/19/2022 06:00,0.327586
06/19/2022 07:00,0.310345
06/19/2022 08:00,0.293103
06/19/2022 09:00,0.275862
06/19/2022 10:00,0.258621
06/19/2022 11:00,0.241379
06/19/2022 12:00,0.241379
06/19/2022 13:00,0.224138
06/19/2022 14:00,0.172414
06/19/2022 15:00,0.068966
06/19/2022 16:00,0.0
06/19/2022 17:00,-0.034483
06/19/2022 18:00,-0.068966
06/19/2022 19:00,-0.068966
06/19/2022 20:00,-0.034483
06/19/2022 21:00,0.0
06/19/2022 22:00,0.086207
06/19/2022 23:00,0.206897
06/20/2022 00:00,0.258621
06/20/2022 01:00,0.344828
06/20/2022 02:00,0.362069
06/20/2022 03:00,0.362069
06/20/2022 04:00,0.344828
06/20/2022 05:00,0.327586
06/20/2022 06:00,0.293103
06/20/2022 07:00,0.293103
06/20/2022 08:00,0.275862
06/20/2022 09:00,0.275862
06/20/2022 10:00,0.258621
06/20/2022 11:00,0.310345
06/20/2022 12:00,0.327586
06/20/2022 13:00,0.344828
06/20/2022 14:00,0.293103
06/20/2022 15:00,0.189655
06/20/2022 16:00,0.12069
06/20/2022 17:00,0.086207
06/20/2022 18:00,0.155172
06/20/2022 19:00,0.155172
06/20/2022 20:00,0.12069
06/20/2022 21:00,0.206897
06/20/2022 22:00,0.137931
06/20/2022 23:00,0.155172
06/21/2022 00:00,0.310345
06/21/2022 01:00,0.362069
06/21/2022 02:00,0.37931
06/21/2022 03:00,0.396552
06/21/2022 04:00,0.37931
06/21/2022 05:00,0.362069
06/21/2022 06:00,0.310345
06/21/2022 07:00,0.293103
06/21/2022 08:00,0.293103
06/21/2022 09:00,0.275862
06/21/2022 10:00,0.275862
06/21/2022 11:00,0.310345
06/21/2022 12:00,0.362069
06/21/2022 13:00,0.362069
06/21/2022 14:00,0.310345
06/21/2022 15:00,0.224138
06/21/2022 16:00,0.137931
06/21/2022 17:00,0.086207
06/21/2022 18:00,0.051724
06/21/2022 19:00,0.103448
06/21/2022 20:00,0.224138
06/21/2022 21:00,0.189655
06/21/2022 22:00,0.189655
06/21/2022 23:00,0.206897
06/22/2022 00:00,0.344828
06/22/2022 01:00,0.396552
06/22/2022 02:00,0.431034
06/22/2022 03:00,0.431034
06/22/2022 04:00,0.413793
06/22/2022 05:00,0.37931
06/22/2022 06:00,0.344828
06/22/2022 07:00,0.310345
06/22/2022 08:00,0.293103
06/22/2022 09:00,0.275862
06/22/2022 10:00,0.275862
06/22/2022 11:00,0.310345
06/22/2022 12:00,0.362069
06/22/2022 13:00,0.37931
06/22/2022 14:00,0.327586
06/22/2022 15:00,0.224138
06/22/2022 16:00,0.155172
06/22/2022 17:00,0.103448
06/22/2022 18:00,0.103448
06/22/2022 19:00,0.137931
06/22/2022 20:00,0.12069
06/22/2022 21:00,0.12069
06/22/2022 22:00,0.189655
06/22/2022 23:00,0.275862
06/23/2022 00:00,0.362069
06/23/2022 01:00,0.448276
06/23/2022 02:00,0.448276
06/23/2022 03:00,0.448276
06/23/2022 04:00,0.431034
06/23/2022 05:00,0.396552
06/23/2022 06:00,0.362069
06/23/2022 07:00,0.344828
06/23/2022 08:00,0.327586
06/23/2022 09:00,0.310345
06/23/2022 10:00,0.310345
06/23/2022 11:00,0.344828
06/23/2022 12:00,0.37931
06/23/2022 13:00,0.396552
06/23/2022 14:00,0.362069
06/23/2022 15:00,0.275862
06/23/2022 16:00,0.189655
06/23/2022 17:00,0.137931
06/23/2022 18:00,0.103448
06/23/2022 19:00,0.086207
06/23/2022 20:00,0.172414
06/23/2022 21:00,0.137931
06/23/2022 22:00,0.189655
06/23/2022 23:00,0.224138
06/24/2022 00:00,0.37931
06/24/2022 01:00,0.413793
06/24/2022 02:00,0.448276
06/24/2022 03:00,0.448276
06/24/2022 04:00,0.431034
06/24/2022 05:00,0.37931
06/24/2022 06:00,0.344828
06/24/2022 07:00,0.327586
06/24/2022 08:00,0.327586
06/24/2022 09:00,0.310345
06/24/2022 10:00,0.293103
06/24/2022 11:00,0.327586
06/24/2022 12:00,0.37931
06/24/2022 13:00,0.37931
06/24/2022 14:00,0.344828
06/24/2022 15:00,0.258621
06/24/2022 16:00,0.189655
06/24/2022 17:00,0.155172
06/24/2022 18:00,0.068966
06/24/2022 19:00,0.12069
06/24/2022 20:00,0.258621
06/24/2022 21:00,0.206897
06/24/2022 22:00,0.224138
06/24/2022 23:00,0.224138
06/25/2022 00:00,0.293103
06/25/2022 01:00,0.396552
06/25/2022 02:00,0.431034
06/25/2022 03:00,0.413793
06/25/2022 04:00,0.37931
06/25/2022 05:00,0.362069
06/25/2022 06:00,0.327586
06/25/2022 07:00,0.310345
06/25/2022 08:00,0.293103
06/25/2022 09:00,0.275862
06/25/2022 10:00,0.275862
06/25/2022 11:00,0.275862
06/25/2022 12:00,0.275862
06/25/2022 13:00,0.258621
06/25/2022 14:00,0.224138
06/25/2022 15:00,0.172414
06/25/2022 16:00,0.086207
06/25/2022 17:00,0.068966
06/25/2022 18:00,0.103448
06/25/2022 19:00,0.034483
06/25/2022 20:00,0.017241
06/25/2022 21:00,0.068966
06/25/2022 22:00,0.189655
06/25/2022 23:00,0.310345
06/26/2022 00:00,0.275862
06/26/2022 01:00,0.241379
06/26/2022 02:00,0.275862
06/26/2022 03:00,0.275862
06/26/2022 04:00,0.275862
06/26/2022 05:00,0.258621
06/26/2022 06:00,0.241379
06/26/2022 07:00,0.224138
06/26/2022 08:00,0.224138
06/26/2022 09:00,0.206897
06/26/2022 10:00,0.206897
06/26/2022 11:00,0.206897
06/26/2022 12:00,0.206897
06/26/2022 13:00,0.189655
06/26/2022 14:00,0.137931
06/26/2022 15:00,0.034483
06/26/2022 16:00,-0.051724
06/26/2022 17:00,-0.103448
06/26/2022 18:00,-0.137931
06/26/2022 19:00,-0.137931
06/26/2022 20:00,-0.12069
06/26/2022 21:00,-0.068966
06/26/2022 22:00,0.034483
06/26/2022 23:00,0.137931
06/27/2022 00:00,0.206897
06/27/2022 01:00,0.293103
06/27/2022 02:00,0.327586
06/27/2022 03:00,0.310345
06/27/2022 04:00,0.275862
06/27/2022 05:00,0.258621
06/27/2022 06:00,0.224138
06/27/2022 07:00,0.224138
06/27/2022 08:00,0.206897
06/27/2022 09:00,0.189655
06/27/2022 10:00,0.189655
06/27/2022 11:00,0.241379
06/27/2022 12:00,0.275862
06/27/2022 13:00,0.275862
06/27/2022 14:00,0.241379
06/27/2022 15:00,0.155172
06/27/2022 16:00,0.068966
06/27/2022 17:00,0.034483
06/27/2022 18:00,0.051724
06/27/2022 19:00,0.034483
06/27/2022 20:00,0.068966
06/27/2022 21:00,0.103448
06/27/2022 22:00,0.155172
06/27/2022 23:00,0.224138
06/28/2022 00:00,0.275862
06/28/2022 01:00,0.37931
06/28/2022 02:00,0.413793
06/28/2022 03:00,0.396552
06/28/2022 04:00,0.362069
06/28/2022 05:00,0.327586
06/28/2022 06:00,0.310345
06/28/2022 07:00,0.275862
06/28/2022 08:00,0.275862
06/28/2022 09:00,0.258621
06/28/2022 10:00,0.258621
06/28/2022 11:00,0.310345
06/28/2022 12:00,0.344828
06/28/2022 13:00,0.362069
06/28/2022 14:00,0.327586
06/28/2022 15:00,0.241379
06/28/2022 16:00,0.172414
06/28/2022 17:00,0.12069
06/28/2022 18:00,0.068966
06/28/2022 19:00,0.103448
06/28/2022 20:00,0.224138
06/28/2022 21:00,0.224138
06/28/2022 22:00,0.155172
06/28/2022 23:00,0.293103
06/29/2022 00:00,0.362069
06/29/2022 01:00,0.344828
06/29/2022 02:00,0.37931
06/29/2022 03:00,0.37931
06/29/2022 04:00,0.362069
06/29/2022 05:00,0.327586
06/29/2022 06:00,0.310345
06/29/2022 07:00,0.293103
06/29/2022 08:00,0.275862
06/29/2022 09:00,0.275862
06/29/2022 10:00,0.275862
06/29/2022 11:00,0.310345
06/29/2022 12:00,0.344828
06/29/2022 13:00,0.344828
06/29/2022 14:00,0.310345
06/29/2022 15:00,0.224138
06/29/2022 16:00,0.172414
06/29/2022 17:00,0.103448
06/29/2022 18:00,0.12069
06/29/2022 19:00,0.12069
06/29/2022 20:00,0.155172
06/29/2022 21:00,0.362069
06/29/2022 22:00,0.413793
06/29/2022 23:00,0.344828
06/30/2022 00:00,0.327586
06/30/2022 01:00,0.327586
06/30/2022 02:00,0.327586
06/30/2022 03:00,0.327586
06/30/2022 04:00,0.310345
06/30/2022 05:00,0.293103
06/30/2022 06:00,0.275862
06/30/2022 07:00,0.258621
06/30/2022 08:00,0.241379
06/30/2022 09:00,0.241379
06/30/2022 10:00,0.241379
06/30/2022 11:00,0.275862
06/30/2022 12:00,0.310345
06/30/2022 13:00,0.327586
06/30/2022 14:00,0.293103
06/30/2022 15:00,0.275862
06/30/2022 16:00,0.241379
06/30/2022 17:00,0.189655
06/30/2022 18:00,0.086207
06/30/2022 19:00,0.086207
06/30/2022 20:00,0.086207
06/30/2022 21:00,0.189655
06/30/2022 22:00,0.224138
06/30/2022 23:00,0.362069
07/01/2022 00:00,0.344828
07/01/2022 01:00,0.362069
07/01/2022 02:00,0.37931
07/01/2022 03:00,0.37931
07/01/2022 04:00,0.344828
07/01/2022 05:00,0.310345
07/01/2022 06:00,0.310345
07/01/2022 07:00,0.275862
07/01/2022 08:00,0.275862
07/01/2022 09:00,0.258621
07/01/2022 10:00,0.258621
07/01/2022 11:00,0.275862
07/01/2022 12:00,0.275862
07/01/2022 13:00,0.293103
07/01/2022 14:00,0.258621
07/01/2022 15:00,0.206897
07/01/2022 16:00,0.103448
07/01/2022 17:00,0.086207
07/01/2022 18:00,0.189655
07/01/2022 19:00,0.086207
07/01/2022 20:00,0.275862
07/01/2022 21:00,0.172414
07/01/2022 22:00,0.017241
07/01/2022 23:00,0.189655
07/02/2022 00:00,0.206897
07/02/2022 01:00,0.293103
07/02/2022 02:00,0.310345
07/02/2022 03:00,0.310345
07/02/2022 04:00,0.275862
07/02/2022 05:00,0.241379
07/02/2022 06:00,0.224138
07/02/2022 07:00,0.206897
07/02/2022 08:00,0.189655
07/02/2022 09:00,0.189655
07/02/2022 10:00,0.189655
07/02/2022 11:00,0.189655
07/02/2022 12:00,0.172414
07/02/2022 13:00,0.172414
07/02/2022 14:00,0.086207
07/02/2022 15:00,0.051724
07/02/2022 16:00,0.051724
07/02/2022 17:00,-0.017241
07/02/2022 18:00,-0.017241
07/02/2022 19:00,-0.103448
07/02/2022 20:00,0.155172
07/02/2022 21:00,0.189655
07/02/2022 22:00,0.189655
07/02/2022 23:00,0.224138
07/03/2022 00:00,0.206897
07/03/2022 01:00,0.172414
07/03/2022 02:00,0.224138
07/03/2022 03:00,0.241379
07/03/2022 04:00,0.224138
07/03/2022 05:00,0.224138
07/03/2022 06:00,0.206897
07/03/2022 07:00,0.206897
07/03/2022 08:00,0.189655
07/03/2022 09:00,0.172414
07/03/2022 10:00,0.172414
07/03/2022 11:00,0.172414
07/03/2022 12:00,0.172414
07/03/2022 13:00,0.155172
07/03/2022 14:00,0.12069
07/03/2022 15:00,0.068966
07/03/2022 16:00,-0.034483
07/03/2022 17:00,-0.137931
07/03/2022 18:00,-0.103448
07/03/2022 19:00,-0.034483
07/03/2022 20:00,0.034483
07/03/2022 21:00,0.189655
07/03/2022 22:00,0.241379
07/03/2022 23:00,0.224138
07/04/2022 00:00,0.224138
07/04/2022 01:00,0.224138
07/04/2022 02:00,0.224138
07/04/2022 03:00,0.224138
07/04/2022 04:00,0.206897
07/04/2022 05:00,0.206897
07/04/2022 06:00,0.189655
07/04/2022 07:00,0.172414
07/04/2022 08:00,0.172414
07/04/2022 09:00,0.172414
07/04/2022 10:00,0.155172
07/04/2022 11:00,0.155172
07/04/2022 12:00,0.155172
07/04/2022 13:00,0.137931
07/04/2022 14:00,0.12069
07/04/2022 15:00,0.086207
07/04/2022 16:00,0.017241
07/04/2022 17:00,-0.017241
07/04/2022 18:00,-0.172414
07/04/2022 19:00,-0.12069
07/04/2022 20:00,-0.103448
07/04/2022 21:00,0.0
07/04/2022 22:00,-0.034483
07/04/2022 23:00,0.172414
07/05/2022 00:00,0.310345
07/05/2022 01:00,0.275862
07/05/2022 02:00,0.275862
07/05/2022 03:00,0.275862
07/05/2022 04:00,0.258621
07/05/2022 05:00,0.241379
07/05/2022 06:00,0.224138
07/05/2022 07:00,0.206897
07/05/2022 08:00,0.206897
07/05/2022 09:00,0.189655
07/05/2022 10:00,0.206897
07/05/2022 11:00,0.241379
07/05/2022 12:00,0.258621
07/05/2022 13:00,0.258621
07/05/2022 14:00,0.224138
07/05/2022 15:00,0.155172
07/05/2022 16:00,0.137931
07/05/2022 17:00,0.017241
07/05/2022 18:00,0.12069
07/05/2022 19:00,0.137931
07/05/2022 20:00,0.155172
07/05/2022 21:00,0.12069
07/05/2022 22:00,0.137931
07/05/2022 23:00,0.137931
07/06/2022 00:00,0.241379
07/06/2022 01:00,0.310345
07/06/2022 02:00,0.293103
07/06/2022 03:00,0.344828
07/06/2022 04:00,0.310345
07/06/2022 05:00,0.293103
07/06/2022 06:00,0.258621
07/06/2022 07:00,0.241379
07/06/2022 08:00,0.224138
07/06/2022 09:00,0.206897
07/06/2022 10:00,0.224138
07/06/2022 11:00,0.258621
07/06/2022 12:00,0.293103
07/06/2022 13:00,0.293103
07/06/2022 14:00,0.258621
07/06/2022 15:00,0.189655
07/06/2022 16:00,0.155172
07/06/2022 17:00,0.086207
07/06/2022 18:00,0.086207
07/06/2022 19:00,0.068966
07/06/2022 20:00,0.034483
07/06/2022 21:00,0.086207
07/06/2022 22:00,0.258621
07/06/2022 23:00,0.241379
07/07/2022 00:00,0.275862
07/07/2022 01:00,0.37931
07/07/2022 02:00,0.396552
07/07/2022 03:00,0.37931
07/07/2022 04:00,0.362069
07/07/2022 05:00,0.327586
07/07/2022 06:00,0.310345
07/07/2022 07:00,0.275862
07/07/2022 08:00,0.275862
07/07/2022 09:00,0.258621
07/07/2022 10:00,0.275862
07/07/2022 11:00,0.310345
07/07/2022 12:00,0.344828
07/07/2022 13:00,0.362069
07/07/2022 14:00,0.327586
07/07/2022 15:00,0.258621
07/07/2022 16:00,0.172414
07/07/2022 17:00,0.137931
07/07/2022 18:00,0.258621
07/07/2022 19:00,0.155172
07/07/2022 20:00,0.103448
07/07/2022 21:00,0.344828
07/07/2022 22:00,0.275862
07/07/2022 23:00,0.258621
07/08/2022 00:00,0.293103
07/08/2022 01:00,0.362069
07/08/2022 02:00,0.396552
07/08/2022 03:00,0.413793
07/08/2022 04:00,0.396552
07/08/2022 05:00,0.362069
07/08/2022 06:00,0.327586
07/08/2022 07:00,0.310345
07/08/2022 08:00,0.293103
07/08/2022 09:00,0.275862
07/08/2022 10:00,0.275862
07/08/2022 11:00,0.293103
07/08/2022 12:00,0.344828
07/08/2022 13:00,0.344828
07/08/2022 14:00,0.310345
07/08/2022 15:00,0.224138
07/08/2022 16:00,0.137931
07/08/2022 17:00,0.12069
07/08/2022 18:00,-0.017241
07/08/2022 19:00,-0.017241
07/08/2022 20:00,0.034483
07/08/2022 21:00,0.051724
07/08/2022 22:00,0.086207
07/08/2022 23:00,0.155172
07/09/2022 00:00,0.275862
07/09/2022 01:00,0.310345
07/09/2022 02:00,0.344828
07/09/2022 03:00,0.327586
07/09/2022 04:00,0.310345
07/09/2022 05:00,0.293103
07/09/2022 06:00,0.258621
07/09/2022 07:00,0.258621
07/09/2022 08:00,0.241379
07/09/2022 09:00,0.241379
07/09/2022 10:00,0.224138
07/09/2022 11:00,0.224138
07/09/2022 12:00,0.224138
07/09/2022 13:00,0.206897
07/09/2022 14:00,0.172414
07/09/2022 15:00,0.068966
07/09/2022 16:00,-0.017241
07/09/2022 17:00,0.0
07/09/2022 18:00,-0.086207
07/09/2022 19:00,0.068966
07/09/2022 20:00,0.034483
07/09/2022 21:00,0.137931
07/09/2022 22:00,0.189655
07/09/2022 23:00,0.293103
07/10/2022 00:00,0.241379
07/10/2022 01:00,0.275862
07/10/2022 02:00,0.293103
07/10/2022 03:00,0.293103
07/10/2022 04:00,0.275862
07/10/2022 05:00,0.258621
07/10/2022 06:00,0.241379
07/10/2022 07:00,0.241379
07/10/2022 08:00,0.224138
07/10/2022 09:00,0.206897
07/10/2022 10:00,0.206897
07/10/2022 11:00,0.206897
07/10/2022 12:00,0.206897
07/10/2022 13:00,0.206897
07/10/2022 14:00,0.12069
07/10/2022 15:00,0.103448
07/10/2022 16:00,0.017241
07/10/2022 17:00,-0.086207
07/10/2022 18:00,-0.068966
07/10/2022 19:00,-0.103448
07/10/2022 20:00,-0.034483
07/10/2022 21:00,0.0
07/10/2022 22:00,0.172414
07/10/2022 23:00,0.086207
07/11/2022 00:00,0.189655
07/11/2022 01:00,0.293103
07/11/2022 02:00,0.327586
07/11/2022 03:00,0.327586
07/11/2022 04:00,0.310345
07/11/2022 05:00,0.293103
07/11/2022 06:00,0.275862
07/11/2022 07:00,0.241379
07/11/2022 08:00,0.241379
07/11/2022 09:00,0.224138
07/11/2022 10:00,0.224138
07/11/2022 11:00,0.258621
07/11/2022 12:00,0.310345
07/11/2022 13:00,0.293103
07/11/2022 14:00,0.275862
07/11/2022 15:00,0.206897
07/11/2022 16:00,0.224138
07/11/2022 17:00,0.224138
07/11/2022 18:00,0.137931
07/11/2022 19:00,0.189655
07/11/2022 20:00,0.241379
07/11/2022 21:00,0.37931
07/11/2022 22:00,0.327586
07/11/2022 23:00,0.241379
07/12/2022 00:00,0.224138
07/12/2022 01:00,0.241379
07/12/2022 02:00,0.241379
07/12/2022 03:00,0.241379
07/12/2022 04:00,0.224138
07/12/2022 05:00,0.206897
07/12/2022 06:00,0.189655
07/12/2022 07:00,0.172414
07/12/2022 08:00,0.172414
07/12/2022 09:00,0.155172
07/12/2022 10:00,0.172414
07/12/2022 11:00,0.206897
07/12/2022 12:00,0.275862
07/12/2022 13:00,0.275862
07/12/2022 14:00,0.241379
07/12/2022 15:00,0.241379
07/12/2022 16:00,0.241379
07/12/2022 17:00,0.189655
07/12/2022 18:00,0.206897
07/12/2022 19:00,0.241379
07/12/2022 20:00,0.241379
07/12/2022 21:00,0.362069
07/12/2022 22:00,0.344828
07/12/2022 23:00,0.206897
07/13/2022 00:00,0.189655
07/13/2022 01:00,0.224138
07/13/2022 02:00,0.241379
07/13/2022 03:00,0.241379
07/13/2022 04:00,0.224138
07/13/2022 05:00,0.206897
07/13/2022 06:00,0.189655
07/13/2022 07:00,0.172414
07/13/2022 08:00,0.172414
07/13/2022 09:00,0.172414
07/13/2022 10:00,0.172414
07/13/2022 11:00,0.224138
07/13/2022 12:00,0.275862
07/13/2022 13:00,0.275862
07/13/2022 14:00,0.293103
07/13/2022 15:00,0.206897
07/13/2022 16:00,0.224138
07/13/2022 17:00,0.034483
07/13/2022 18:00,0.293103
07/13/2022 19:00,0.258621
07/13/2022 20:00,0.051724
07/13/2022 21:00,0.103448
07/13/2022 22:00,0.086207
07/13/2022 23:00,0.103448
07/14/2022 00:00,0.206897
07/14/2022 01:00,0.258621
07/14/2022 02:00,0.275862
07/14/2022 03:00,0.275862
07/14/2022 04:00,0.258621
07/14/2022 05:00,0.224138
07/14/2022 06:00,0.224138
07/14/2022 07:00,0.206897
07/14/2022 08:00,0.189655
07/14/2022 09:00,0.172414
07/14/2022 10:00,0.189655
07/14/2022 11:00,0.224138
07/14/2022 12:00,0.258621
07/14/2022 13:00,0.293103
07/14/2022 14:00,0.241379
07/14/2022 15:00,0.155172
07/14/2022 16:00,0.12069
07/14/2022 17:00,0.086207
07/14/2022 18:00,0.275862
07/14/2022 19:00,0.293103
07/14/2022 20:00,0.327586
07/14/2022 21:00,0.293103
07/14/2022 22:00,0.172414
07/14/2022 23:00,0.137931
07/15/2022 00:00,0.137931
07/15/2022 01:00,0.224138
07/15/2022 02:00,0.258621
07/15/2022 03:00,0.241379
07/15/2022 04:00,0.224138
07/15/2022 05:00,0.206897
07/15/2022 06:00,0.189655
07/15/2022 07:00,0.189655
07/15/2022 08:00,0.189655
07/15/2022 09:00,0.172414
07/15/2022 10:00,0.189655
07/15/2022 11:00,0.224138
07/15/2022 12:00,0.258621
07/15/2022 13:00,0.275862
07/15/2022 14:00,0.258621
07/15/2022 15:00,0.224138
07/15/2022 16:00,0.189655
07/15/2022 17:00,0.103448
07/15/2022 18:00,0.034483
07/15/2022 19:00,0.0
07/15/2022 20:00,-0.051724
07/15/2022 21:00,-0.086207
07/15/2022 22:00,0.017241
07/15/2022 23:00,0.155172
07/16/2022 00:00,0.172414
07/16/2022 01:00,0.224138
07/16/2022 02:00,0.258621
07/16/2022 03:00,0.241379
07/16/2022 04:00,0.258621
07/16/2022 05:00,0.241379
07/16/2022 06:00,0.206897
07/16/2022 07:00,0.189655
07/16/2022 08:00,0.172414
07/16/2022 09:00,0.172414
07/16/2022 10:00,0.155172
07/16/2022 11:00,0.172414
07/16/2022 12:00,0.172414
07/16/2022 13:00,0.172414
07/16/2022 14:00,0.137931
07/16/2022 15:00,0.017241
07/16/2022 16:00,-0.051724
07/16/2022 17:00,-0.103448
07/16/2022 18:00,-0.137931
07/16/2022 19:00,-0.12069
07/16/2022 20:00,-0.086207
07/16/2022 21:00,-0.051724
07/16/2022 22:00,-0.017241
07/16/2022 23:00,0.051724
07/17/2022 00:00,0.137931
07/17/2022 01:00,0.224138
07/17/2022 02:00,0.275862
07/17/2022 03:00,0.275862
07/17/2022 04:00,0.241379
07/17/2022 05:00,0.224138
07/17/2022 06:00,0.206897
07/17/2022 07:00,0.189655
07/17/2022 08:00,0.189655
07/17/2022 09:00,0.172414
07/17/2022 10:00,0.155172
07/17/2022 11:00,0.155172
07/17/2022 12:00,0.155172
07/17/2022 13:00,0.155172
07/17/2022 14:00,0.103448
07/17/2022 15:00,0.0
07/17/2022 16:00,-0.068966
07/17/2022 17:00,-0.051724
07/17/2022 18:00,-0.12069
07/17/2022 19:00,-0.155172
07/17/2022 20:00,-0.103448
07/17/2022 21:00,-0.017241
07/17/2022 22:00,0.12069
07/17/2022 23:00,0.086207
07/18/2022 00:00,0.155172
07/18/2022 01:00,0.275862
07/18/2022 02:00,0.310345
07/18/2022 03:00,0.293103
07/18/2022 04:00,0.275862
07/18/2022 05:00,0.258621
07/18/2022 06:00,0.224138
07/18/2022 07:00,0.206897
07/18/2022 08:00,0.189655
07/18/2022 09:00,0.189655
07/18/2022 10:00,0.189655
07/18/2022 11:00,0.241379
07/18/2022 12:00,0.275862
07/18/2022 13:00,0.293103
07/18/2022 14:00,0.258621
07/18/2022 15:00,0.155172
07/18/2022 16:00,0.12069
07/18/2022 17:00,0.086207
07/18/2022 18:00,0.103448
07/18/2022 19:00,0.275862
07/18/2022 20:00,0.189655
07/18/2022 21:00,0.137931
07/18/2022 22:00,0.086207
07/18/2022 23:00,0.068966
07/19/2022 00:00,0.172414
07/19/2022 01:00,0.293103
07/19/2022 02:00,0.310345
07/19/2022 03:00,0.310345
07/19/2022 04:00,0.275862
07/19/2022 05:00,0.241379
07/19/2022 06:00,0.224138
07/19/2022 07:00,0.206897
07/19/2022 08:00,0.206897
07/19/2022 09:00,0.189655
07/19/2022 10:00,0.189655
07/19/2022 11:00,0.241379
07/19/2022 12:00,0.275862
07/19/2022 13:00,0.293103
07/19/2022 14:00,0.258621
07/19/2022 15:00,0.172414
07/19/2022 16:00,0.086207
07/19/2022 17:00,0.137931
07/19/2022 18:00,0.086207
07/19/2022 19:00,0.137931
07/19/2022 20:00,0.362069
07/19/2022 21:00,0.241379
07/19/2022 22:00,0.137931
07/19/2022 23:00,0.086207
07/20/2022 00:00,0.155172
07/20/2022 01:00,0.241379
07/20/2022 02:00,0.275862
07/20/2022 03:00,0.275862
07/20/2022 04:00,0.258621
07/20/2022 05:00,0.241379
07/20/2022 06:00,0.224138
07/20/2022 07:00,0.206897
07/20/2022 08:00,0.189655
07/20/2022 09:00,0.189655
07/20/2022 10:00,0.189655
07/20/2022 11:00,0.224138
07/20/2022 12:00,0.275862
07/20/2022 13:00,0.293103
07/20/2022 14:00,0.258621
07/20/2022 15:00,0.172414
07/20/2022 16:00,0.12069
07/20/2022 17:00,0.068966
07/20/2022 18:00,0.103448
07/20/2022 19:00,0.206897
07/20/2022 20:00,0.310345
07/20/2022 21:00,0.241379
07/20/2022 22:00,0.137931
07/20/2022 23:00,0.051724
07/21/2022 00:00,0.172414
07/21/2022 01:00,0.241379
07/21/2022 02:00,0.241379
07/21/2022 03:00,0.241379
07/21/2022 04:00,0.224138
07/21/2022 05:00,0.206897
07/21/2022 06:00,0.189655
07/21/2022 07:00,0.189655
07/21/2022 08:00,0.172414
07/21/2022 09:00,0.172414
07/21/2022 10:00,0.189655
07/21/2022 11:00,0.224138
07/21/2022 12:00,0.258621
07/21/2022 13:00,0.293103
07/21/2022 14:00,0.241379
07/21/2022 15:00,0.172414
07/21/2022 16:00,0.086207
07/21/2022 17:00,0.034483
07/21/2022 18:00,0.051724
07/21/2022 19:00,-0.051724
07/21/2022 20:00,0.0
07/21/2022 21:00,0.034483
07/21/2022 22:00,0.068966
07/21/2022 23:00,0.155172
07/22/2022 00:00,0.258621
07/22/2022 01:00,0.293103
07/22/2022 02:00,0.293103
07/22/2022 03:00,0.293103
07/22/2022 04:00,0.275862
07/22/2022 05:00,0.258621
07/22/2022 06:00,0.224138
07/22/2022 07:00,0.224138
07/22/2022 08:00,0.206897
07/22/2022 09:00,0.206897
07/22/2022 10:00,0.206897
07/22/2022 11:00,0.258621
07/22/2022 12:00,0.293103
07/22/2022 13:00,0.293103
07/22/2022 14:00,0.275862
07/22/2022 15:00,0.206897
07/22/2022 16:00,0.103448
07/22/2022 17:00,0.086207
07/22/2022 18:00,0.12069
07/22/2022 19:00,0.189655
07/22/2022 20:00,0.12069
07/22/2022 21:00,-0.051724
07/22/2022 22:00,0.017241
07/22/2022 23:00,0.103448
07/23/2022 00:00,0.172414
07/23/2022 01:00,0.241379
07/23/2022 02:00,0.258621
07/23/2022 03:00,0.275862
07/23/2022 04:00,0.241379
07/23/2022 05:00,0.224138
07/23/2022 06:00,0.206897
07/23/2022 07:00,0.189655
07/23/2022 08:00,0.189655
07/23/2022 09:00,0.172414
07/23/2022 10:00,0.172414
07/23/2022 11:00,0.189655
07/23/2022 12:00,0.206897
07/23/2022 13:00,0.206897
07/23/2022 14:00,0.137931
07/23/2022 15:00,0.051724
07/23/2022 16:00,0.0
07/23/2022 17:00,-0.017241
07/23/2022 18:00,-0.137931
07/23/2022 19:00,-0.12069
07/23/2022 20:00,0.0
07/23/2022 21:00,-0.017241
07/23/2022 22:00,0.068966
07/23/2022 23:00,0.051724
07/24/2022 00:00,0.172414
07/24/2022 01:00,0.224138
07/24/2022 02:00,0.275862
07/24/2022 03:00,0.275862
07/24/2022 04:00,0.275862
07/24/2022 05:00,0.241379
07/24/2022 06:00,0.224138
07/24/2022 07:00,0.206897
07/24/2022 08:00,0.189655
07/24/2022 09:00,0.172414
07/24/2022 10:00,0.172414
07/24/2022 11:00,0.172414
07/24/2022 12:00,0.172414
07/24/2022 13:00,0.172414
07/24/2022 14:00,0.103448
07/24/2022 15:00,0.017241
07/24/2022 16:00,-0.086207
07/24/2022 17:00,-0.137931
07/24/2022 18:00,-0.155172
07/24/2022 19:00,-0.12069
07/24/2022 20:00,-0.103448
07/24/2022 21:00,-0.068966
07/24/2022 22:00,-0.034483
07/24/2022 23:00,0.224138
07/25/2022 00:00,0.293103
07/25/2022 01:00,0.275862
07/25/2022 02:00,0.275862
07/25/2022 03:00,0.275862
07/25/2022 04:00,0.258621
07/25/2022 05:00,0.241379
07/25/2022 06:00,0.224138
07/25/2022 07:00,0.206897
07/25/2022 08:00,0.206897
07/25/2022 09:00,0.189655
07/25/2022 10:00,0.189655
07/25/2022 11:00,0.241379
07/25/2022 12:00,0.275862
07/25/2022 13:00,0.293103
07/25/2022 14:00,0.241379
07/25/2022 15:00,0.137931
07/25/2022 16:00,0.068966
07/25/2022 17:00,0.051724
07/25/2022 18:00,0.017241
07/25/2022 19:00,0.034483
07/25/2022 20:00,0.051724
07/25/2022 21:00,0.051724
07/25/2022 22:00,0.051724
07/25/2022 23:00,0.258621
07/26/2022 00:00,0.224138
07/26/2022 01:00,0.258621
07/26/2022 02:00,0.293103
07/26/2022 03:00,0.293103
07/26/2022 04:00,0.258621
07/26/2022 05:00,0.241379
07/26/2022 06:00,0.224138
07/26/2022 07:00,0.206897
07/26/2022 08:00,0.189655
07/26/2022 09:00,0.172414
07/26/2022 10:00,0.172414
07/26/2022 11:00,0.224138
07/26/2022 12:00,0.258621
07/26/2022 13:00,0.275862
07/26/2022 14:00,0.224138
07/26/2022 15:00,0.155172
07/26/2022 16:00,0.086207
07/26/2022 17:00,0.034483
07/26/2022 18:00,0.0
07/26/2022 19:00,0.051724
07/26/2022 20:00,0.034483
07/26/2022 21:00,0.189655
07/26/2022 22:00,0.155172
07/26/2022 23:00,0.224138
07/27/2022 00:00,0.275862
07/27/2022 01:00,0.37931
07/27/2022 02:00,0.413793
07/27/2022 03:00,0.413793
07/27/2022 04:00,0.37931
07/27/2022 05:00,0.344828
07/27/2022 06:00,0.310345
07/27/2022 07:00,0.293103
07/27/2022 08:00,0.275862
07/27/2022 09:00,0.275862
07/27/2022 10:00,0.275862
07/27/2022 11:00,0.310345
07/27/2022 12:00,0.362069
07/27/2022 13:00,0.396552
07/27/2022 14:00,0.344828
07/27/2022 15:00,0.241379
07/27/2022 16:00,0.137931
07/27/2022 17:00,0.224138
07/27/2022 18:00,0.137931
07/27/2022 19:00,0.155172
07/27/2022 20:00,0.086207
07/27/2022 21:00,0.258621
07/27/2022 22:00,0.327586
07/27/2022 23:00,0.155172
07/28/2022 00:00,0.172414
07/28/2022 01:00,0.310345
07/28/2022 02:00,0.344828
07/28/2022 03:00,0.344828
07/28/2022 04:00,0.310345
07/28/2022 05:00,0.293103
07/28/2022 06:00,0.275862
07/28/2022 07:00,0.258621
07/28/2022 08:00,0.241379
07/28/2022 09:00,0.241379
07/28/2022 10:00,0.241379
07/28/2022 11:00,0.275862
07/28/2022 12:00,0.310345
07/28/2022 13:00,0.327586
07/28/2022 14:00,0.275862
07/28/2022 15:00,0.224138
07/28/2022 16:00,0.086207
07/28/2022 17:00,0.103448
07/28/2022 18:00,0.12069
07/28/2022 19:00,0.051724
07/28/2022 20:00,0.068966
07/28/2022 21:00,0.275862
07/28/2022 22:00,0.396552
07/28/2022 23:00,0.293103
07/29/2022 00:00,0.293103
07/29/2022 01:00,0.275862
07/29/2022 02:00,0.293103
07/29/2022 03:00,0.293103
07/29/2022 04:00,0.275862
07/29/2022 05:00,0.258621
07/29/2022 06:00,0.241379
07/29/2022 07:00,0.224138
07/29/2022 08:00,0.224138
07/29/2022 09:00,0.206897
07/29/2022 10:00,0.224138
07/29/2022 11:00,0.258621
07/29/2022 12:00,0.275862
07/29/2022 13:00,0.293103
07/29/2022 14:00,0.258621
07/29/2022 15:00,0.172414
07/29/2022 16:00,0.068966
07/29/2022 17:00,0.103448
07/29/2022 18:00,-0.051724
07/29/2022 19:00,-0.017241
07/29/2022 20:00,0.103448
07/29/2022 21:00,0.068966
07/29/2022 22:00,0.068966
07/29/2022 23:00,0.12069
07/30/2022 00:00,0.293103
07/30/2022 01:00,0.327586
07/30/2022 02:00,0.344828
07/30/2022 03:00,0.327586
07/30/2022 04:00,0.310345
07/30/2022 05:00,0.275862
07/30/2022 06:00,0.258621
07/30/2022 07:00,0.258621
07/30/2022 08:00,0.224138
07/30/2022 09:00,0.224138
07/30/2022 10:00,0.224138
07/30/2022 11:00,0.241379
07/30/2022 12:00,0.258621
07/30/2022 13:00,0.258621
07/30/2022 14:00,0.206897
07/30/2022 15:00,0.12069
07/30/2022 16:00,0.051724
07/30/2022 17:00,-0.017241
07/30/2022 18:00,-0.034483
07/30/2022 19:00,-0.051724
07/30/2022 20:00,-0.034483
07/30/2022 21:00,-0.017241
07/30/2022 22:00,0.12069
07/30/2022 23:00,0.155172
07/31/2022 00:00,0.293103
07/31/2022 01:00,0.362069
07/31/2022 02:00,0.37931
07/31/2022 03:00,0.362069
07/31/2022 04:00,0.327586
07/31/2022 05:00,0.293103
07/31/2022 06:00,0.275862
07/31/2022 07:00,0.258621
07/31/2022 08:00,0.241379
07/31/2022 09:00,0.224138
07/31/2022 10:00,0.206897
07/31/2022 11:00,0.206897
07/31/2022 12:00,0.206897
07/31/2022 13:00,0.172414
07/31/2022 14:00,0.137931
07/31/2022 15:00,0.034483
07/31/2022 16:00,-0.034483
07/31/2022 17:00,-0.086207
07/31/2022 18:00,-0.12069
07/31/2022 19:00,-0.12069
07/31/2022 20:00,-0.068966
07/31/2022 21:00,-0.034483
07/31/2022 22:00,0.137931
07/31/2022 23:00,0.310345
08/01/2022 00:00,0.275862
08/01/2022 01:00,0.310345
08/01/2022 02:00,0.344828
08/01/2022 03:00,0.344828
08/01/2022 04:00,0.293103
08/01/2022 05:00,0.275862
08/01/2022 06:00,0.258621
08/01/2022 07:00,0.241379
08/01/2022 08:00,0.224138
08/01/2022 09:00,0.206897
08/01/2022 10:00,0.224138
08/01/2022 11:00,0.258621
08/01/2022 12:00,0.293103
08/01/2022 13:00,0.310345
08/01/2022 14:00,0.275862
08/01/2022 15:00,0.189655
08/01/2022 16:00,0.137931
08/01/2022 17:00,0.017241
08/01/2022 18:00,0.068966
08/01/2022 19:00,0.068966
08/01/2022 20:00,0.172414
08/01/2022 21:00,0.137931
08/01/2022 22:00,0.155172
08/01/2022 23:00,0.224138
08/02/2022 00:00,0.293103
08/02/2022 01:00,0.344828
08/02/2022 02:00,0.344828
08/02/2022 03:00,0.344828
08/02/2022 04:00,0.310345
08/02/2022 05:00,0.275862
08/02/2022 06:00,0.258621
08/02/2022 07:00,0.241379
08/02/2022 08:00,0.241379
08/02/2022 09:00,0.224138
08/02/2022 10:00,0.224138
08/02/2022 11:00,0.275862
08/02/2022 12:00,0.310345
08/02/2022 13:00,0.327586
08/02/2022 14:00,0.293103
08/02/2022 15:00,0.189655
08/02/2022 16:00,0.103448
08/02/2022 17:00,0.155172
08/02/2022 18:00,0.12069
08/02/2022 19:00,0.172414
08/02/2022 20:00,0.362069
08/02/2022 21:00,0.327586
08/02/2022 22:00,0.310345
08/02/2022 23:00,0.137931
08/03/2022 00:00,0.189655
08/03/2022 01:00,0.258621
08/03/2022 02:00,0.293103
08/03/2022 03:00,0.275862
08/03/2022 04:00,0.258621
08/03/2022 05:00,0.241379
08/03/2022 06:00,0.224138
08/03/2022 07:00,0.206897
08/03/2022 08:00,0.189655
08/03/2022 09:00,0.189655
08/03/2022 10:00,0.206897
08/03/2022 11:00,0.241379
08/03/2022 12:00,0.275862
08/03/2022 13:00,0.293103
08/03/2022 14:00,1.0
08/03/2022 15:00,0.965517
08/03/2022 16:00,0.017241
08/03/2022 17:00,0.034483
08/03/2022 18:00,0.0
08/03/2022 19:00,0.0
08/03/2022 20:00,0.189655
08/03/2022 21:00,0.034483
08/03/2022 22:00,0.12069
08/03/2022 23:00,0.137931
08/04/2022 00:00,0.241379
08/04/2022 01:00,0.344828
08/04/2022 02:00,0.362069
08/04/2022 03:00,0.344828
08/04/2022 04:00,0.310345
08/04/2022 05:00,0.293103
08/04/2022 06:00,0.258621
08/04/2022 07:00,0.241379
08/04/2022 08:00,0.241379
08/04/2022 09:00,0.224138
08/04/2022 10:00,0.241379
08/04/2022 11:00,0.275862
08/04/2022 12:00,0.327586
08/04/2022 13:00,0.344828
08/04/2022 14:00,0.293103
08/04/2022 15:00,0.206897
08/04/2022 16:00,0.12069
08/04/2022 17:00,0.068966
08/04/2022 18:00,0.155172
08/04/2022 19:00,0.137931
08/04/2022 20:00,0.206897
08/04/2022 21:00,0.051724
08/04/2022 22:00,0.103448
08/04/2022 23:00,0.224138
08/05/2022 00:00,0.155172
08/05/2022 01:00,0.293103
08/05/2022 02:00,0.310345
08/05/2022 03:00,0.327586
08/05/2022 04:00,0.293103
08/05/2022 05:00,0.258621
08/05/2022 06:00,0.241379
08/05/2022 07:00,0.224138
08/05/2022 08:00,0.206897
08/05/2022 09:00,0.206897
08/05/2022 10:00,0.224138
08/05/2022 11:00,0.258621
08/05/2022 12:00,0.275862
08/05/2022 13:00,0.310345
08/05/2022 14:00,0.258621
08/05/2022 15:00,0.172414
08/05/2022 16:00,0.103448
08/05/2022 17:00,0.068966
08/05/2022 18:00,-0.017241
08/05/2022 19:00,0.017241
08/05/2022 20:00,0.086207
08/05/2022 21:00,0.103448
08/05/2022 22:00,0.137931
08/05/2022 23:00,0.241379
08/06/2022 00:00,0.258621
08/06/2022 01:00,0.362069
08/06/2022 02:00,0.396552
08/06/2022 03:00,0.396552
08/06/2022 04:00,0.362069
08/06/2022 05:00,0.344828
08/06/2022 06:00,0.327586
08/06/2022 07:00,0.310345
08/06/2022 08:00,0.293103
08/06/2022 09:00,0.275862
08/06/2022 10:00,0.293103
08/06/2022 11:00,0.275862
08/06/2022 12:00,0.275862
08/06/2022 13:00,0.258621
08/06/2022 14:00,0.224138
08/06/2022 15:00,0.137931
08/06/2022 16:00,0.051724
08/06/2022 17:00,0.017241
08/06/2022 18:00,0.017241
08/06/2022 19:00,0.051724
08/06/2022 20:00,0.172414
08/06/2022 21:00,0.258621
08/06/2022 22:00,0.258621
08/06/2022 23:00,0.275862
08/07/2022 00:00,0.258621
08/07/2022 01:00,0.241379
08/07/2022 02:00,0.241379
08/07/2022 03:00,0.258621
08/07/2022 04:00,0.241379
08/07/2022 05:00,0.241379
08/07/2022 06:00,0.224138
08/07/2022 07:00,0.206897
08/07/2022 08:00,0.206897
08/07/2022 09:00,0.189655
08/07/2022 10:00,0.189655
08/07/2022 11:00,0.189655
08/07/2022 12:00,0.189655
08/07/2022 13:00,0.189655
08/07/2022 14:00,0.137931
08/07/2022 15:00,0.034483
08/07/2022 16:00,-0.034483
08/07/2022 17:00,-0.068966
08/07/2022 18:00,0.034483
08/07/2022 19:00,-0.103448
08/07/2022 20:00,-0.103448
08/07/2022 21:00,0.051724
08/07/2022 22:00,0.344828
08/07/2022 23:00,0.293103
08/08/2022 00:00,0.258621
08/08/2022 01:00,0.258621
08/08/2022 02:00,0.275862
08/08/2022 03:00,0.275862
08/08/2022 04:00,0.241379
08/08/2022 05:00,0.224138
08/08/2022 06:00,0.224138
08/08/2022 07:00,0.206897
08/08/2022 08:00,0.189655
08/08/2022 09:00,0.189655
08/08/2022 10:00,0.189655
08/08/2022 11:00,0.241379
08/08/2022 12:00,0.275862
08/08/2022 13:00,0.293103
08/08/2022 14:00,0.258621
08/08/2022 15:00,0.206897
08/08/2022 16:00,0.137931
08/08/2022 17:00,0.034483
08/08/2022 18:00,0.017241
08/08/2022 19:00,0.12069
08/08/2022 20:00,0.017241
08/08/2022 21:00,0.051724
08/08/2022 22:00,0.137931
08/08/2022 23:00,0.293103
08/09/2022 00:00,0.275862
08/09/2022 01:00,0.258621
08/09/2022 02:00,0.275862
08/09/2022 03:00,0.275862
08/09/2022 04:00,0.241379
08/09/2022 05:00,0.224138
08/09/2022 06:00,0.189655
08/09/2022 07:00,0.189655
08/09/2022 08:00,0.172414
08/09/2022 09:00,0.172414
08/09/2022 10:00,0.172414
08/09/2022 11:00,0.224138
08/09/2022 12:00,0.275862
08/09/2022 13:00,0.293103
08/09/2022 14:00,0.241379
08/09/2022 15:00,0.155172
08/09/2022 16:00,0.017241
08/09/2022 17:00,0.0
08/09/2022 18:00,0.017241
08/09/2022 19:00,0.051724
08/09/2022 20:00,0.0
08/09/2022 21:00,0.086207
08/09/2022 22:00,0.362069
08/09/2022 23:00,0.310345
08/10/2022 00:00,0.293103
08/10/2022 01:00,0.275862
08/10/2022 02:00,0.258621
08/10/2022 03:00,0.258621
08/10/2022 04:00,0.241379
08/10/2022 05:00,0.224138
08/10/2022 06:00,0.189655
08/10/2022 07:00,0.189655
08/10/2022 08:00,0.189655
08/10/2022 09:00,0.172414
08/10/2022 10:00,0.189655
08/10/2022 11:00,0.224138
08/10/2022 12:00,0.275862
08/10/2022 13:00,0.293103
08/10/2022 14:00,0.224138
08/10/2022 15:00,0.224138
08/10/2022 16:00,0.103448
08/10/2022 17:00,0.0
08/10/2022 18:00,0.0
08/10/2022 19:00,0.137931
08/10/2022 20:00,0.068966
08/10/2022 21:00,0.103448
08/10/2022 22:00,0.310345
08/10/2022 23:00,0.258621
08/11/2022 00:00,0.275862
08/11/2022 01:00,0.275862
08/11/2022 02:00,0.275862
08/11/2022 03:00,0.293103
08/11/2022 04:00,0.258621
08/11/2022 05:00,0.224138
08/11/2022 06:00,0.189655
08/11/2022 07:00,0.189655
08/11/2022 08:00,0.172414
08/11/2022 09:00,0.172414
08/11/2022 10:00,0.189655
08/11/2022 11:00,0.224138
08/11/2022 12:00,0.275862
08/11/2022 13:00,0.293103
08/11/2022 14:00,0.241379
08/11/2022 15:00,0.206897
08/11/2022 16:00,0.155172
08/11/2022 17:00,0.051724
08/11/2022 18:00,0.086207
08/11/2022 19:00,0.034483
08/11/2022 20:00,0.103448
08/11/2022 21:00,0.068966
08/11/2022 22:00,0.103448
08/11/2022 23:00,0.103448
08/12/2022 00:00,0.189655
08/12/2022 01:00,0.293103
08/12/2022 02:00,0.293103
08/12/2022 03:00,0.275862
08/12/2022 04:00,0.258621
08/12/2022 05:00,0.224138
08/12/2022 06:00,0.224138
08/12/2022 07:00,0.206897
08/12/2022 08:00,0.189655
08/12/2022 09:00,0.189655
08/12/2022 10:00,0.189655
08/12/2022 11:00,0.241379
08/12/2022 12:00,0.275862
08/12/2022 13:00,0.293103
08/12/2022 14:00,0.241379
08/12/2022 15:00,0.224138
08/12/2022 16:00,0.241379
08/12/2022 17:00,0.017241
08/12/2022 18:00,0.017241
08/12/2022 19:00,0.0
08/12/2022 20:00,-0.086207
08/12/2022 21:00,0.017241
08/12/2022 22:00,0.051724
08/12/2022 23:00,0.034483
08/13/2022 00:00,0.275862
08/13/2022 01:00,0.241379
08/13/2022 02:00,0.258621
08/13/2022 03:00,0.258621
08/13/2022 04:00,0.241379
08/13/2022 05:00,0.224138
08/13/2022 06:00,0.206897
08/13/2022 07:00,0.189655
08/13/2022 08:00,0.189655
08/13/2022 09:00,0.189655
08/13/2022 10:00,0.172414
08/13/2022 11:00,0.189655
08/13/2022 12:00,0.172414
08/13/2022 13:00,0.189655
08/13/2022 14:00,0.137931
08/13/2022 15:00,0.137931
08/13/2022 16:00,0.137931
08/13/2022 17:00,0.051724
08/13/2022 18:00,0.0
08/13/2022 19:00,-0.086207
08/13/2022 20:00,-0.155172
08/13/2022 21:00,-0.086207
08/13/2022 22:00,0.068966
08/13/2022 23:00,0.086207
08/14/2022 00:00,0.241379
08/14/2022 01:00,0.310345
08/14/2022 02:00,0.327586
08/14/2022 03:00,0.293103
08/14/2022 04:00,0.275862
08/14/2022 05:00,0.241379
08/14/2022 06:00,0.224138
08/14/2022 07:00,0.206897
08/14/2022 08:00,0.189655
08/14/2022 09:00,0.189655
08/14/2022 10:00,0.172414
08/14/2022 11:00,0.172414
08/14/2022 12:00,0.189655
08/14/2022 13:00,0.189655
08/14/2022 14:00,0.137931
08/14/2022 15:00,0.017241
08/14/2022 16:00,-0.051724
08/14/2022 17:00,-0.12069
08/14/2022 18:00,-0.034483
08/14/2022 19:00,-0.137931
08/14/2022 20:00,-0.155172
08/14/2022 21:00,-0.051724
08/14/2022 22:00,-0.034483
08/14/2022 23:00,0.086207
08/15/2022 00:00,0.189655
08/15/2022 01:00,0.293103
08/15/2022 02:00,0.327586
08/15/2022 03:00,0.293103
08/15/2022 04:00,0.258621
08/15/2022 05:00,0.241379
08/15/2022 06:00,0.224138
08/15/2022 07:00,0.189655
08/15/2022 08:00,0.189655
08/15/2022 09:00,0.189655
08/15/2022 10:00,0.189655
08/15/2022 11:00,0.241379
08/15/2022 12:00,0.275862
08/15/2022 13:00,0.293103
08/15/2022 14:00,0.224138
08/15/2022 15:00,0.137931
08/15/2022 16:00,0.051724
08/15/2022 17:00,0.0
08/15/2022 18:00,-0.017241
08/15/2022 19:00,-0.017241
08/15/2022 20:00,0.0
08/15/2022 21:00,0.034483
08/15/2022 22:00,0.103448
08/15/2022 23:00,0.137931
08/16/2022 00:00,0.310345
08/16/2022 01:00,0.37931
08/16/2022 02:00,0.396552
08/16/2022 03:00,0.37931
08/16/2022 04:00,0.362069
08/16/2022 05:00,0.327586
08/16/2022 06:00,0.293103
08/16/2022 07:00,0.275862
08/16/2022 08:00,0.275862
08/16/2022 09:00,0.258621
08/16/2022 10:00,0.258621
08/16/2022 11:00,0.293103
08/16/2022 12:00,0.362069
08/16/2022 13:00,0.396552
08/16/2022 14:00,0.344828
08/16/2022 15:00,0.275862
08/16/2022 16:00,0.137931
08/16/2022 17:00,0.206897
08/16/2022 18:00,0.137931
08/16/2022 19:00,0.189655
08/16/2022 20:00,0.155172
08/16/2022 21:00,0.155172
08/16/2022 22:00,0.396552
08/16/2022 23:00,0.344828
08/17/2022 00:00,0.396552
08/17/2022 01:00,0.37931
08/17/2022 02:00,0.396552
08/17/2022 03:00,0.37931
08/17/2022 04:00,0.327586
08/17/2022 05:00,0.310345
08/17/2022 06:00,0.293103
08/17/2022 07:00,0.275862
08/17/2022 08:00,0.258621
08/17/2022 09:00,0.258621
08/17/2022 10:00,0.258621
08/17/2022 11:00,0.310345
08/17/2022 12:00,0.362069
08/17/2022 13:00,0.37931
08/17/2022 14:00,0.344828
08/17/2022 15:00,0.241379
08/17/2022 16:00,0.155172
08/17/2022 17:00,0.12069
08/17/2022 18:00,0.068966
08/17/2022 19:00,0.155172
08/17/2022 20:00,0.396552
08/17/2022 21:00,0.293103
08/17/2022 22:00,0.12069
08/17/2022 23:00,0.155172
08/18/2022 00:00,0.275862
08/18/2022 01:00,0.37931
08/18/2022 02:00,0.413793
08/18/2022 03:00,0.37931
08/18/2022 04:00,0.362069
08/18/2022 05:00,0.310345
08/18/2022 06:00,0.293103
08/18/2022 07:00,0.275862
08/18/2022 08:00,0.258621
08/18/2022 09:00,0.258621
08/18/2022 10:00,0.275862
08/18/2022 11:00,0.327586
08/18/2022 12:00,0.362069
08/18/2022 13:00,0.37931
08/18/2022 14:00,0.344828
08/18/2022 15:00,0.310345
08/18/2022 16:00,0.12069
08/18/2022 17:00,0.12069
08/18/2022 18:00,0.327586
08/18/2022 19:00,0.362069
08/18/2022 20:00,0.224138
08/18/2022 21:00,0.189655
08/18/2022 22:00,0.086207
08/18/2022 23:00,0.137931
08/19/2022 00:00,0.137931
08/19/2022 01:00,0.224138
08/19/2022 02:00,0.275862
08/19/2022 03:00,0.258621
08/19/2022 04:00,0.241379
08/19/2022 05:00,0.224138
08/19/2022 06:00,0.206897
08/19/2022 07:00,0.189655
08/19/2022 08:00,0.189655
08/19/2022 09:00,0.189655
08/19/2022 10:00,0.206897
08/19/2022 11:00,0.241379
08/19/2022 12:00,0.293103
08/19/2022 13:00,0.293103
08/19/2022 14:00,0.224138
08/19/2022 15:00,0.103448
08/19/2022 16:00,0.103448
08/19/2022 17:00,0.12069
08/19/2022 18:00,-0.068966
08/19/2022 19:00,-0.017241
08/19/2022 20:00,-0.034483
08/19/2022 21:00,0.0
08/19/2022 22:00,0.034483
08/19/2022 23:00,0.12069
08/20/2022 00:00,0.275862
08/20/2022 01:00,0.310345
08/20/2022 02:00,0.327586
08/20/2022 03:00,0.293103
08/20/2022 04:00,0.275862
08/20/2022 05:00,0.258621
08/20/2022 06:00,0.241379
08/20/2022 07:00,0.224138
08/20/2022 08:00,0.206897
08/20/2022 09:00,0.189655
08/20/2022 10:00,0.189655
08/20/2022 11:00,0.189655
08/20/2022 12:00,0.189655
08/20/2022 13:00,0.189655
08/20/2022 14:00,0.189655
08/20/2022 15:00,0.103448
08/20/2022 16:00,0.0
08/20/2022 17:00,-0.086207
08/20/2022 18:00,0.034483
08/20/2022 19:00,-0.051724
08/20/2022 20:00,-0.137931
08/20/2022 21:00,0.068966
08/20/2022 22:00,0.189655
08/20/2022 23:00,0.12069
08/21/2022 00:00,0.189655
08/21/2022 01:00,0.293103
08/21/2022 02:00,0.293103
08/21/2022 03:00,0.293103
08/21/2022 04:00,0.275862
08/21/2022 05:00,0.258621
08/21/2022 06:00,0.241379
08/21/2022 07:00,0.224138
08/21/2022 08:00,0.206897
08/21/2022 09:00,0.206897
08/21/2022 10:00,0.189655
08/21/2022 11:00,0.189655
08/21/2022 12:00,0.189655
08/21/2022 13:00,0.189655
08/21/2022 14:00,0.189655
08/21/2022 15:00,0.137931
08/21/2022 16:00,0.034483
08/21/2022 17:00,0.017241
08/21/2022 18:00,0.0
08/21/2022 19:00,-0.103448
08/21/2022 20:00,-0.034483
08/21/2022 21:00,-0.017241
08/21/2022 22:00,0.086207
08/21/2022 23:00,0.189655
08/22/2022 00:00,0.310345
08/22/2022 01:00,0.293103
08/22/2022 02:00,0.293103
08/22/2022 03:00,0.275862
08/22/2022 04:00,0.258621
08/22/2022 05:00,0.241379
08/22/2022 06:00,0.224138
08/22/2022 07:00,0.206897
08/22/2022 08:00,0.206897
08/22/2022 09:00,0.189655
08/22/2022 10:00,0.206897
08/22/2022 11:00,0.241379
08/22/2022 12:00,0.275862
08/22/2022 13:00,0.310345
08/22/2022 14:00,0.275862
08/22/2022 15:00,0.206897
08/22/2022 16:00,0.12069
08/22/2022 17:00,0.017241
08/22/2022 18:00,0.034483
08/22/2022 19:00,0.068966
08/22/2022 20:00,0.103448
08/22/2022 21:00,0.155172
08/22/2022 22:00,0.103448
08/22/2022 23:00,0.051724
08/23/2022 00:00,0.258621
08/23/2022 01:00,0.327586
08/23/2022 02:00,0.327586
08/23/2022 03:00,0.310345
08/23/2022 04:00,0.293103
08/23/2022 05:00,0.258621
08/23/2022 06:00,0.241379
08/23/2022 07:00,0.224138
08/23/2022 08:00,0.224138
08/23/2022 09:00,0.206897
08/23/2022 10:00,0.224138
08/23/2022 11:00,0.258621
08/23/2022 12:00,0.310345
08/23/2022 13:00,0.327586
08/23/2022 14:00,0.310345
08/23/2022 15:00,0.206897
08/23/2022 16:00,0.137931
08/23/2022 17:00,0.068966
08/23/2022 18:00,0.189655
08/23/2022 19:00,0.137931
08/23/2022 20:00,0.172414
08/23/2022 21:00,0.068966
08/23/2022 22:00,0.12069
08/23/2022 23:00,0.12069
08/24/2022 00:00,0.224138
08/24/2022 01:00,0.293103
08/24/2022 02:00,0.310345
08/24/2022 03:00,0.293103
08/24/2022 04:00,0.258621
08/24/2022 05:00,0.241379
08/24/2022 06:00,0.224138
08/24/2022 07:00,0.206897
08/24/2022 08:00,0.206897
08/24/2022 09:00,0.206897
08/24/2022 10:00,0.206897
08/24/2022 11:00,0.241379
08/24/2022 12:00,0.293103
08/24/2022 13:00,0.310345
08/24/2022 14:00,0.310345
08/24/2022 15:00,0.241379
08/24/2022 16:00,0.172414
08/24/2022 17:00,0.224138
08/24/2022 18:00,0.189655
08/24/2022 19:00,0.051724
08/24/2022 20:00,0.086207
08/24/2022 21:00,0.034483
08/24/2022 22:00,0.258621
08/24/2022 23:00,0.224138
08/25/2022 00:00,0.258621
08/25/2022 01:00,0.293103
08/25/2022 02:00,0.293103
08/25/2022 03:00,0.275862
08/25/2022 04:00,0.258621
08/25/2022 05:00,0.241379
08/25/2022 06:00,0.224138
08/25/2022 07:00,0.206897
08/25/2022 08:00,0.189655
08/25/2022 09:00,0.189655
08/25/2022 10:00,0.224138
08/25/2022 11:00,0.258621
08/25/2022 12:00,0.293103
08/25/2022 13:00,0.310345
08/25/2022 14:00,0.293103
08/25/2022 15:00,0.275862
08/25/2022 16:00,0.258621
08/25/2022 17:00,0.189655
08/25/2022 18:00,0.172414
08/25/2022 19:00,0.155172
08/25/2022 20:00,0.189655
08/25/2022 21:00,0.206897
08/25/2022 22:00,0.206897
08/25/2022 23:00,0.155172
08/26/2022 00:00,0.189655
08/26/2022 01:00,0.258621
08/26/2022 02:00,0.275862
08/26/2022 03:00,0.258621
08/26/2022 04:00,0.241379
08/26/2022 05:00,0.224138
08/26/2022 06:00,0.189655
08/26/2022 07:00,0.189655
08/26/2022 08:00,0.172414
08/26/2022 09:00,0.172414
08/26/2022 10:00,0.189655
08/26/2022 11:00,0.224138
08/26/2022 12:00,0.275862
08/26/2022 13:00,0.310345
08/26/2022 14:00,0.293103
08/26/2022 15:00,0.241379
08/26/2022 16:00,0.172414
08/26/2022 17:00,0.068966
08/26/2022 18:00,0.017241
08/26/2022 19:00,-0.034483
08/26/2022 20:00,-0.086207
08/26/2022 21:00,-0.034483
08/26/2022 22:00,0.017241
08/26/2022 23:00,0.206897
08/27/2022 00:00,0.241379
08/27/2022 01:00,0.275862
08/27/2022 02:00,0.275862
08/27/2022 03:00,0.275862
08/27/2022 04:00,0.241379
08/27/2022 05:00,0.241379
08/27/2022 06:00,0.224138
08/27/2022 07:00,0.206897
08/27/2022 08:00,0.189655
08/27/2022 09:00,0.189655
08/27/2022 10:00,0.172414
08/27/2022 11:00,0.189655
08/27/2022 12:00,0.189655
08/27/2022 13:00,0.189655
08/27/2022 14:00,0.172414
08/27/2022 15:00,0.12069
08/27/2022 16:00,0.051724
08/27/2022 17:00,-0.017241
08/27/2022 18:00,-0.12069
08/27/2022 19:00,-0.137931
08/27/2022 20:00,-0.068966
08/27/2022 21:00,0.12069
08/27/2022 22:00,0.275862
08/27/2022 23:00,0.293103
08/28/2022 00:00,0.241379
08/28/2022 01:00,0.275862
08/28/2022 02:00,0.293103
08/28/2022 03:00,0.275862
08/28/2022 04:00,0.275862
08/28/2022 05:00,0.258621
08/28/2022 06:00,0.241379
08/28/2022 07:00,0.224138
08/28/2022 08:00,0.224138
08/28/2022 09:00,0.206897
08/28/2022 10:00,0.206897
08/28/2022 11:00,0.206897
08/28/2022 12:00,0.206897
08/28/2022 13:00,0.206897
08/28/2022 14:00,0.137931
08/28/2022 15:00,0.068966
08/28/2022 16:00,-0.051724
08/28/2022 17:00,0.0
08/28/2022 18:00,-0.017241
08/28/2022 19:00,-0.051724
08/28/2022 20:00,-0.068966
08/28/2022 21:00,-0.086207
08/28/2022 22:00,0.017241
08/28/2022 23:00,0.12069
08/29/2022 00:00,0.293103
08/29/2022 01:00,0.327586
08/29/2022 02:00,0.344828
08/29/2022 03:00,0.344828
08/29/2022 04:00,0.310345
08/29/2022 05:00,0.275862
08/29/2022 06:00,0.258621
08/29/2022 07:00,0.241379
08/29/2022 08:00,0.224138
08/29/2022 09:00,0.224138
08/29/2022 10:00,0.241379
08/29/2022 11:00,0.275862
08/29/2022 12:00,0.344828
08/29/2022 13:00,0.362069
08/29/2022 14:00,0.344828
08/29/2022 15:00,0.293103
08/29/2022 16:00,0.189655
08/29/2022 17:00,0.172414
08/29/2022 18:00,0.051724
08/29/2022 19:00,0.086207
08/29/2022 20:00,0.086207
08/29/2022 21:00,0.103448
08/29/2022 22:00,0.103448
08/29/2022 23:00,0.206897
08/30/2022 00:00,0.275862
08/30/2022 01:00,0.37931
08/30/2022 02:00,0.37931
08/30/2022 03:00,0.362069
08/30/2022 04:00,0.344828
08/30/2022 05:00,0.293103
08/30/2022 06:00,0.275862
08/30/2022 07:00,0.258621
08/30/2022 08:00,0.258621
08/30/2022 09:00,0.224138
08/30/2022 10:00,0.241379
08/30/2022 11:00,0.275862
08/30/2022 12:00,0.327586
08/30/2022 13:00,0.344828
08/30/2022 14:00,0.293103
08/30/2022 15:00,0.155172
08/30/2022 16:00,0.051724
08/30/2022 17:00,0.017241
08/30/2022 18:00,0.0
08/30/2022 19:00,0.0
08/30/2022 20:00,0.051724
08/30/2022 21:00,0.12069
08/30/2022 22:00,0.189655
08/30/2022 23:00,0.206897
08/31/2022 00:00,0.362069
08/31/2022 01:00,0.413793
08/31/2022 02:00,0.431034
08/31/2022 03:00,0.413793
08/31/2022 04:00,0.37931
08/31/2022 05:00,0.362069
08/31/2022 06:00,0.310345
08/31/2022 07:00,0.293103
08/31/2022 08:00,0.275862
08/31/2022 09:00,0.258621
08/31/2022 10:00,0.275862
08/31/2022 11:00,0.327586
08/31/2022 12:00,0.362069
08/31/2022 13:00,0.37931
08/31/2022 14:00,0.310345
08/31/2022 15:00,0.189655
08/31/2022 16:00,0.224138
08/31/2022 17:00,0.12069
08/31/2022 18:00,0.103448
08/31/2022 19:00,0.189655
08/31/2022 20:00,0.258621
08/31/2022 21:00,0.206897
08/31/2022 22:00,0.103448
08/31/2022 23:00,0.137931
09/01/2022 00:00,0.224138
09/01/2022 01:00,0.344828
09/01/2022 02:00,0.362069
09/01/2022 03:00,0.344828
09/01/2022 04:00,0.310345
09/01/2022 05:00,0.275862
09/01/2022 06:00,0.241379
09/01/2022 07:00,0.224138
09/01/2022 08:00,0.206897
09/01/2022 09:00,0.206897
09/01/2022 10:00,0.224138
09/01/2022 11:00,0.258621
09/01/2022 12:00,0.310345
09/01/2022 13:00,0.327586
09/01/2022 14:00,0.258621
09/01/2022 15:00,0.137931
09/01/2022 16:00,0.051724
09/01/2022 17:00,0.017241
09/01/2022 18:00,0.017241
09/01/2022 19:00,0.034483
09/01/2022 20:00,0.0
09/01/2022 21:00,0.103448
09/01/2022 22:00,0.275862
09/01/2022 23:00,0.258621
09/02/2022 00:00,0.241379
09/02/2022 01:00,0.241379
09/02/2022 02:00,0.258621
09/02/2022 03:00,0.241379
09/02/2022 04:00,0.224138
09/02/2022 05:00,0.189655
09/02/2022 06:00,0.172414
09/02/2022 07:00,0.172414
09/02/2022 08:00,0.155172
09/02/2022 09:00,0.155172
09/02/2022 10:00,0.172414
09/02/2022 11:00,0.189655
09/02/2022 12:00,0.206897
09/02/2022 13:00,0.224138
09/02/2022 14:00,0.189655
09/02/2022 15:00,0.137931
09/02/2022 16:00,0.137931
09/02/2022 17:00,-0.034483
09/02/2022 18:00,0.0
09/02/2022 19:00,-0.017241
09/02/2022 20:00,0.103448
09/02/2022 21:00,0.017241
09/02/2022 22:00,0.275862
09/02/2022 23:00,0.155172
09/03/2022 00:00,0.155172
09/03/2022 01:00,0.241379
09/03/2022 02:00,0.258621
09/03/2022 03:00,0.241379
09/03/2022 04:00,0.224138
09/03/2022 05:00,0.206897
09/03/2022 06:00,0.189655
09/03/2022 07:00,0.172414
09/03/2022 08:00,0.172414
09/03/2022 09:00,0.172414
09/03/2022 10:00,0.155172
09/03/2022 11:00,0.155172
09/03/2022 12:00,0.155172
09/03/2022 13:00,0.155172
09/03/2022 14:00,0.068966
09/03/2022 15:00,0.0
09/03/2022 16:00,0.086207
09/03/2022 17:00,-0.068966
09/03/2022 18:00,-0.103448
09/03/2022 19:00,-0.155172
09/03/2022 20:00,-0.068966
09/03/2022 21:00,0.172414
09/03/2022 22:00,0.103448
09/03/2022 23:00,0.137931
09/04/2022 00:00,0.224138
09/04/2022 01:00,0.258621
09/04/2022 02:00,0.275862
09/04/2022 03:00,0.258621
09/04/2022 04:00,0.224138
09/04/2022 05:00,0.206897
09/04/2022 06:00,0.189655
09/04/2022 07:00,0.172414
09/04/2022 08:00,0.172414
09/04/2022 09:00,0.172414
09/04/2022 10:00,0.155172
09/04/2022 11:00,0.155172
09/04/2022 12:00,0.155172
09/04/2022 13:00,0.172414
09/04/2022 14:00,0.086207
09/04/2022 15:00,-0.017241
09/04/2022 16:00,-0.103448
09/04/2022 17:00,-0.172414
09/04/2022 18:00,-0.12069
09/04/2022 19:00,-0.137931
09/04/2022 20:00,0.051724
09/04/2022 21:00,0.103448
09/04/2022 22:00,-0.017241
09/04/2022 23:00,0.068966
09/05/2022 00:00,0.155172
09/05/2022 01:00,0.224138
09/05/2022 02:00,0.241379
09/05/2022 03:00,0.241379
09/05/2022 04:00,0.206897
09/05/2022 05:00,0.206897
09/05/2022 06:00,0.189655
09/05/2022 07:00,0.172414
09/05/2022 08:00,0.172414
09/05/2022 09:00,0.155172
09/05/2022 10:00,0.155172
09/05/2022 11:00,0.155172
09/05/2022 12:00,0.155172
09/05/2022 13:00,0.172414
09/05/2022 14:00,0.12069
09/05/2022 15:00,0.017241
09/05/2022 16:00,-0.103448
09/05/2022 17:00,-0.137931
09/05/2022 18:00,-0.068966
09/05/2022 19:00,-0.172414
09/05/2022 20:00,0.0
09/05/2022 21:00,0.034483
09/05/2022 22:00,-0.051724
09/05/2022 23:00,0.189655
09/06/2022 00:00,0.189655
09/06/2022 01:00,0.241379
09/06/2022 02:00,0.275862
09/06/2022 03:00,0.258621
09/06/2022 04:00,0.241379
09/06/2022 05:00,0.224138
09/06/2022 06:00,0.189655
09/06/2022 07:00,0.189655
09/06/2022 08:00,0.172414
09/06/2022 09:00,0.172414
09/06/2022 10:00,0.172414
09/06/2022 11:00,0.224138
09/06/2022 12:00,0.258621
09/06/2022 13:00,0.275862
09/06/2022 14:00,0.241379
09/06/2022 15:00,0.103448
09/06/2022 16:00,0.034483
09/06/2022 17:00,-0.017241
09/06/2022 18:00,-0.034483
09/06/2022 19:00,0.0
09/06/2022 20:00,-0.017241
09/06/2022 21:00,0.068966
09/06/2022 22:00,0.137931
09/06/2022 23:00,0.224138
09/07/2022 00:00,0.258621
09/07/2022 01:00,0.310345
09/07/2022 02:00,0.327586
09/07/2022 03:00,0.310345
09/07/2022 04:00,0.275862
09/07/2022 05:00,0.241379
09/07/2022 06:00,0.224138
09/07/2022 07:00,0.206897
09/07/2022 08:00,0.206897
09/07/2022 09:00,0.189655
09/07/2022 10:00,0.206897
09/07/2022 11:00,0.241379
09/07/2022 12:00,0.293103
09/07/2022 13:00,0.327586
09/07/2022 14:00,0.293103
09/07/2022 15:00,0.224138
09/07/2022 16:00,0.189655
09/07/2022 17:00,0.137931
09/07/2022 18:00,0.155172
09/07/2022 19:00,0.137931
09/07/2022 20:00,0.051724
09/07/2022 21:00,0.172414
09/07/2022 22:00,0.189655
09/07/2022 23:00,0.189655
09/08/2022 00:00,0.275862
09/08/2022 01:00,0.293103
09/08/2022 02:00,0.293103
09/08/2022 03:00,0.293103
09/08/2022 04:00,0.258621
09/08/2022 05:00,0.224138
09/08/2022 06:00,0.206897
09/08/2022 07:00,0.206897
09/08/2022 08:00,0.206897
09/08/2022 09:00,0.189655
09/08/2022 10:00,0.206897
09/08/2022 11:00,0.241379
09/08/2022 12:00,0.275862
09/08/2022 13:00,0.293103
09/08/2022 14:00,0.224138
09/08/2022 15:00,0.137931
09/08/2022 16:00,0.017241
09/08/2022 17:00,-0.017241
09/08/2022 18:00,0.068966
09/08/2022 19:00,0.068966
09/08/2022 20:00,0.189655
09/08/2022 21:00,0.293103
09/08/2022 22:00,0.362069
09/08/2022 23:00,0.258621
09/09/2022 00:00,0.224138
09/09/2022 01:00,0.224138
09/09/2022 02:00,0.224138
09/09/2022 03:00,0.224138
09/09/2022 04:00,0.206897
09/09/2022 05:00,0.172414
09/09/2022 06:00,0.172414
09/09/2022 07:00,0.155172
09/09/2022 08:00,0.155172
09/09/2022 09:00,0.155172
09/09/2022 10:00,0.155172
09/09/2022 11:00,0.206897
09/09/2022 12:00,0.241379
09/09/2022 13:00,0.258621
09/09/2022 14:00,0.241379
09/09/2022 15:00,0.206897
09/09/2022 16:00,0.137931
09/09/2022 17:00,0.034483
09/09/2022 18:00,0.051724
09/09/2022 19:00,0.034483
09/09/2022 20:00,0.017241
09/09/2022 21:00,0.189655
09/09/2022 22:00,0.137931
09/09/2022 23:00,0.155172
09/10/2022 00:00,0.189655
09/10/2022 01:00,0.224138
09/10/2022 02:00,0.224138
09/10/2022 03:00,0.224138
09/10/2022 04:00,0.206897
09/10/2022 05:00,0.189655
09/10/2022 06:00,0.172414
09/10/2022 07:00,0.155172
09/10/2022 08:00,0.155172
09/10/2022 09:00,0.155172
09/10/2022 10:00,0.155172
09/10/2022 11:00,0.155172
09/10/2022 12:00,0.172414
09/10/2022 13:00,0.172414
09/10/2022 14:00,0.155172
09/10/2022 15:00,0.086207
09/10/2022 16:00,0.034483
09/10/2022 17:00,0.034483
09/10/2022 18:00,0.137931
09/10/2022 19:00,0.155172
09/10/2022 20:00,0.155172
09/10/2022 21:00,0.068966
09/10/2022 22:00,0.086207
09/10/2022 23:00,0.12069
09/11/2022 00:00,0.172414
09/11/2022 01:00,0.206897
09/11/2022 02:00,0.206897
09/11/2022 03:00,0.206897
09/11/2022 04:00,0.206897
09/11/2022 05:00,0.189655
09/11/2022 06:00,0.172414
09/11/2022 07:00,0.155172
09/11/2022 08:00,0.155172
09/11/2022 09:00,0.155172
09/11/2022 10:00,0.155172
09/11/2022 11:00,0.137931
09/11/2022 12:00,0.137931
09/11/2022 13:00,0.155172
09/11/2022 14:00,0.068966
09/11/2022 15:00,0.12069
09/11/2022 16:00,0.155172
09/11/2022 17:00,0.172414
09/11/2022 18:00,0.172414
09/11/2022 19:00,0.155172
09/11/2022 20:00,0.137931
09/11/2022 21:00,0.034483
09/11/2022 22:00,0.051724
09/11/2022 23:00,0.051724
09/12/2022 00:00,0.155172
09/12/2022 01:00,0.206897
09/12/2022 02:00,0.224138
09/12/2022 03:00,0.206897
09/12/2022 04:00,0.189655
09/12/2022 05:00,0.172414
09/12/2022 06:00,0.172414
09/12/2022 07:00,0.155172
09/12/2022 08:00,0.155172
09/12/2022 09:00,0.137931
09/12/2022 10:00,0.155172
09/12/2022 11:00,0.206897
09/12/2022 12:00,0.258621
09/12/2022 13:00,0.293103
09/12/2022 14:00,0.258621
09/12/2022 15:00,0.172414
09/12/2022 16:00,0.034483
09/12/2022 17:00,-0.017241
09/12/2022 18:00,-0.086207
09/12/2022 19:00,-0.068966
09/12/2022 20:00,0.051724
09/12/2022 21:00,0.051724
09/12/2022 22:00,0.155172
09/12/2022 23:00,0.258621
09/13/2022 00:00,0.206897
09/13/2022 01:00,0.241379
09/13/2022 02:00,0.258621
09/13/2022 03:00,0.241379
09/13/2022 04:00,0.224138
09/13/2022 05:00,0.189655
09/13/2022 06:00,0.172414
09/13/2022 07:00,0.172414
09/13/2022 08:00,0.155172
09/13/2022 09:00,0.155172
09/13/2022 10:00,0.155172
09/13/2022 11:00,0.206897
09/13/2022 12:00,0.258621
09/13/2022 13:00,0.293103
09/13/2022 14:00,0.224138
09/13/2022 15:00,0.086207
09/13/2022 16:00,-0.017241
09/13/2022 17:00,-0.086207
09/13/2022 18:00,-0.137931
09/13/2022 19:00,-0.086207
09/13/2022 20:00,-0.103448
09/13/2022 21:00,0.0
09/13/2022 22:00,0.017241
09/13/2022 23:00,0.068966
09/14/2022 00:00,0.189655
09/14/2022 01:00,0.293103
09/14/2022 02:00,0.293103
09/14/2022 03:00,0.258621
09/14/2022 04:00,0.224138
09/14/2022 05:00,0.206897
09/14/2022 06:00,0.189655
09/14/2022 07:00,0.172414
09/14/2022 08:00,0.172414
09/14/2022 09:00,0.172414
09/14/2022 10:00,0.172414
09/14/2022 11:00,0.206897
09/14/2022 12:00,0.258621
09/14/2022 13:00,0.275862
09/14/2022 14:00,0.206897
09/14/2022 15:00,0.103448
09/14/2022 16:00,-0.017241
09/14/2022 17:00,-0.103448
09/14/2022 18:00,-0.137931
09/14/2022 19:00,-0.12069
09/14/2022 20:00,-0.12069
09/14/2022 21:00,-0.068966
09/14/2022 22:00,0.0
09/14/2022 23:00,0.034483
09/15/2022 00:00,0.155172
09/15/2022 01:00,0.258621
09/15/2022 02:00,0.275862
09/15/2022 03:00,0.258621
09/15/2022 04:00,0.224138
09/15/2022 05:00,0.206897
09/15/2022 06:00,0.172414
09/15/2022 07:00,0.172414
09/15/2022 08:00,0.155172
09/15/2022 09:00,0.155172
09/15/2022 10:00,0.172414
09/15/2022 11:00,0.206897
09/15/2022 12:00,0.258621
09/15/2022 13:00,0.275862
09/15/2022 14:00,0.224138
09/15/2022 15:00,0.086207
09/15/2022 16:00,0.0
09/15/2022 17:00,-0.068966
09/15/2022 18:00,-0.12069
09/15/2022 19:00,-0.12069
09/15/2022 20:00,-0.086207
09/15/2022 21:00,-0.034483
09/15/2022 22:00,0.017241
09/15/2022 23:00,0.051724
09/16/2022 00:00,0.189655
09/16/2022 01:00,0.258621
09/16/2022 02:00,0.258621
09/16/2022 03:00,0.258621
09/16/2022 04:00,0.224138
09/16/2022 05:00,0.206897
09/16/2022 06:00,0.189655
09/16/2022 07:00,0.172414
09/16/2022 08:00,0.155172
09/16/2022 09:00,0.155172
09/16/2022 10:00,0.172414
09/16/2022 11:00,0.224138
09/16/2022 12:00,0.241379
09/16/2022 13:00,0.275862
09/16/2022 14:00,0.206897
09/16/2022 15:00,0.068966
09/16/2022 16:00,-0.017241
09/16/2022 17:00,-0.086207
09/16/2022 18:00,-0.155172
09/16/2022 19:00,-0.155172
09/16/2022 20:00,-0.137931
09/16/2022 21:00,-0.103448
09/16/2022 22:00,-0.034483
09/16/2022 23:00,0.068966
09/17/2022 00:00,0.189655
09/17/2022 01:00,0.258621
09/17/2022 02:00,0.258621
09/17/2022 03:00,0.241379
09/17/2022 04:00,0.241379
09/17/2022 05:00,0.224138
09/17/2022 06:00,0.206897
09/17/2022 07:00,0.189655
09/17/2022 08:00,0.172414
09/17/2022 09:00,0.172414
09/17/2022 10:00,0.189655
09/17/2022 11:00,0.206897
09/17/2022 12:00,0.224138
09/17/2022 13:00,0.224138
09/17/2022 14:00,0.155172
09/17/2022 15:00,0.034483
09/17/2022 16:00,-0.051724
09/17/2022 17:00,-0.12069
09/17/2022 18:00,-0.189655
09/17/2022 19:00,-0.155172
09/17/2022 20:00,-0.189655
09/17/2022 21:00,-0.103448
09/17/2022 22:00,-0.051724
09/17/2022 23:00,0.051724
09/18/2022 00:00,0.206897
09/18/2022 01:00,0.275862
09/18/2022 02:00,0.275862
09/18/2022 03:00,0.241379
09/18/2022 04:00,0.224138
09/18/2022 05:00,0.206897
09/18/2022 06:00,0.189655
09/18/2022 07:00,0.155172
09/18/2022 08:00,0.155172
09/18/2022 09:00,0.155172
09/18/2022 10:00,0.137931
09/18/2022 11:00,0.137931
09/18/2022 12:00,0.137931
09/18/2022 13:00,0.137931
09/18/2022 14:00,0.068966
09/18/2022 15:00,-0.051724
09/18/2022 16:00,-0.137931
09/18/2022 17:00,-0.224138
09/18/2022 18:00,-0.241379
09/18/2022 19:00,-0.241379
09/18/2022 20:00,-0.224138
09/18/2022 21:00,-0.155172
09/18/2022 22:00,-0.068966
09/18/2022 23:00,0.051724
09/19/2022 00:00,0.206897
09/19/2022 01:00,0.293103
09/19/2022 02:00,0.293103
09/19/2022 03:00,0.275862
09/19/2022 04:00,0.258621
09/19/2022 05:00,0.224138
09/19/2022 06:00,0.189655
09/19/2022 07:00,0.172414
09/19/2022 08:00,0.172414
09/19/2022 09:00,0.172414
09/19/2022 10:00,0.172414
09/19/2022 11:00,0.206897
09/19/2022 12:00,0.258621
09/19/2022 13:00,0.275862
09/19/2022 14:00,0.206897
09/19/2022 15:00,0.068966
09/19/2022 16:00,0.0
09/19/2022 17:00,-0.051724
09/19/2022 18:00,-0.086207
09/19/2022 19:00,-0.068966
09/19/2022 20:00,-0.017241
09/19/2022 21:00,0.034483
09/19/2022 22:00,0.068966
09/19/2022 23:00,0.12069
09/20/2022 00:00,0.258621
09/20/2022 01:00,0.344828
09/20/2022 02:00,0.344828
09/20/2022 03:00,0.310345
09/20/2022 04:00,0.275862
09/20/2022 05:00,0.241379
09/20/2022 06:00,0.224138
09/20/2022 07:00,0.206897
09/20/2022 08:00,0.206897
09/20/2022 09:00,0.189655
09/20/2022 10:00,0.206897
09/20/2022 11:00,0.241379
09/20/2022 12:00,0.275862
09/20/2022 13:00,0.310345
09/20/2022 14:00,0.241379
09/20/2022 15:00,0.12069
09/20/2022 16:00,0.034483
09/20/2022 17:00,-0.017241
09/20/2022 18:00,-0.051724
09/20/2022 19:00,-0.051724
09/20/2022 20:00,-0.017241
09/20/2022 21:00,0.051724
09/20/2022 22:00,0.155172
09/20/2022 23:00,0.172414
09/21/2022 00:00,0.293103
09/21/2022 01:00,0.362069
09/21/2022 02:00,0.344828
09/21/2022 03:00,0.310345
09/21/2022 04:00,0.275862
09/21/2022 05:00,0.258621
09/21/2022 06:00,0.224138
09/21/2022 07:00,0.206897
09/21/2022 08:00,0.206897
09/21/2022 09:00,0.189655
09/21/2022 10:00,0.206897
09/21/2022 11:00,0.241379
09/21/2022 12:00,0.293103
09/21/2022 13:00,0.310345
09/21/2022 14:00,0.241379
09/21/2022 15:00,0.12069
09/21/2022 16:00,0.034483
09/21/2022 17:00,0.0
09/21/2022 18:00,0.0
09/21/2022 19:00,-0.034483
09/21/2022 20:00,0.12069
09/21/2022 21:00,0.068966
09/21/2022 22:00,0.12069
09/21/2022 23:00,0.172414
09/22/2022 00:00,0.275862
09/22/2022 01:00,0.362069
09/22/2022 02:00,0.362069
09/22/2022 03:00,0.327586
09/22/2022 04:00,0.293103
09/22/2022 05:00,0.258621
09/22/2022 06:00,0.241379
09/22/2022 07:00,0.224138
09/22/2022 08:00,0.206897
09/22/2022 09:00,0.206897
09/22/2022 10:00,0.224138
09/22/2022 11:00,0.258621
09/22/2022 12:00,0.310345
09/22/2022 13:00,0.310345
09/22/2022 14:00,0.241379
09/22/2022 15:00,0.12069
09/22/2022 16:00,0.051724
09/22/2022 17:00,0.0
09/22/2022 18:00,-0.017241
09/22/2022 19:00,0.017241
09/22/2022 20:00,0.034483
09/22/2022 21:00,0.086207
09/22/2022 22:00,0.155172
09/22/2022 23:00,0.224138
09/23/2022 00:00,0.344828
09/23/2022 01:00,0.413793
09/23/2022 02:00,0.396552
09/23/2022 03:00,0.37931
09/23/2022 04:00,0.344828
09/23/2022 05:00,0.327586
09/23/2022 06:00,0.293103
09/23/2022 07:00,0.275862
09/23/2022 08:00,0.258621
09/23/2022 09:00,0.258621
09/23/2022 10:00,0.275862
09/23/2022 11:00,0.310345
09/23/2022 12:00,0.344828
09/23/2022 13:00,0.344828
09/23/2022 14:00,0.258621
09/23/2022 15:00,0.137931
09/23/2022 16:00,0.017241
09/23/2022 17:00,-0.051724
09/23/2022 18:00,-0.12069
09/23/2022 19:00,-0.137931
09/23/2022 20:00,-0.155172
09/23/2022 21:00,-0.103448
09/23/2022 22:00,-0.017241
09/23/2022 23:00,0.086207
09/24/2022 00:00,0.224138
09/24/2022 01:00,0.310345
09/24/2022 02:00,0.310345
09/24/2022 03:00,0.293103
09/24/2022 04:00,0.275862
09/24/2022 05:00,0.258621
09/24/2022 06:00,0.224138
09/24/2022 07:00,0.206897
09/24/2022 08:00,0.189655
09/24/2022 09:00,0.172414
09/24/2022 10:00,0.172414
09/24/2022 11:00,0.206897
09/24/2022 12:00,0.206897
09/24/2022 13:00,0.206897
09/24/2022 14:00,0.137931
09/24/2022 15:00,0.017241
09/24/2022 16:00,-0.068966
09/24/2022 17:00,-0.155172
09/24/2022 18:00,-0.206897
09/24/2022 19:00,-0.224138
09/24/2022 20:00,-0.155172
09/24/2022 21:00,-0.12069
09/24/2022 22:00,-0.017241
09/24/2022 23:00,0.086207
09/25/2022 00:00,0.241379
09/25/2022 01:00,0.327586
09/25/2022 02:00,0.327586
09/25/2022 03:00,0.310345
09/25/2022 04:00,0.275862
09/25/2022 05:00,0.258621
09/25/2022 06:00,0.241379
09/25/2022 07:00,0.224138
09/25/2022 08:00,0.224138
09/25/2022 09:00,0.172414
09/25/2022 10:00,0.155172
09/25/2022 11:00,0.155172
09/25/2022 12:00,0.155172
09/25/2022 13:00,0.155172
09/25/2022 14:00,0.086207
09/25/2022 15:00,-0.017241
09/25/2022 16:00,-0.137931
09/25/2022 17:00,-0.189655
09/25/2022 18:00,-0.206897
09/25/2022 19:00,-0.206897
09/25/2022 20:00,-0.155172
09/25/2022 21:00,-0.103448
09/25/2022 22:00,0.051724
09/25/2022 23:00,0.206897
09/26/2022 00:00,0.258621
09/26/2022 01:00,0.344828
09/26/2022 02:00,0.327586
09/26/2022 03:00,0.293103
09/26/2022 04:00,0.275862
09/26/2022 05:00,0.241379
09/26/2022 06:00,0.224138
09/26/2022 07:00,0.206897
09/26/2022 08:00,0.206897
09/26/2022 09:00,0.189655
09/26/2022 10:00,0.206897
09/26/2022 11:00,0.241379
09/26/2022 12:00,0.275862
09/26/2022 13:00,0.310345
09/26/2022 14:00,0.241379
09/26/2022 15:00,0.103448
09/26/2022 16:00,0.017241
09/26/2022 17:00,-0.017241
09/26/2022 18:00,-0.017241
09/26/2022 19:00,0.017241
09/26/2022 20:00,0.017241
09/26/2022 21:00,0.068966
09/26/2022 22:00,0.12069
09/26/2022 23:00,0.224138
09/27/2022 00:00,0.327586
09/27/2022 01:00,0.396552
09/27/2022 02:00,0.37931
09/27/2022 03:00,0.344828
09/27/2022 04:00,0.310345
09/27/2022 05:00,0.275862
09/27/2022 06:00,0.258621
09/27/2022 07:00,0.241379
09/27/2022 08:00,0.224138
09/27/2022 09:00,0.206897
09/27/2022 10:00,0.206897
09/27/2022 11:00,0.241379
09/27/2022 12:00,0.275862
09/27/2022 13:00,0.293103
09/27/2022 14:00,0.224138
09/27/2022 15:00,0.086207
09/27/2022 16:00,-0.034483
09/27/2022 17:00,-0.086207
09/27/2022 18:00,-0.12069
09/27/2022 19:00,-0.103448
09/27/2022 20:00,-0.103448
09/27/2022 21:00,-0.017241
09/27/2022 22:00,0.103448
09/27/2022 23:00,0.068966
09/28/2022 00:00,0.206897
09/28/2022 01:00,0.258621
09/28/2022 02:00,0.275862
09/28/2022 03:00,0.275862
09/28/2022 04:00,0.241379
09/28/2022 05:00,0.224138
09/28/2022 06:00,0.189655
09/28/2022 07:00,0.172414
09/28/2022 08:00,0.172414
09/28/2022 09:00,0.155172
09/28/2022 10:00,0.155172
09/28/2022 11:00,0.206897
09/28/2022 12:00,0.258621
09/28/2022 13:00,0.275862
09/28/2022 14:00,0.172414
09/28/2022 15:00,0.068966
09/28/2022 16:00,0.068966
09/28/2022 17:00,0.086207
09/28/2022 18:00,0.0
09/28/2022 19:00,0.0
09/28/2022 20:00,0.017241
09/28/2022 21:00,0.103448
09/28/2022 22:00,-0.017241
09/28/2022 23:00,0.017241
09/29/2022 00:00,0.103448
09/29/2022 01:00,0.206897
09/29/2022 02:00,0.241379
09/29/2022 03:00,0.224138
09/29/2022 04:00,0.206897
09/29/2022 05:00,0.189655
09/29/2022 06:00,0.172414
09/29/2022 07:00,0.155172
09/29/2022 08:00,0.155172
09/29/2022 09:00,0.155172
09/29/2022 10:00,0.155172
09/29/2022 11:00,0.189655
09/29/2022 12:00,0.258621
09/29/2022 13:00,0.293103
09/29/2022 14:00,0.206897
09/29/2022 15:00,0.034483
09/29/2022 16:00,-0.068966
09/29/2022 17:00,-0.12069
09/29/2022 18:00,-0.206897
09/29/2022 19:00,-0.068966
09/29/2022 20:00,-0.103448
09/29/2022 21:00,0.034483
09/29/2022 22:00,0.137931
09/29/2022 23:00,0.137931
09/30/2022 00:00,0.206897
09/30/2022 01:00,0.241379
09/30/2022 02:00,0.241379
09/30/2022 03:00,0.241379
09/30/2022 04:00,0.224138
09/30/2022 05:00,0.206897
09/30/2022 06:00,0.189655
09/30/2022 07:00,0.189655
09/30/2022 08:00,0.189655
09/30/2022 09:00,0.172414
09/30/2022 10:00,0.189655
09/30/2022 11:00,0.224138
09/30/2022 12:00,0.241379
09/30/2022 13:00,0.241379
09/30/2022 14:00,0.172414
09/30/2022 15:00,0.051724
09/30/2022 16:00,0.051724
09/30/2022 17:00,0.017241
09/30/2022 18:00,-0.051724
09/30/2022 19:00,0.051724
09/30/2022 20:00,0.034483
09/30/2022 21:00,-0.017241
09/30/2022 22:00,0.051724
09/30/2022 23:00,0.051724
10/01/2022 00:00,0.137931
10/01/2022 01:00,0.258621
10/01/2022 02:00,0.275862
10/01/2022 03:00,0.258621
10/01/2022 04:00,0.241379
10/01/2022 05:00,0.224138
10/01/2022 06:00,0.206897
10/01/2022 07:00,0.189655
10/01/2022 08:00,0.189655
10/01/2022 09:00,0.172414
10/01/2022 10:00,0.189655
10/01/2022 11:00,0.189655
10/01/2022 12:00,0.224138
10/01/2022 13:00,0.224138
10/01/2022 14:00,0.155172
10/01/2022 15:00,0.017241
10/01/2022 16:00,-0.103448
10/01/2022 17:00,-0.189655
10/01/2022 18:00,-0.293103
10/01/2022 19:00,-0.275862
10/01/2022 20:00,-0.258621
10/01/2022 21:00,-0.189655
10/01/2022 22:00,-0.068966
10/01/2022 23:00,0.051724
10/02/2022 00:00,0.224138
10/02/2022 01:00,0.293103
10/02/2022 02:00,0.275862
10/02/2022 03:00,0.241379
10/02/2022 04:00,0.206897
10/02/2022 05:00,0.189655
10/02/2022 06:00,0.137931
10/02/2022 07:00,0.137931
10/02/2022 08:00,0.12069
10/02/2022 09:00,0.12069
10/02/2022 10:00,0.12069
10/02/2022 11:00,0.12069
10/02/2022 12:00,0.137931
10/02/2022 13:00,0.137931
10/02/2022 14:00,0.068966
10/02/2022 15:00,-0.068966
10/02/2022 16:00,-0.206897
10/02/2022 17:00,-0.275862
10/02/2022 18:00,-0.310345
10/02/2022 19:00,-0.310345
10/02/2022 20:00,-0.258621
10/02/2022 21:00,-0.189655
10/02/2022 22:00,-0.086207
10/02/2022 23:00,0.051724
10/03/2022 00:00,0.206897
10/03/2022 01:00,0.275862
10/03/2022 02:00,0.258621
10/03/2022 03:00,0.224138
10/03/2022 04:00,0.206897
10/03/2022 05:00,0.189655
10/03/2022 06:00,0.172414
10/03/2022 07:00,0.155172
10/03/2022 08:00,0.155172
10/03/2022 09:00,0.137931
10/03/2022 10:00,0.155172
10/03/2022 11:00,0.206897
10/03/2022 12:00,0.241379
10/03/2022 13:00,0.258621
10/03/2022 14:00,0.189655
10/03/2022 15:00,0.034483
10/03/2022 16:00,-0.068966
10/03/2022 17:00,-0.155172
10/03/2022 18:00,-0.206897
10/03/2022 19:00,-0.172414
10/03/2022 20:00,-0.068966
10/03/2022 21:00,-0.086207
10/03/2022 22:00,-0.017241
10/03/2022 23:00,0.051724
10/04/2022 00:00,0.206897
10/04/2022 01:00,0.293103
10/04/2022 02:00,0.293103
10/04/2022 03:00,0.275862
10/04/2022 04:00,0.241379
10/04/2022 05:00,0.206897
10/04/2022 06:00,0.189655
10/04/2022 07:00,0.172414
10/04/2022 08:00,0.155172
10/04/2022 09:00,0.12069
10/04/2022 10:00,0.137931
10/04/2022 11:00,0.155172
10/04/2022 12:00,0.206897
10/04/2022 13:00,0.224138
10/04/2022 14:00,0.155172
10/04/2022 15:00,0.034483
10/04/2022 16:00,-0.051724
10/04/2022 17:00,-0.12069
10/04/2022 18:00,-0.172414
10/04/2022 19:00,-0.172414
10/04/2022 20:00,-0.137931
10/04/2022 21:00,0.0
10/04/2022 22:00,0.034483
10/04/2022 23:00,0.12069
10/05/2022 00:00,0.241379
10/05/2022 01:00,0.310345
10/05/2022 02:00,0.310345
10/05/2022 03:00,0.293103
10/05/2022 04:00,0.258621
10/05/2022 05:00,0.241379
10/05/2022 06:00,0.206897
10/05/2022 07:00,0.206897
10/05/2022 08:00,0.189655
10/05/2022 09:00,0.172414
10/05/2022 10:00,0.172414
10/05/2022 11:00,0.206897
10/05/2022 12:00,0.241379
10/05/2022 13:00,0.258621
10/05/2022 14:00,0.224138
10/05/2022 15:00,0.103448
10/05/2022 16:00,-0.017241
10/05/2022 17:00,-0.034483
10/05/2022 18:00,-0.137931
10/05/2022 19:00,-0.086207
10/05/2022 20:00,-0.137931
10/05/2022 21:00,-0.068966
10/05/2022 22:00,0.017241
10/05/2022 23:00,0.103448
10/06/2022 00:00,0.189655
10/06/2022 01:00,0.258621
10/06/2022 02:00,0.241379
10/06/2022 03:00,0.224138
10/06/2022 04:00,0.189655
10/06/2022 05:00,0.172414
10/06/2022 06:00,0.155172
10/06/2022 07:00,0.12069
10/06/2022 08:00,0.103448
10/06/2022 09:00,0.103448
10/06/2022 10:00,0.12069
10/06/2022 11:00,0.155172
10/06/2022 12:00,0.189655
10/06/2022 13:00,0.206897
10/06/2022 14:00,0.155172
10/06/2022 15:00,0.017241
10/06/2022 16:00,-0.086207
10/06/2022 17:00,-0.12069
10/06/2022 18:00,-0.017241
10/06/2022 19:00,0.0
10/06/2022 20:00,0.034483
10/06/2022 21:00,0.086207
10/06/2022 22:00,0.189655
10/06/2022 23:00,0.258621
10/07/2022 00:00,0.396552
10/07/2022 01:00,0.327586
10/07/2022 02:00,0.258621
10/07/2022 03:00,0.224138
10/07/2022 04:00,0.206897
10/07/2022 05:00,0.172414
10/07/2022 06:00,0.137931
10/07/2022 07:00,0.137931
10/07/2022 08:00,0.12069
10/07/2022 09:00,0.12069
10/07/2022 10:00,0.137931
10/07/2022 11:00,0.172414
10/07/2022 12:00,0.206897
10/07/2022 13:00,0.224138
10/07/2022 14:00,0.137931
10/07/2022 15:00,0.103448
10/07/2022 16:00,0.068966
10/07/2022 17:00,0.034483
10/07/2022 18:00,0.0
10/07/2022 19:00,0.0
10/07/2022 20:00,0.017241
10/07/2022 21:00,0.086207
10/07/2022 22:00,0.206897
10/07/2022 23:00,0.344828
10/08/2022 00:00,0.258621
10/08/2022 01:00,0.275862
10/08/2022 02:00,0.258621
10/08/2022 03:00,0.241379
10/08/2022 04:00,0.224138
10/08/2022 05:00,0.206897
10/08/2022 06:00,0.189655
10/08/2022 07:00,0.189655
10/08/2022 08:00,0.172414
10/08/2022 09:00,0.172414
10/08/2022 10:00,0.172414
10/08/2022 11:00,0.189655
10/08/2022 12:00,0.206897
10/08/2022 13:00,0.224138
10/08/2022 14:00,0.137931
10/08/2022 15:00,0.068966
10/08/2022 16:00,-0.086207
10/08/2022 17:00,-0.155172
10/08/2022 18:00,-0.258621
10/08/2022 19:00,-0.206897
10/08/2022 20:00,-0.206897
10/08/2022 21:00,-0.137931
10/08/2022 22:00,-0.017241
10/08/2022 23:00,0.051724
10/09/2022 00:00,0.206897
10/09/2022 01:00,0.293103
10/09/2022 02:00,0.293103
10/09/2022 03:00,0.275862
10/09/2022 04:00,0.241379
10/09/2022 05:00,0.224138
10/09/2022 06:00,0.206897
10/09/2022 07:00,0.189655
10/09/2022 08:00,0.172414
10/09/2022 09:00,0.155172
10/09/2022 10:00,0.137931
10/09/2022 11:00,0.12069
10/09/2022 12:00,0.12069
10/09/2022 13:00,0.137931
10/09/2022 14:00,0.068966
10/09/2022 15:00,-0.086207
10/09/2022 16:00,-0.206897
10/09/2022 17:00,-0.293103
10/09/2022 18:00,-0.293103
10/09/2022 19:00,-0.310345
10/09/2022 20:00,-0.275862
10/09/2022 21:00,-0.241379
10/09/2022 22:00,-0.137931
10/09/2022 23:00,0.017241
10/10/2022 00:00,0.12069
10/10/2022 01:00,0.189655
10/10/2022 02:00,0.172414
10/10/2022 03:00,0.172414
10/10/2022 04:00,0.155172
10/10/2022 05:00,0.137931
10/10/2022 06:00,0.12069
10/10/2022 07:00,0.103448
10/10/2022 08:00,0.103448
10/10/2022 09:00,0.103448
10/10/2022 10:00,0.12069
10/10/2022 11:00,0.155172
10/10/2022 12:00,0.189655
10/10/2022 13:00,0.224138
10/10/2022 14:00,0.155172
10/10/2022 15:00,0.017241
10/10/2022 16:00,-0.086207
10/10/2022 17:00,-0.155172
10/10/2022 18:00,-0.206897
10/10/2022 19:00,-0.189655
10/10/2022 20:00,-0.172414
10/10/2022 21:00,-0.103448
10/10/2022 22:00,-0.034483
10/10/2022 23:00,0.034483
10/11/2022 00:00,0.172414
10/11/2022 01:00,0.241379
10/11/2022 02:00,0.241379
10/11/2022 03:00,0.224138
10/11/2022 04:00,0.189655
10/11/2022 05:00,0.155172
10/11/2022 06:00,0.155172
10/11/2022 07:00,0.137931
10/11/2022 08:00,0.137931
10/11/2022 09:00,0.12069
10/11/2022 10:00,0.137931
10/11/2022 11:00,0.155172
10/11/2022 12:00,0.189655
10/11/2022 13:00,0.224138
10/11/2022 14:00,0.206897
10/11/2022 15:00,0.12069
10/11/2022 16:00,-0.068966
10/11/2022 17:00,-0.137931
10/11/2022 18:00,-0.172414
10/11/2022 19:00,-0.155172
10/11/2022 20:00,-0.103448
10/11/2022 21:00,-0.034483
10/11/2022 22:00,0.017241
10/11/2022 23:00,0.103448
10/12/2022 00:00,0.224138
10/12/2022 01:00,0.275862
10/12/2022 02:00,0.258621
10/12/2022 03:00,0.241379
10/12/2022 04:00,0.206897
10/12/2022 05:00,0.189655
10/12/2022 06:00,0.155172
10/12/2022 07:00,0.155172
10/12/2022 08:00,0.137931
10/12/2022 09:00,0.137931
10/12/2022 10:00,0.155172
10/12/2022 11:00,0.189655
10/12/2022 12:00,0.241379
10/12/2022 13:00,0.344828
10/12/2022 14:00,0.5
10/12/2022 15:00,0.431034
10/12/2022 16:00,0.310345
10/12/2022 17:00,0.327586
10/12/2022 18:00,0.362069
10/12/2022 19:00,0.327586
10/12/2022 20:00,0.448276
10/12/2022 21:00,0.551724
10/12/2022 22:00,0.551724
10/12/2022 23:00,0.241379
10/13/2022 00:00,0.206897
10/13/2022 01:00,0.241379
10/13/2022 02:00,0.241379
10/13/2022 03:00,0.224138
10/13/2022 04:00,0.189655
10/13/2022 05:00,0.172414
10/13/2022 06:00,0.172414
10/13/2022 07:00,0.155172
10/13/2022 08:00,0.137931
10/13/2022 09:00,0.137931
10/13/2022 10:00,0.155172
10/13/2022 11:00,0.172414
10/13/2022 12:00,0.224138
10/13/2022 13:00,0.258621
10/13/2022 14:00,0.241379
10/13/2022 15:00,0.37931
10/13/2022 16:00,0.241379
10/13/2022 17:00,0.189655
10/13/2022 18:00,0.12069
10/13/2022 19:00,0.137931
10/13/2022 20:00,0.155172
10/13/2022 21:00,0.068966
10/13/2022 22:00,0.086207
10/13/2022 23:00,0.137931
10/14/2022 00:00,0.172414
10/14/2022 01:00,0.224138
10/14/2022 02:00,0.224138
10/14/2022 03:00,0.189655
10/14/2022 04:00,0.189655
10/14/2022 05:00,0.155172
10/14/2022 06:00,0.137931
10/14/2022 07:00,0.12069
10/14/2022 08:00,0.12069
10/14/2022 09:00,0.12069
10/14/2022 10:00,0.137931
10/14/2022 11:00,0.155172
10/14/2022 12:00,0.206897
10/14/2022 13:00,0.241379
10/14/2022 14:00,0.172414
10/14/2022 15:00,0.034483
10/14/2022 16:00,-0.068966
10/14/2022 17:00,-0.137931
10/14/2022 18:00,-0.172414
10/14/2022 19:00,-0.189655
10/14/2022 20:00,-0.189655
10/14/2022 21:00,-0.155172
10/14/2022 22:00,-0.086207
10/14/2022 23:00,0.034483
10/15/2022 00:00,0.155172
10/15/2022 01:00,0.206897
10/15/2022 02:00,0.206897
10/15/2022 03:00,0.189655
10/15/2022 04:00,0.172414
10/15/2022 05:00,0.155172
10/15/2022 06:00,0.155172
10/15/2022 07:00,0.137931
10/15/2022 08:00,0.12069
10/15/2022 09:00,0.12069
10/15/2022 10:00,0.12069
10/15/2022 11:00,0.137931
10/15/2022 12:00,0.137931
10/15/2022 13:00,0.155172
10/15/2022 14:00,0.103448
10/15/2022 15:00,-0.034483
10/15/2022 16:00,-0.137931
10/15/2022 17:00,-0.241379
10/15/2022 18:00,-0.258621
10/15/2022 19:00,-0.275862
10/15/2022 20:00,-0.241379
10/15/2022 21:00,-0.172414
10/15/2022 22:00,-0.086207
10/15/2022 23:00,0.034483
10/16/2022 00:00,0.172414
10/16/2022 01:00,0.224138
10/16/2022 02:00,0.224138
10/16/2022 03:00,0.189655
10/16/2022 04:00,0.172414
10/16/2022 05:00,0.155172
10/16/2022 06:00,0.12069
10/16/2022 07:00,0.12069
10/16/2022 08:00,0.12069
10/16/2022 09:00,0.12069
10/16/2022 10:00,0.103448
10/16/2022 11:00,0.103448
10/16/2022 12:00,0.103448
10/16/2022 13:00,0.12069
10/16/2022 14:00,0.068966
10/16/2022 15:00,-0.051724
10/16/2022 16:00,-0.155172
10/16/2022 17:00,-0.206897
10/16/2022 18:00,-0.224138
10/16/2022 19:00,-0.172414
10/16/2022 20:00,-0.172414
10/16/2022 21:00,-0.137931
10/16/2022 22:00,-0.051724
10/16/2022 23:00,0.086207
10/17/2022 00:00,0.224138
10/17/2022 01:00,0.275862
10/17/2022 02:00,0.275862
10/17/2022 03:00,0.241379
10/17/2022 04:00,0.224138
10/17/2022 05:00,0.189655
10/17/2022 06:00,0.172414
10/17/2022 07:00,0.155172
10/17/2022 08:00,0.155172
10/17/2022 09:00,0.155172
10/17/2022 10:00,0.155172
10/17/2022 11:00,0.189655
10/17/2022 12:00,0.241379
10/17/2022 13:00,0.344828
10/17/2022 14:00,0.5
10/17/2022 15:00,0.5
10/17/2022 16:00,0.5
10/17/2022 17:00,0.413793
10/17/2022 18:00,0.206897
10/17/2022 19:00,0.293103
10/17/2022 20:00,0.396552
10/17/2022 21:00,0.37931
10/17/2022 22:00,0.465517
10/17/2022 23:00,0.241379
10/18/2022 00:00,0.224138
10/18/2022 01:00,0.241379
10/18/2022 02:00,0.241379
10/18/2022 03:00,0.224138
10/18/2022 04:00,0.189655
10/18/2022 05:00,0.172414
10/18/2022 06:00,0.137931
10/18/2022 07:00,0.12069
10/18/2022 08:00,0.12069
10/18/2022 09:00,0.12069
10/18/2022 10:00,0.137931
10/18/2022 11:00,0.155172
10/18/2022 12:00,0.206897
10/18/2022 13:00,0.344828
10/18/2022 14:00,0.448276
10/18/2022 15:00,0.0
10/18/2022 16:00,0.0
10/18/2022 17:00,0.0
10/18/2022 18:00,0.0
10/18/2022 19:00,0.0
10/18/2022 20:00,0.0
10/18/2022 21:00,0.0
10/18/2022 22:00,0.0
10/18/2022 23:00,0.0
10/19/2022 00:00,0.0
10/19/2022 01:00,0.0
10/19/2022 02:00,0.0
10/19/2022 03:00,0.0
10/19/2022 04:00,0.0
10/19/2022 05:00,0.0
10/19/2022 06:00,0.0
10/19/2022 07:00,0.0
10/19/2022 08:00,0.0
10/19/2022 09:00,0.0
10/19/2022 10:00,0.0
10/19/2022 11:00,0.0
10/19/2022 12:00,0.0
10/19/2022 13:00,0.0
10/19/2022 14:00,0.0
10/19/2022 15:00,0.0
10/19/2022 16:00,0.0
10/19/2022 17:00,0.0
10/19/2022 18:00,0.0
10/19/2022 19:00,0.0
10/19/2022 20:00,0.0
10/19/2022 21:00,0.0
10/19/2022 22:00,0.0
10/19/2022 23:00,0.0
10/20/2022 00:00,0.0
10/20/2022 01:00,0.0
10/20/2022 02:00,0.0
10/20/2022 03:00,0.0
10/20/2022 04:00,0.0
10/20/2022 05:00,0.0
10/20/2022 06:00,0.0
10/20/2022 07:00,0.0
10/20/2022 08:00,0.0
10/20/2022 09:00,0.0
10/20/2022 10:00,0.0
10/20/2022 11:00,0.0
10/20/2022 12:00,0.0
10/20/2022 13:00,0.0
10/20/2022 14:00,0.0
10/20/2022 15:00,0.0
10/20/2022 16:00,0.0
10/20/2022 17:00,0.0
10/20/2022 18:00,0.0
10/20/2022 19:00,0.0
10/20/2022 20:00,0.0
10/20/2022 21:00,0.0
10/20/2022 22:00,0.0
10/20/2022 23:00,0.0
10/21/2022 00:00,0.0
10/21/2022 01:00,0.0
10/21/2022 02:00,0.0
10/21/2022 03:00,0.0
10/21/2022 04:00,0.0
10/21/2022 05:00,0.0
10/21/2022 06:00,0.0
10/21/2022 07:00,0.0
10/21/2022 08:00,0.0
10/21/2022 09:00,0.0
10/21/2022 10:00,0.0
10/21/2022 11:00,0.0
10/21/2022 12:00,0.0
10/21/2022 13:00,0.0
10/21/2022 14:00,0.0
10/21/2022 15:00,0.0
10/21/2022 16:00,0.0
10/21/2022 17:00,0.0
10/21/2022 18:00,0.0
10/21/2022 19:00,0.0
10/21/2022 20:00,0.0
10/21/2022 21:00,0.0
10/21/2022 22:00,0.0
10/21/2022 23:00,0.0
10/22/2022 00:00,0.0
10/22/2022 01:00,0.0
10/22/2022 02:00,0.0
10/22/2022 03:00,0.0
10/22/2022 04:00,0.0
10/22/2022 05:00,0.0
10/22/2022 06:00,0.0
10/22/2022 07:00,0.0
10/22/2022 08:00,0.0
10/22/2022 09:00,0.0
10/22/2022 10:00,0.0
10/22/2022 11:00,0.0
10/22/2022 12:00,0.0
10/22/2022 13:00,0.0
10/22/2022 14:00,0.0
10/22/2022 15:00,0.0
10/22/2022 16:00,0.0
10/22/2022 17:00,0.0
10/22/2022 18:00,0.0
10/22/2022 19:00,0.0
10/22/2022 20:00,0.0
10/22/2022 21:00,0.0
10/22/2022 22:00,0.0
10/22/2022 23:00,0.0
10/23/2022 00:00,0.0
10/23/2022 01:00,0.0
10/23/2022 02:00,0.0
10/23/2022 03:00,0.0
10/23/2022 04:00,0.0
10/23/2022 05:00,0.0
10/23/2022 06:00,0.0
10/23/2022 07:00,0.0
10/23/2022 08:00,0.0
10/23/2022 09:00,0.0
10/23/2022 10:00,0.0
10/23/2022 11:00,0.0
10/23/2022 12:00,0.0
10/23/2022 13:00,0.0
10/23/2022 14:00,0.0
10/23/2022 15:00,0.0
10/23/2022 16:00,0.0
10/23/2022 17:00,0.0
10/23/2022 18:00,0.0
10/23/2022 19:00,0.0
10/23/2022 20:00,0.0
10/23/2022 21:00,0.0
10/23/2022 22:00,0.0
10/23/2022 23:00,0.0
10/24/2022 00:00,0.0
10/24/2022 01:00,0.0
10/24/2022 02:00,0.0
10/24/2022 03:00,0.0
10/24/2022 04:00,0.0
10/24/2022 05:00,0.0
10/24/2022 06:00,0.0
10/24/2022 07:00,0.0
10/24/2022 08:00,0.0
10/24/2022 09:00,0.0
10/24/2022 10:00,0.0
10/24/2022 11:00,0.0
10/24/2022 12:00,0.0
10/24/2022 13:00,0.0
10/24/2022 14:00,0.0
10/24/2022 15:00,0.0
10/24/2022 16:00,0.0
10/24/2022 17:00,0.0
10/24/2022 18:00,0.0
10/24/2022 19:00,0.0
10/24/2022 20:00,0.0
10/24/2022 21:00,0.0
10/24/2022 22:00,0.0
10/24/2022 23:00,0.0
10/25/2022 00:00,0.0
10/25/2022 01:00,0.0
10/25/2022 02:00,0.0
10/25/2022 03:00,0.0
10/25/2022 04:00,0.0
10/25/2022 05:00,0.0
10/25/2022 06:00,0.0
10/25/2022 07:00,0.0
10/25/2022 08:00,0.0
10/25/2022 09:00,0.0
10/25/2022 10:00,0.0
10/25/2022 11:00,0.0
10/25/2022 12:00,0.0
10/25/2022 13:00,0.0
10/25/2022 14:00,0.0
10/25/2022 15:00,0.0
10/25/2022 16:00,0.0
10/25/2022 17:00,0.0
10/25/2022 18:00,0.0
10/25/2022 19:00,0.0
10/25/2022 20:00,0.0
10/25/2022 21:00,0.0
10/25/2022 22:00,0.0
10/25/2022 23:00,0.0
10/26/2022 00:00,0.0
10/26/2022 01:00,0.0
10/26/2022 02:00,0.0
10/26/2022 03:00,0.0
10/26/2022 04:00,0.0
10/26/2022 05:00,0.0
10/26/2022 06:00,0.0
10/26/2022 07:00,0.0
10/26/2022 08:00,0.0
10/26/2022 09:00,0.0
10/26/2022 10:00,0.0
10/26/2022 11:00,0.0
10/26/2022 12:00,0.0
10/26/2022 13:00,0.0
10/26/2022 14:00,0.0
10/26/2022 15:00,0.0
10/26/2022 16:00,0.0
10/26/2022 17:00,0.0
10/26/2022 18:00,0.0
10/26/2022 19:00,0.0
10/26/2022 20:00,0.0
10/26/2022 21:00,0.0
10/26/2022 22:00,0.0
10/26/2022 23:00,0.0
10/27/2022 00:00,0.0
10/27/2022 01:00,0.0
10/27/2022 02:00,0.0
10/27/2022 03:00,0.0
10/27/2022 04:00,0.0
10/27/2022 05:00,0.0
10/27/2022 06:00,0.0
10/27/2022 07:00,0.0
10/27/2022 08:00,0.0
10/27/2022 09:00,0.0
10/27/2022 10:00,0.0
10/27/2022 11:00,0.0
10/27/2022 12:00,0.0
10/27/2022 13:00,0.0
10/27/2022 14:00,0.0
10/27/2022 15:00,0.0
10/27/2022 16:00,0.0
10/27/2022 17:00,0.0
10/27/2022 18:00,0.0
10/27/2022 19:00,0.0
10/27/2022 20:00,0.0
10/27/2022 21:00,0.0
10/27/2022 22:00,0.0
10/27/2022 23:00,0.0
10/28/2022 00:00,0.0
10/28/2022 01:00,0.0
10/28/2022 02:00,0.0
10/28/2022 03:00,0.0
10/28/2022 04:00,0.0
10/28/2022 05:00,0.0
10/28/2022 06:00,0.0
10/28/2022 07:00,0.0
10/28/2022 08:00,0.0
10/28/2022 09:00,0.0
10/28/2022 10:00,0.0
10/28/2022 11:00,0.0
10/28/2022 12:00,0.0
10/28/2022 13:00,0.0
10/28/2022 14:00,0.0
10/28/2022 15:00,0.0
10/28/2022 16:00,0.0
10/28/2022 17:00,0.0
10/28/2022 18:00,0.0
10/28/2022 19:00,0.0
10/28/2022 20:00,0.0
10/28/2022 21:00,0.0
10/28/2022 22:00,0.0
10/28/2022 23:00,0.0
10/29/2022 00:00,0.0
10/29/2022 01:00,0.0
10/29/2022 02:00,0.0
10/29/2022 03:00,0.0
10/29/2022 04:00,0.0
10/29/2022 05:00,0.0
10/29/2022 06:00,0.0
10/29/2022 07:00,0.0
10/29/2022 08:00,0.0
10/29/2022 09:00,0.0
10/29/2022 10:00,0.0
10/29/2022 11:00,0.0
10/29/2022 12:00,0.0
10/29/2022 13:00,0.0
10/29/2022 14:00,0.0
10/29/2022 15:00,0.0
10/29/2022 16:00,0.0
10/29/2022 17:00,0.0
10/29/2022 18:00,0.0
10/29/2022 19:00,0.0
10/29/2022 20:00,0.0
10/29/2022 21:00,0.0
10/29/2022 22:00,0.0
10/29/2022 23:00,0.0
10/30/2022 00:00,0.0
10/30/2022 01:00,0.0
10/30/2022 02:00,0.0
10/30/2022 03:00,0.0
10/30/2022 04:00,0.0
10/30/2022 05:00,0.0
10/30/2022 06:00,0.0
10/30/2022 07:00,0.0
10/30/2022 08:00,0.0
10/30/2022 09:00,0.0
10/30/2022 10:00,0.0
10/30/2022 11:00,0.0
10/30/2022 12:00,0.0
10/30/2022 13:00,0.0
10/30/2022 14:00,0.0
10/30/2022 15:00,0.0
10/30/2022 16:00,0.0
10/30/2022 17:00,0.0
10/30/2022 18:00,0.0
10/30/2022 19:00,0.0
10/30/2022 20:00,0.0
10/30/2022 21:00,0.0
10/30/2022 22:00,0.0
10/30/2022 23:00,0.0
10/31/2022 00:00,0.0
10/31/2022 01:00,0.0
10/31/2022 02:00,0.0
10/31/2022 03:00,0.0
10/31/2022 04:00,0.0
10/31/2022 05:00,0.0
10/31/2022 06:00,0.0
10/31/2022 07:00,0.37931
10/31/2022 08:00,0.37931
10/31/2022 09:00,0.37931
10/31/2022 10:00,0.37931
10/31/2022 11:00,0.0
10/31/2022 12:00,0.0
10/31/2022 13:00,0.0
10/31/2022 14:00,0.482759
10/31/2022 15:00,0.448276
10/31/2022 16:00,0.431034
10/31/2022 17:00,0.37931
10/31/2022 18:00,0.362069
10/31/2022 19:00,0.310345
10/31/2022 20:00,0.310345
10/31/2022 21:00,0.327586
10/31/2022 22:00,0.0
10/31/2022 23:00,0.293103
11/01/2022 00:00,0.206897
11/01/2022 01:00,0.0
11/01/2022 02:00,0.0
11/01/2022 03:00,0.189655
11/01/2022 04:00,0.172414
11/01/2022 05:00,0.0
11/01/2022 06:00,0.137931
11/01/2022 07:00,0.12069
11/01/2022 08:00,0.12069
11/01/2022 09:00,0.12069
11/01/2022 10:00,0.137931
11/01/2022 11:00,0.0
11/01/2022 12:00,0.0
11/01/2022 13:00,0.0
11/01/2022 14:00,0.448276
11/01/2022 15:00,0.293103
11/01/2022 16:00,0.137931
11/01/2022 17:00,0.068966
11/01/2022 18:00,0.051724
11/01/2022 19:00,0.051724
11/01/2022 20:00,0.068966
11/01/2022 21:00,0.172414
11/01/2022 22:00,0.0
11/01/2022 23:00,0.310345
11/02/2022 00:00,0.396552
11/02/2022 01:00,0.0
11/02/2022 02:00,0.0
11/02/2022 03:00,0.431034
11/02/2022 04:00,0.413793
11/02/2022 05:00,0.0
11/02/2022 06:00,0.0
11/02/2022 07:00,0.37931
11/02/2022 08:00,0.37931
11/02/2022 09:00,0.362069
11/02/2022 10:00,0.396552
11/02/2022 11:00,0.0
11/02/2022 12:00,0.0
11/02/2022 13:00,0.0
11/02/2022 14:00,0.465517
11/02/2022 15:00,0.310345
11/02/2022 16:00,0.224138
11/02/2022 17:00,0.017241
11/02/2022 18:00,0.068966
11/02/2022 19:00,0.086207
11/02/2022 20:00,0.137931
11/02/2022 21:00,0.189655
11/02/2022 22:00,0.0
11/02/2022 23:00,0.310345
11/03/2022 00:00,0.431034
11/03/2022 01:00,0.0
11/03/2022 02:00,0.0
11/03/2022 03:00,0.448276
11/03/2022 04:00,0.413793
11/03/2022 05:00,0.0
11/03/2022 06:00,0.344828
11/03/2022 07:00,0.362069
11/03/2022 08:00,0.362069
11/03/2022 09:00,0.362069
11/03/2022 10:00,0.37931
11/03/2022 11:00,0.0
11/03/2022 12:00,0.413793
11/03/2022 13:00,0.482759
11/03/2022 14:00,0.448276
11/03/2022 15:00,0.293103
11/03/2022 16:00,0.0
11/03/2022 17:00,0.0
11/03/2022 18:00,0.0
11/03/2022 19:00,0.0
11/03/2022 20:00,0.086207
11/03/2022 21:00,0.0
11/03/2022 22:00,0.224138
11/03/2022 23:00,0.0
11/04/2022 00:00,0.413793
11/04/2022 01:00,0.0
11/04/2022 02:00,0.0
11/04/2022 03:00,0.0
11/04/2022 04:00,0.0
11/04/2022 05:00,0.396552
11/04/2022 06:00,0.0
11/04/2022 07:00,0.362069
11/04/2022 08:00,0.362069
11/04/2022 09:00,0.362069
11/04/2022 10:00,0.37931
11/04/2022 11:00,0.0
11/04/2022 12:00,0.396552
11/04/2022 13:00,0.465517
11/04/2022 14:00,0.413793
11/04/2022 15:00,0.275862
11/04/2022 16:00,0.0
11/04/2022 17:00,0.0
11/04/2022 18:00,0.0
11/04/2022 19:00,0.0
11/04/2022 20:00,0.034483
11/04/2022 21:00,0.0
11/04/2022 22:00,0.189655
11/04/2022 23:00,0.0
11/05/2022 00:00,0.206897
11/05/2022 01:00,0.0
11/05/2022 02:00,0.0
11/05/2022 03:00,0.0
11/05/2022 04:00,0.0
11/05/2022 05:00,0.396552
11/05/2022 06:00,0.0
11/05/2022 07:00,0.37931
11/05/2022 08:00,0.362069
11/05/2022 09:00,0.362069
11/05/2022 10:00,0.310345
11/05/2022 11:00,0.0
11/05/2022 12:00,0.37931
11/05/2022 13:00,0.396552
11/05/2022 14:00,0.362069
11/05/2022 15:00,0.224138
11/05/2022 16:00,0.0
11/05/2022 17:00,0.0
11/05/2022 18:00,0.0
11/05/2022 19:00,0.0
11/05/2022 20:00,0.172414
11/05/2022 21:00,0.0
11/05/2022 22:00,0.258621
11/05/2022 23:00,0.0
11/06/2022 00:00,0.37931
11/06/2022 01:00,0.0
11/06/2022 02:00,0.0
11/06/2022 03:00,0.0
11/06/2022 04:00,0.0
11/06/2022 05:00,0.37931
11/06/2022 06:00,0.0
11/06/2022 07:00,0.37931
11/06/2022 08:00,0.37931
11/06/2022 09:00,0.362069
11/06/2022 10:00,0.37931
11/06/2022 11:00,0.0
11/06/2022 12:00,0.344828
11/06/2022 13:00,0.362069
11/06/2022 14:00,0.362069
11/06/2022 15:00,0.275862
11/06/2022 16:00,0.0
11/06/2022 17:00,0.0
11/06/2022 18:00,0.0
11/06/2022 19:00,0.0
11/06/2022 20:00,0.155172
11/06/2022 21:00,0.0
11/06/2022 22:00,0.344828
11/06/2022 23:00,0.0
11/07/2022 00:00,0.465517
11/07/2022 01:00,0.0
11/07/2022 02:00,0.0
11/07/2022 03:00,0.0
11/07/2022 04:00,0.0
11/07/2022 05:00,0.413793
11/07/2022 06:00,0.396552
11/07/2022 07:00,0.396552
11/07/2022 08:00,0.37931
11/07/2022 09:00,0.37931
11/07/2022 10:00,0.396552
11/07/2022 11:00,0.0
11/07/2022 12:00,0.431034
11/07/2022 13:00,0.5
11/07/2022 14:00,0.344828
11/07/2022 15:00,0.258621
11/07/2022 16:00,0.0
11/07/2022 17:00,0.0
11/07/2022 18:00,0.0
11/07/2022 19:00,0.0
11/07/2022 20:00,0.258621
11/07/2022 21:00,0.0
11/07/2022 22:00,0.448276
11/07/2022 23:00,0.0
11/08/2022 00:00,0.482759
11/08/2022 01:00,0.0
11/08/2022 02:00,0.0
11/08/2022 03:00,0.0
11/08/2022 04:00,0.0
11/08/2022 05:00,0.431034
11/08/2022 06:00,0.0
11/08/2022 07:00,0.396552
11/08/2022 08:00,0.396552
11/08/2022 09:00,0.396552
11/08/2022 10:00,0.413793
11/08/2022 11:00,0.0
11/08/2022 12:00,0.465517
11/08/2022 13:00,0.482759
11/08/2022 14:00,0.448276
11/08/2022 15:00,0.275862
11/08/2022 16:00,0.0
11/08/2022 17:00,0.0
11/08/2022 18:00,0.0
11/08/2022 19:00,0.0
11/08/2022 20:00,0.327586
11/08/2022 21:00,0.0
11/08/2022 22:00,0.431034
11/08/2022 23:00,0.0
11/09/2022 00:00,0.465517
11/09/2022 01:00,0.0
11/09/2022 02:00,0.0
11/09/2022 03:00,0.0
11/09/2022 04:00,0.0
11/09/2022 05:00,0.396552
11/09/2022 06:00,0.0
11/09/2022 07:00,0.37931
11/09/2022 08:00,0.396552
11/09/2022 09:00,0.37931
11/09/2022 10:00,0.396552
11/09/2022 11:00,0.0
11/09/2022 12:00,0.431034
11/09/2022 13:00,0.431034
11/09/2022 14:00,0.293103
11/09/2022 15:00,0.155172
11/09/2022 16:00,0.0
11/09/2022 17:00,0.0
11/09/2022 18:00,0.0
11/09/2022 19:00,0.0
11/09/2022 20:00,0.241379
11/09/2022 21:00,0.0
11/09/2022 22:00,0.396552
11/09/2022 23:00,0.0
11/10/2022 00:00,0.431034
11/10/2022 01:00,0.0
11/10/2022 02:00,0.0
11/10/2022 03:00,0.0
11/10/2022 04:00,0.0
11/10/2022 05:00,0.396552
11/10/2022 06:00,0.0
11/10/2022 07:00,0.37931
11/10/2022 08:00,0.37931
11/10/2022 09:00,0.362069
11/10/2022 10:00,0.413793
11/10/2022 11:00,0.0
11/10/2022 12:00,0.448276
11/10/2022 13:00,0.517241
11/10/2022 14:00,0.448276
11/10/2022 15:00,0.431034
11/10/2022 16:00,0.0
11/10/2022 17:00,0.0
11/10/2022 18:00,0.0
11/10/2022 19:00,0.0
11/10/2022 20:00,0.482759
11/10/2022 21:00,0.0
11/10/2022 22:00,0.431034
11/10/2022 23:00,0.0
11/11/2022 00:00,0.396552
11/11/2022 01:00,0.0
11/11/2022 02:00,0.0
11/11/2022 03:00,0.0
11/11/2022 04:00,0.0
11/11/2022 05:00,0.396552
11/11/2022 06:00,0.0
11/11/2022 07:00,0.310345
11/11/2022 08:00,0.12069
11/11/2022 09:00,0.206897
11/11/2022 10:00,0.362069
11/11/2022 11:00,0.0
11/11/2022 12:00,0.431034
11/11/2022 13:00,0.5
11/11/2022 14:00,0.465517
11/11/2022 15:00,0.431034
11/11/2022 16:00,0.0
11/11/2022 17:00,0.0
11/11/2022 18:00,0.0
11/11/2022 19:00,0.0
11/11/2022 20:00,0.37931
11/11/2022 21:00,0.0
11/11/2022 22:00,0.413793
11/11/2022 23:00,0.0
11/12/2022 00:00,0.413793
11/12/2022 01:00,0.0
11/12/2022 02:00,0.0
11/12/2022 03:00,0.0
11/12/2022 04:00,0.0
11/12/2022 05:00,0.413793
11/12/2022 06:00,0.0
11/12/2022 07:00,0.37931
11/12/2022 08:00,0.37931
11/12/2022 09:00,0.37931
11/12/2022 10:00,0.37931
11/12/2022 11:00,0.0
11/12/2022 12:00,0.362069
11/12/2022 13:00,0.413793
11/12/2022 14:00,0.206897
11/12/2022 15:00,0.155172
11/12/2022 16:00,0.0
11/12/2022 17:00,0.0
11/12/2022 18:00,0.0
11/12/2022 19:00,0.0
11/12/2022 20:00,0.206897
11/12/2022 21:00,0.0
11/12/2022 22:00,0.396552
11/12/2022 23:00,0.0
11/13/2022 00:00,0.431034
11/13/2022 01:00,0.0
11/13/2022 02:00,0.0
11/13/2022 03:00,0.0
11/13/2022 04:00,0.0
11/13/2022 05:00,0.413793
11/13/2022 06:00,0.0
11/13/2022 07:00,0.396552
11/13/2022 08:00,0.37931
11/13/2022 09:00,0.396552
11/13/2022 10:00,0.37931
11/13/2022 11:00,0.0
11/13/2022 12:00,0.344828
11/13/2022 13:00,0.413793
11/13/2022 14:00,0.293103
11/13/2022 15:00,0.103448
11/13/2022 16:00,0.0
11/13/2022 17:00,0.0
11/13/2022 18:00,0.0
11/13/2022 19:00,0.0
11/13/2022 20:00,0.0
11/13/2022 21:00,0.0
11/13/2022 22:00,0.258621
11/13/2022 23:00,0.0
11/14/2022 00:00,0.482759
11/14/2022 01:00,0.0
11/14/2022 02:00,0.0
11/14/2022 03:00,0.0
11/14/2022 04:00,0.0
11/14/2022 05:00,0.465517
11/14/2022 06:00,0.0
11/14/2022 07:00,0.465517
11/14/2022 08:00,0.465517
11/14/2022 09:00,0.465517
11/14/2022 10:00,0.465517
11/14/2022 11:00,0.0
11/14/2022 12:00,0.568966
11/14/2022 13:00,0.603448
11/14/2022 14:00,0.431034
11/14/2022 15:00,0.258621
11/14/2022 16:00,0.0
11/14/2022 17:00,0.0
11/14/2022 18:00,0.0
11/14/2022 19:00,0.0
11/14/2022 20:00,0.12069
11/14/2022 21:00,0.0
11/14/2022 22:00,0.344828
11/14/2022 23:00,0.0
11/15/2022 00:00,0.465517
11/15/2022 01:00,0.0
11/15/2022 02:00,0.0
11/15/2022 03:00,0.0
11/15/2022 04:00,0.0
11/15/2022 05:00,0.431034
11/15/2022 06:00,0.0
11/15/2022 07:00,0.413793
11/15/2022 08:00,0.413793
11/15/2022 09:00,0.413793
11/15/2022 10:00,0.431034
11/15/2022 11:00,0.0
11/15/2022 12:00,0.482759
11/15/2022 13:00,0.534483
11/15/2022 14:00,0.5
11/15/2022 15:00,0.482759
11/15/2022 16:00,0.0
11/15/2022 17:00,0.0
11/15/2022 18:00,0.0
11/15/2022 19:00,0.0
11/15/2022 20:00,0.362069
11/15/2022 21:00,0.0
11/15/2022 22:00,0.396552
11/15/2022 23:00,0.0
11/16/2022 00:00,0.413793
11/16/2022 01:00,0.0
11/16/2022 02:00,0.0
11/16/2022 03:00,0.0
11/16/2022 04:00,0.0
11/16/2022 05:00,0.413793
11/16/2022 06:00,0.37931
11/16/2022 07:00,0.362069
11/16/2022 08:00,0.37931
11/16/2022 09:00,0.37931
11/16/2022 10:00,0.396552
11/16/2022 11:00,0.0
11/16/2022 12:00,0.413793
11/16/2022 13:00,0.517241
11/16/2022 14:00,0.5
11/16/2022 15:00,0.413793
11/16/2022 16:00,0.0
11/16/2022 17:00,0.0
11/16/2022 18:00,0.0
11/16/2022 19:00,0.206897
11/16/2022 20:00,0.275862
11/16/2022 21:00,0.0
11/16/2022 22:00,0.413793
11/16/2022 23:00,0.0
11/17/2022 00:00,0.482759
11/17/2022 01:00,0.0
11/17/2022 02:00,0.0
11/17/2022 03:00,0.0
11/17/2022 04:00,0.0
11/17/2022 05:00,0.448276
11/17/2022 06:00,0.0
11/17/2022 07:00,0.448276
11/17/2022 08:00,0.431034
11/17/2022 09:00,0.448276
11/17/2022 10:00,0.482759
11/17/2022 11:00,0.0
11/17/2022 12:00,0.551724
11/17/2022 13:00,0.637931
11/17/2022 14:00,0.586207
11/17/2022 15:00,0.534483
11/17/2022 16:00,0.0
11/17/2022 17:00,0.0
11/17/2022 18:00,0.0
11/17/2022 19:00,0.0
11/17/2022 20:00,0.362069
11/17/2022 21:00,0.0
11/17/2022 22:00,0.465517
11/17/2022 23:00,0.0
11/18/2022 00:00,0.551724
11/18/2022 01:00,0.0
11/18/2022 02:00,0.0
11/18/2022 03:00,0.0
11/18/2022 04:00,0.0
11/18/2022 05:00,0.5
11/18/2022 06:00,0.482759
11/18/2022 07:00,0.482759
11/18/2022 08:00,0.517241
11/18/2022 09:00,0.517241
11/18/2022 10:00,0.465517
11/18/2022 11:00,0.0
11/18/2022 12:00,0.534483
11/18/2022 13:00,0.672414
11/18/2022 14:00,0.431034
11/18/2022 15:00,0.275862
11/18/2022 16:00,0.0
11/18/2022 17:00,0.0
11/18/2022 18:00,0.0
11/18/2022 19:00,0.0
11/18/2022 20:00,0.068966
11/18/2022 21:00,0.0
11/18/2022 22:00,0.310345
11/18/2022 23:00,0.0
11/19/2022 00:00,0.517241
11/19/2022 01:00,0.0
11/19/2022 02:00,0.0
11/19/2022 03:00,0.0
11/19/2022 04:00,0.0
11/19/2022 05:00,0.534483
11/19/2022 06:00,0.0
11/19/2022 07:00,0.551724
11/19/2022 08:00,0.534483
11/19/2022 09:00,0.517241
11/19/2022 10:00,0.482759
11/19/2022 11:00,0.0
11/19/2022 12:00,0.5
11/19/2022 13:00,0.534483
11/19/2022 14:00,0.465517
11/19/2022 15:00,0.327586
11/19/2022 16:00,0.0
11/19/2022 17:00,0.0
11/19/2022 18:00,0.0
11/19/2022 19:00,0.0
11/19/2022 20:00,0.396552
11/19/2022 21:00,0.0
11/19/2022 22:00,0.448276
11/19/2022 23:00,0.0
11/20/2022 00:00,0.5
11/20/2022 01:00,0.0
11/20/2022 02:00,0.0
11/20/2022 03:00,0.0
11/20/2022 04:00,0.0
11/20/2022 05:00,0.465517
11/20/2022 06:00,0.0
11/20/2022 07:00,0.465517
11/20/2022 08:00,0.465517
11/20/2022 09:00,0.448276
11/20/2022 10:00,0.448276
11/20/2022 11:00,0.0
11/20/2022 12:00,0.448276
11/20/2022 13:00,0.517241
11/20/2022 14:00,0.5
11/20/2022 15:00,0.517241
11/20/2022 16:00,0.0
11/20/2022 17:00,0.0
11/20/2022 18:00,0.0
11/20/2022 19:00,0.0
11/20/2022 20:00,0.413793
11/20/2022 21:00,0.0
11/20/2022 22:00,0.448276
11/20/2022 23:00,0.0
11/21/2022 00:00,0.293103
11/21/2022 01:00,0.0
11/21/2022 02:00,0.0
11/21/2022 03:00,0.0
11/21/2022 04:00,0.0
11/21/2022 05:00,0.275862
11/21/2022 06:00,0.0
11/21/2022 07:00,0.517241
11/21/2022 08:00,0.534483
11/21/2022 09:00,0.517241
11/21/2022 10:00,0.551724
11/21/2022 11:00,0.0
11/21/2022 12:00,0.568966
11/21/2022 13:00,0.672414
11/21/2022 14:00,0.5
11/21/2022 15:00,0.362069
11/21/2022 16:00,0.0
11/21/2022 17:00,0.0
11/21/2022 18:00,0.0
11/21/2022 19:00,0.0
11/21/2022 20:00,0.137931
11/21/2022 21:00,0.0
11/21/2022 22:00,0.362069
11/21/2022 23:00,0.0
11/22/2022 00:00,0.465517
11/22/2022 01:00,0.0
11/22/2022 02:00,0.0
11/22/2022 03:00,0.0
11/22/2022 04:00,0.0
11/22/2022 05:00,0.431034
11/22/2022 06:00,0.431034
11/22/2022 07:00,0.431034
11/22/2022 08:00,0.396552
11/22/2022 09:00,0.37931
11/22/2022 10:00,0.448276
11/22/2022 11:00,0.0
11/22/2022 12:00,0.275862
11/22/2022 13:00,0.293103
11/22/2022 14:00,0.275862
11/22/2022 15:00,0.258621
11/22/2022 16:00,0.0
11/22/2022 17:00,0.0
11/22/2022 18:00,0.0
11/22/2022 19:00,0.0
11/22/2022 20:00,0.103448
11/22/2022 21:00,0.0
11/22/2022 22:00,0.172414
11/22/2022 23:00,0.0
11/23/2022 00:00,0.206897
11/23/2022 01:00,0.0
11/23/2022 02:00,0.0
11/23/2022 03:00,0.0
11/23/2022 04:00,0.0
11/23/2022 05:00,0.172414
11/23/2022 06:00,0.0
11/23/2022 07:00,0.155172
11/23/2022 08:00,0.155172
11/23/2022 09:00,0.155172
11/23/2022 10:00,0.172414
11/23/2022 11:00,0.0
11/23/2022 12:00,0.241379
11/23/2022 13:00,0.258621
11/23/2022 14:00,0.224138
11/23/2022 15:00,0.068966
11/23/2022 16:00,0.0
11/23/2022 17:00,0.0
11/23/2022 18:00,0.0
11/23/2022 19:00,0.0
11/23/2022 20:00,-0.137931
11/23/2022 21:00,0.0
11/23/2022 22:00,0.103448
11/23/2022 23:00,0.0
11/24/2022 00:00,0.206897
11/24/2022 01:00,0.0
11/24/2022 02:00,0.0
11/24/2022 03:00,0.0
11/24/2022 04:00,0.0
11/24/2022 05:00,0.172414
11/24/2022 06:00,0.0
11/24/2022 07:00,0.155172
11/24/2022 08:00,0.137931
11/24/2022 09:00,0.137931
11/24/2022 10:00,0.137931
11/24/2022 11:00,0.0
11/24/2022 12:00,0.155172
11/24/2022 13:00,0.155172
11/24/2022 14:00,0.12069
11/24/2022 15:00,0.103448
11/24/2022 16:00,0.0
11/24/2022 17:00,0.0
11/24/2022 18:00,0.0
11/24/2022 19:00,0.0
11/24/2022 20:00,-0.206897
11/24/2022 21:00,0.0
11/24/2022 22:00,0.103448
11/24/2022 23:00,0.0
11/25/2022 00:00,0.172414
11/25/2022 01:00,0.0
11/25/2022 02:00,0.0
11/25/2022 03:00,0.0
11/25/2022 04:00,0.0
11/25/2022 05:00,0.155172
11/25/2022 06:00,0.0
11/25/2022 07:00,0.12069
11/25/2022 08:00,0.12069
11/25/2022 09:00,0.12069
11/25/2022 10:00,0.12069
11/25/2022 11:00,0.0
11/25/2022 12:00,0.137931
11/25/2022 13:00,0.155172
11/25/2022 14:00,0.155172
11/25/2022 15:00,0.155172
11/25/2022 16:00,0.0
11/25/2022 17:00,0.0
11/25/2022 18:00,0.0
11/25/2022 19:00,0.0
11/25/2022 20:00,0.258621
11/25/2022 21:00,0.0
11/25/2022 22:00,0.37931
11/25/2022 23:00,0.0
11/26/2022 00:00,0.431034
11/26/2022 01:00,0.0
11/26/2022 02:00,0.0
11/26/2022 03:00,0.0
11/26/2022 04:00,0.0
11/26/2022 05:00,0.413793
11/26/2022 06:00,0.37931
11/26/2022 07:00,0.37931
11/26/2022 08:00,0.37931
11/26/2022 09:00,0.37931
11/26/2022 10:00,0.37931
11/26/2022 11:00,0.0
11/26/2022 12:00,0.327586
11/26/2022 13:00,0.396552
11/26/2022 14:00,0.37931
11/26/2022 15:00,0.37931
11/26/2022 16:00,0.0
11/26/2022 17:00,0.0
11/26/2022 18:00,0.0
11/26/2022 19:00,0.0
11/26/2022 20:00,0.362069
11/26/2022 21:00,0.0
11/26/2022 22:00,0.396552
11/26/2022 23:00,0.0
11/27/2022 00:00,0.413793
11/27/2022 01:00,0.0
11/27/2022 02:00,0.0
11/27/2022 03:00,0.0
11/27/2022 04:00,0.0
11/27/2022 05:00,0.396552
11/27/2022 06:00,0.0
11/27/2022 07:00,0.37931
11/27/2022 08:00,0.37931
11/27/2022 09:00,0.37931
11/27/2022 10:00,0.396552
11/27/2022 11:00,0.0
11/27/2022 12:00,0.344828
11/27/2022 13:00,0.396552
11/27/2022 14:00,0.362069
11/27/2022 15:00,0.137931
11/27/2022 16:00,0.0
11/27/2022 17:00,0.0
11/27/2022 18:00,0.0
11/27/2022 19:00,0.0
11/27/2022 20:00,0.0
11/27/2022 21:00,0.0
11/27/2022 22:00,0.258621
11/27/2022 23:00,0.0
11/28/2022 00:00,0.431034
11/28/2022 01:00,0.0
11/28/2022 02:00,0.0
11/28/2022 03:00,0.0
11/28/2022 04:00,0.0
11/28/2022 05:00,0.396552
11/28/2022 06:00,0.0
11/28/2022 07:00,0.396552
11/28/2022 08:00,0.396552
11/28/2022 09:00,0.396552
11/28/2022 10:00,0.431034
11/28/2022 11:00,0.0
11/28/2022 12:00,0.465517
11/28/2022 13:00,0.5
11/28/2022 14:00,0.362069
11/28/2022 15:00,0.224138
11/28/2022 16:00,0.0
11/28/2022 17:00,0.0
11/28/2022 18:00,0.0
11/28/2022 19:00,0.0
11/28/2022 20:00,0.103448
11/28/2022 21:00,0.0
11/28/2022 22:00,0.327586
11/28/2022 23:00,0.0
11/29/2022 00:00,0.448276
11/29/2022 01:00,0.0
11/29/2022 02:00,0.0
11/29/2022 03:00,0.0
11/29/2022 04:00,0.0
11/29/2022 05:00,0.396552
11/29/2022 06:00,0.0
11/29/2022 07:00,0.37931
11/29/2022 08:00,0.37931
11/29/2022 09:00,0.37931
11/29/2022 10:00,0.413793
11/29/2022 11:00,0.0
11/29/2022 12:00,0.431034
11/29/2022 13:00,0.517241
11/29/2022 14:00,0.413793
11/29/2022 15:00,0.293103
11/29/2022 16:00,0.0
11/29/2022 17:00,0.0
11/29/2022 18:00,0.0
11/29/2022 19:00,0.0
11/29/2022 20:00,0.189655
11/29/2022 21:00,0.0
11/29/2022 22:00,0.362069
11/29/2022 23:00,0.0
11/30/2022 00:00,0.431034
11/30/2022 01:00,0.0
11/30/2022 02:00,0.0
11/30/2022 03:00,0.0
11/30/2022 04:00,0.0
11/30/2022 05:00,0.396552
11/30/2022 06:00,0.37931
11/30/2022 07:00,0.362069
11/30/2022 08:00,0.396552
11/30/2022 09:00,0.362069
11/30/2022 10:00,0.37931
11/30/2022 11:00,0.0
11/30/2022 12:00,0.413793
11/30/2022 13:00,0.5
11/30/2022 14:00,0.517241
11/30/2022 15:00,0.517241
11/30/2022 16:00,0.0
11/30/2022 17:00,0.0
11/30/2022 18:00,0.0
11/30/2022 19:00,0.0
11/30/2022 20:00,0.344828
11/30/2022 21:00,0.0
11/30/2022 22:00,0.344828
11/30/2022 23:00,0.0
12/01/2022 00:00,0.448276
12/01/2022 01:00,0.0
12/01/2022 02:00,0.0
12/01/2022 03:00,0.0
12/01/2022 04:00,0.0
12/01/2022 05:00,0.413793
12/01/2022 06:00,0.0
12/01/2022 07:00,0.431034
12/01/2022 08:00,0.431034
12/01/2022 09:00,0.431034
12/01/2022 10:00,0.448276
12/01/2022 11:00,0.0
12/01/2022 12:00,0.534483
12/01/2022 13:00,0.586207
12/01/2022 14:00,0.413793
12/01/2022 15:00,0.241379
12/01/2022 16:00,0.0
12/01/2022 17:00,0.0
12/01/2022 18:00,0.0
12/01/2022 19:00,0.0
12/01/2022 20:00,0.103448
12/01/2022 21:00,0.0
12/01/2022 22:00,0.362069
12/01/2022 23:00,0.0
12/02/2022 00:00,0.482759
12/02/2022 01:00,0.0
12/02/2022 02:00,0.0
12/02/2022 03:00,0.0
12/02/2022 04:00,0.0
12/02/2022 05:00,0.5
12/02/2022 06:00,0.0
12/02/2022 07:00,0.241379
12/02/2022 08:00,0.241379
12/02/2022 09:00,0.482759
12/02/2022 10:00,0.5
12/02/2022 11:00,0.0
12/02/2022 12:00,0.551724
12/02/2022 13:00,0.62069
12/02/2022 14:00,0.431034
12/02/2022 15:00,0.258621
12/02/2022 16:00,0.0
12/02/2022 17:00,0.0
12/02/2022 18:00,0.0
12/02/2022 19:00,0.0
12/02/2022 20:00,0.051724
12/02/2022 21:00,0.0
12/02/2022 22:00,0.310345
12/02/2022 23:00,0.0
12/03/2022 00:00,0.448276
12/03/2022 01:00,0.0
12/03/2022 02:00,0.0
12/03/2022 03:00,0.0
12/03/2022 04:00,0.0
12/03/2022 05:00,0.431034
12/03/2022 06:00,0.413793
12/03/2022 07:00,0.396552
12/03/2022 08:00,0.413793
12/03/2022 09:00,0.413793
12/03/2022 10:00,0.413793
12/03/2022 11:00,0.0
12/03/2022 12:00,0.396552
12/03/2022 13:00,0.448276
12/03/2022 14:00,0.344828
12/03/2022 15:00,0.034483
12/03/2022 16:00,0.0
12/03/2022 17:00,0.0
12/03/2022 18:00,0.0
12/03/2022 19:00,0.0
12/03/2022 20:00,0.017241
12/03/2022 21:00,0.0
12/03/2022 22:00,0.413793
12/03/2022 23:00,0.0
12/04/2022 00:00,0.448276
12/04/2022 01:00,0.0
12/04/2022 02:00,0.0
12/04/2022 03:00,0.0
12/04/2022 04:00,0.0
12/04/2022 05:00,0.413793
12/04/2022 06:00,0.0
12/04/2022 07:00,0.396552
12/04/2022 08:00,0.37931
12/04/2022 09:00,0.396552
12/04/2022 10:00,0.37931
12/04/2022 11:00,0.0
12/04/2022 12:00,0.344828
12/04/2022 13:00,0.396552
12/04/2022 14:00,0.37931
12/04/2022 15:00,0.258621
12/04/2022 16:00,0.0
12/04/2022 17:00,0.0
12/04/2022 18:00,0.0
12/04/2022 19:00,0.0
12/04/2022 20:00,0.206897
12/04/2022 21:00,0.0
12/04/2022 22:00,0.310345
12/04/2022 23:00,0.0
12/05/2022 00:00,0.448276
12/05/2022 01:00,0.0
12/05/2022 02:00,0.0
12/05/2022 03:00,0.0
12/05/2022 04:00,0.0
12/05/2022 05:00,0.37931
12/05/2022 06:00,0.0
12/05/2022 07:00,0.37931
12/05/2022 08:00,0.362069
12/05/2022 09:00,0.362069
12/05/2022 10:00,0.37931
12/05/2022 11:00,0.0
12/05/2022 12:00,0.413793
12/05/2022 13:00,0.482759
12/05/2022 14:00,0.396552
12/05/2022 15:00,0.258621
12/05/2022 16:00,0.0
12/05/2022 17:00,0.0
12/05/2022 18:00,0.0
12/05/2022 19:00,0.0
12/05/2022 20:00,0.103448
12/05/2022 21:00,0.0
12/05/2022 22:00,0.431034
12/05/2022 23:00,0.0
12/06/2022 00:00,0.465517
12/06/2022 01:00,0.0
12/06/2022 02:00,0.0
12/06/2022 03:00,0.0
12/06/2022 04:00,0.0
12/06/2022 05:00,0.396552
12/06/2022 06:00,0.37931
12/06/2022 07:00,0.362069
12/06/2022 08:00,0.362069
12/06/2022 09:00,0.362069
12/06/2022 10:00,0.37931
12/06/2022 11:00,0.0
12/06/2022 12:00,0.396552
12/06/2022 13:00,0.482759
12/06/2022 14:00,0.465517
12/06/2022 15:00,0.413793
12/06/2022 16:00,0.0
12/06/2022 17:00,0.0
12/06/2022 18:00,0.0
12/06/2022 19:00,0.0
12/06/2022 20:00,0.293103
12/06/2022 21:00,0.0
12/06/2022 22:00,0.413793
12/06/2022 23:00,0.0
12/07/2022 00:00,0.465517
12/07/2022 01:00,0.0
12/07/2022 02:00,0.0
12/07/2022 03:00,0.0
12/07/2022 04:00,0.0
12/07/2022 05:00,0.293103
12/07/2022 06:00,0.0
12/07/2022 07:00,0.362069
12/07/2022 08:00,0.362069
12/07/2022 09:00,0.344828
12/07/2022 10:00,0.396552
12/07/2022 11:00,0.0
12/07/2022 12:00,0.413793
12/07/2022 13:00,0.448276
12/07/2022 14:00,0.413793
12/07/2022 15:00,0.37931
12/07/2022 16:00,0.0
12/07/2022 17:00,0.0
12/07/2022 18:00,0.0
12/07/2022 19:00,0.0
12/07/2022 20:00,0.206897
12/07/2022 21:00,0.0
12/07/2022 22:00,0.396552
12/07/2022 23:00,0.0
12/08/2022 00:00,0.465517
12/08/2022 01:00,0.0
12/08/2022 02:00,0.0
12/08/2022 03:00,0.0
12/08/2022 04:00,0.0
12/08/2022 05:00,0.396552
12/08/2022 06:00,0.0
12/08/2022 07:00,0.362069
12/08/2022 08:00,0.37931
12/08/2022 09:00,0.37931
12/08/2022 10:00,0.37931
12/08/2022 11:00,0.0
12/08/2022 12:00,0.431034
12/08/2022 13:00,0.5
12/08/2022 14:00,0.448276
12/08/2022 15:00,0.396552
12/08/2022 16:00,0.0
12/08/2022 17:00,0.0
12/08/2022 18:00,0.0
12/08/2022 19:00,0.0
12/08/2022 20:00,0.224138
12/08/2022 21:00,0.0
12/08/2022 22:00,0.362069
12/08/2022 23:00,0.0
12/09/2022 00:00,0.413793
12/09/2022 01:00,0.0
12/09/2022 02:00,0.0
12/09/2022 03:00,0.0
12/09/2022 04:00,0.0
12/09/2022 05:00,0.396552
12/09/2022 06:00,0.0
12/09/2022 07:00,0.37931
12/09/2022 08:00,0.37931
12/09/2022 09:00,0.362069
12/09/2022 10:00,0.396552
12/09/2022 11:00,0.0
12/09/2022 12:00,0.413793
12/09/2022 13:00,0.465517
12/09/2022 14:00,0.431034
12/09/2022 15:00,0.362069
12/09/2022 16:00,0.0
12/09/2022 17:00,0.0
12/09/2022 18:00,0.0
12/09/2022 19:00,0.0
12/09/2022 20:00,0.051724
12/09/2022 21:00,0.0
12/09/2022 22:00,0.327586
12/09/2022 23:00,0.0
12/10/2022 00:00,0.482759
12/10/2022 01:00,0.0
12/10/2022 02:00,0.0
12/10/2022 03:00,0.0
12/10/2022 04:00,0.0
12/10/2022 05:00,0.431034
12/10/2022 06:00,0.0
12/10/2022 07:00,0.362069
12/10/2022 08:00,0.37931
12/10/2022 09:00,0.396552
12/10/2022 10:00,0.396552
12/10/2022 11:00,0.0
12/10/2022 12:00,0.344828
12/10/2022 13:00,0.396552
12/10/2022 14:00,0.396552
12/10/2022 15:00,0.362069
12/10/2022 16:00,0.0
12/10/2022 17:00,0.0
12/10/2022 18:00,0.0
12/10/2022 19:00,0.0
12/10/2022 20:00,0.362069
12/10/2022 21:00,0.0
12/10/2022 22:00,0.37931
12/10/2022 23:00,0.0
12/11/2022 00:00,0.431034
12/11/2022 01:00,0.0
12/11/2022 02:00,0.0
12/11/2022 03:00,0.0
12/11/2022 04:00,0.0
12/11/2022 05:00,0.413793
12/11/2022 06:00,0.0
12/11/2022 07:00,0.362069
12/11/2022 08:00,0.396552
12/11/2022 09:00,0.396552
12/11/2022 10:00,0.396552
12/11/2022 11:00,0.0
12/11/2022 12:00,0.413793
12/11/2022 13:00,0.413793
12/11/2022 14:00,0.396552
12/11/2022 15:00,0.396552
12/11/2022 16:00,0.0
12/11/2022 17:00,0.0
12/11/2022 18:00,0.0
12/11/2022 19:00,0.0
12/11/2022 20:00,0.241379
12/11/2022 21:00,0.0
12/11/2022 22:00,0.396552
12/11/2022 23:00,0.0
12/12/2022 00:00,0.448276
12/12/2022 01:00,0.0
12/12/2022 02:00,0.0
12/12/2022 03:00,0.0
12/12/2022 04:00,0.0
12/12/2022 05:00,0.431034
12/12/2022 06:00,0.0
12/12/2022 07:00,0.396552
12/12/2022 08:00,0.396552
12/12/2022 09:00,0.396552
12/12/2022 10:00,0.413793
12/12/2022 11:00,0.0
12/12/2022 12:00,0.431034
12/12/2022 13:00,0.517241
12/12/2022 14:00,0.482759
12/12/2022 15:00,0.482759
12/12/2022 16:00,0.0
12/12/2022 17:00,0.0
12/12/2022 18:00,0.0
12/12/2022 19:00,0.0
12/12/2022 20:00,0.275862
12/12/2022 21:00,0.0
12/12/2022 22:00,0.465517
12/12/2022 23:00,0.0
12/13/2022 00:00,0.431034
12/13/2022 01:00,0.0
12/13/2022 02:00,0.0
12/13/2022 03:00,0.0
12/13/2022 04:00,0.0
12/13/2022 05:00,0.413793
12/13/2022 06:00,0.413793
12/13/2022 07:00,0.396552
12/13/2022 08:00,0.362069
12/13/2022 09:00,0.37931
12/13/2022 10:00,0.413793
12/13/2022 11:00,0.0
12/13/2022 12:00,0.465517
12/13/2022 13:00,0.517241
12/13/2022 14:00,0.448276
12/13/2022 15:00,0.344828
12/13/2022 16:00,0.0
12/13/2022 17:00,0.0
12/13/2022 18:00,0.0
12/13/2022 19:00,0.0
12/13/2022 20:00,0.327586
12/13/2022 21:00,0.0
12/13/2022 22:00,0.448276
12/13/2022 23:00,0.0
12/14/2022 00:00,0.448276
12/14/2022 01:00,0.0
12/14/2022 02:00,0.0
12/14/2022 03:00,0.0
12/14/2022 04:00,0.0
12/14/2022 05:00,0.362069
12/14/2022 06:00,0.362069
12/14/2022 07:00,0.344828
12/14/2022 08:00,0.327586
12/14/2022 09:00,0.362069
12/14/2022 10:00,0.362069
12/14/2022 11:00,0.0
12/14/2022 12:00,0.482759
12/14/2022 13:00,0.534483
12/14/2022 14:00,0.5
12/14/2022 15:00,0.465517
12/14/2022 16:00,0.0
12/14/2022 17:00,0.0
12/14/2022 18:00,0.0
12/14/2022 19:00,0.0
12/14/2022 20:00,0.396552
12/14/2022 21:00,0.0
12/14/2022 22:00,0.448276
12/14/2022 23:00,0.0
12/15/2022 00:00,0.448276
12/15/2022 01:00,0.0
12/15/2022 02:00,0.0
12/15/2022 03:00,0.0
12/15/2022 04:00,0.0
12/15/2022 05:00,0.413793
12/15/2022 06:00,0.0
12/15/2022 07:00,0.293103
12/15/2022 08:00,0.293103
12/15/2022 09:00,0.293103
12/15/2022 10:00,0.224138
12/15/2022 11:00,0.0
12/15/2022 12:00,0.224138
12/15/2022 13:00,0.258621
12/15/2022 14:00,0.189655
12/15/2022 15:00,0.189655
12/15/2022 16:00,0.0
12/15/2022 17:00,0.0
12/15/2022 18:00,0.0
12/15/2022 19:00,0.0
12/15/2022 20:00,0.103448
12/15/2022 21:00,0.0
12/15/2022 22:00,0.327586
12/15/2022 23:00,0.0
12/16/2022 00:00,0.482759
12/16/2022 01:00,0.0
12/16/2022 02:00,0.0
12/16/2022 03:00,0.0
12/16/2022 04:00,0.0
12/16/2022 05:00,0.413793
12/16/2022 06:00,0.0
12/16/2022 07:00,0.327586
12/16/2022 08:00,0.206897
12/16/2022 09:00,0.206897
12/16/2022 10:00,0.396552
12/16/2022 11:00,0.0
12/16/2022 12:00,0.551724
12/16/2022 13:00,0.586207
12/16/2022 14:00,0.482759
12/16/2022 15:00,0.275862
12/16/2022 16:00,0.0
12/16/2022 17:00,0.0
12/16/2022 18:00,0.0
12/16/2022 19:00,0.0
12/16/2022 20:00,0.068966
12/16/2022 21:00,0.0
12/16/2022 22:00,0.310345
12/16/2022 23:00,0.0
12/17/2022 00:00,0.482759
12/17/2022 01:00,0.0
12/17/2022 02:00,0.0
12/17/2022 03:00,0.0
12/17/2022 04:00,0.0
12/17/2022 05:00,0.517241
12/17/2022 06:00,0.0
12/17/2022 07:00,0.465517
12/17/2022 08:00,0.5
12/17/2022 09:00,0.482759
12/17/2022 10:00,0.465517
12/17/2022 11:00,0.0
12/17/2022 12:00,0.448276
12/17/2022 13:00,0.5
12/17/2022 14:00,0.5
12/17/2022 15:00,0.482759
12/17/2022 16:00,0.0
12/17/2022 17:00,0.0
12/17/2022 18:00,0.0
12/17/2022 19:00,0.0
12/17/2022 20:00,0.362069
12/17/2022 21:00,0.0
12/17/2022 22:00,0.448276
12/17/2022 23:00,0.0
12/18/2022 00:00,0.5
12/18/2022 01:00,0.0
12/18/2022 02:00,0.0
12/18/2022 03:00,0.0
12/18/2022 04:00,0.0
12/18/2022 05:00,0.517241
12/18/2022 06:00,0.482759
12/18/2022 07:00,0.517241
12/18/2022 08:00,0.448276
12/18/2022 09:00,0.482759
12/18/2022 10:00,0.534483
12/18/2022 11:00,0.0
12/18/2022 12:00,0.517241
12/18/2022 13:00,0.603448
12/18/2022 14:00,0.37931
12/18/2022 15:00,0.224138
12/18/2022 16:00,0.0
12/18/2022 17:00,0.0
12/18/2022 18:00,0.0
12/18/2022 19:00,0.0
12/18/2022 20:00,0.034483
12/18/2022 21:00,0.0
12/18/2022 22:00,0.327586
12/18/2022 23:00,0.0
12/19/2022 00:00,0.551724
12/19/2022 01:00,0.0
12/19/2022 02:00,0.0
12/19/2022 03:00,0.0
12/19/2022 04:00,0.0
12/19/2022 05:00,0.568966
12/19/2022 06:00,0.551724
12/19/2022 07:00,0.568966
12/19/2022 08:00,0.551724
12/19/2022 09:00,0.586207
12/19/2022 10:00,0.586207
12/19/2022 11:00,0.0
12/19/2022 12:00,0.672414
12/19/2022 13:00,0.758621
12/19/2022 14:00,0.655172
12/19/2022 15:00,0.431034
12/19/2022 16:00,0.0
12/19/2022 17:00,0.0
12/19/2022 18:00,0.0
12/19/2022 19:00,0.0
12/19/2022 20:00,0.241379
12/19/2022 21:00,0.0
12/19/2022 22:00,0.431034
12/19/2022 23:00,0.0
12/20/2022 00:00,0.534483
12/20/2022 01:00,0.0
12/20/2022 02:00,0.0
12/20/2022 03:00,0.0
12/20/2022 04:00,0.0
12/20/2022 05:00,0.5
12/20/2022 06:00,0.0
12/20/2022 07:00,0.517241
12/20/2022 08:00,0.482759
12/20/2022 09:00,0.5
12/20/2022 10:00,0.5
12/20/2022 11:00,0.0
12/20/2022 12:00,0.551724
12/20/2022 13:00,0.655172
12/20/2022 14:00,0.637931
12/20/2022 15:00,0.62069
12/20/2022 16:00,0.0
12/20/2022 17:00,0.0
12/20/2022 18:00,0.0
12/20/2022 19:00,0.0
12/20/2022 20:00,0.517241
12/20/2022 21:00,0.0
12/20/2022 22:00,0.603448
12/20/2022 23:00,0.0
12/21/2022 00:00,0.568966
12/21/2022 01:00,0.0
12/21/2022 02:00,0.0
12/21/2022 03:00,0.0
12/21/2022 04:00,0.0
12/21/2022 05:00,0.551724
12/21/2022 06:00,0.0
12/21/2022 07:00,0.517241
12/21/2022 08:00,0.534483
12/21/2022 09:00,0.517241
12/21/2022 10:00,0.534483
12/21/2022 11:00,0.0
12/21/2022 12:00,0.586207
12/21/2022 13:00,0.655172
12/21/2022 14:00,0.672414
12/21/2022 15:00,0.637931
12/21/2022 16:00,0.0
12/21/2022 17:00,0.0
12/21/2022 18:00,0.0
12/21/2022 19:00,0.0
12/21/2022 20:00,0.551724
12/21/2022 21:00,0.0
12/21/2022 22:00,0.586207
12/21/2022 23:00,0.0
12/22/2022 00:00,0.551724
12/22/2022 01:00,0.0
12/22/2022 02:00,0.0
12/22/2022 03:00,0.0
12/22/2022 04:00,0.0
12/22/2022 05:00,0.5
12/22/2022 06:00,0.0
12/22/2022 07:00,0.5
12/22/2022 08:00,0.5
12/22/2022 09:00,0.5
12/22/2022 10:00,0.5
12/22/2022 11:00,0.0
12/22/2022 12:00,0.534483
12/22/2022 13:00,0.586207
12/22/2022 14:00,0.586207
12/22/2022 15:00,0.551724
12/22/2022 16:00,0.0
12/22/2022 17:00,0.0
12/22/2022 18:00,0.0
12/22/2022 19:00,0.0
12/22/2022 20:00,0.482759
12/22/2022 21:00,0.0
12/22/2022 22:00,0.482759
12/22/2022 23:00,0.0
12/23/2022 00:00,0.327586
12/23/2022 01:00,0.0
12/23/2022 02:00,0.0
12/23/2022 03:00,0.0
12/23/2022 04:00,0.0
12/23/2022 05:00,0.258621
12/23/2022 06:00,0.241379
12/23/2022 07:00,0.224138
12/23/2022 08:00,0.224138
12/23/2022 09:00,0.224138
12/23/2022 10:00,0.241379
12/23/2022 11:00,0.0
12/23/2022 12:00,0.310345
12/23/2022 13:00,0.344828
12/23/2022 14:00,0.275862
12/23/2022 15:00,0.086207
12/23/2022 16:00,0.0
12/23/2022 17:00,0.0
12/23/2022 18:00,0.0
12/23/2022 19:00,0.0
12/23/2022 20:00,-0.068966
12/23/2022 21:00,0.0
12/23/2022 22:00,0.206897
12/23/2022 23:00,0.0
12/24/2022 00:00,0.465517
12/24/2022 01:00,0.0
12/24/2022 02:00,0.0
12/24/2022 03:00,0.0
12/24/2022 04:00,0.0
12/24/2022 05:00,0.517241
12/24/2022 06:00,0.0
12/24/2022 07:00,0.517241
12/24/2022 08:00,0.551724
12/24/2022 09:00,0.568966
12/24/2022 10:00,0.568966
12/24/2022 11:00,0.0
12/24/2022 12:00,0.603448
12/24/2022 13:00,0.62069
12/24/2022 14:00,0.5
12/24/2022 15:00,0.275862
12/24/2022 16:00,0.0
12/24/2022 17:00,0.0
12/24/2022 18:00,0.0
12/24/2022 19:00,0.0
12/24/2022 20:00,0.034483
12/24/2022 21:00,0.0
12/24/2022 22:00,0.275862
12/24/2022 23:00,0.0
12/25/2022 00:00,0.5
12/25/2022 01:00,0.0
12/25/2022 02:00,0.0
12/25/2022 03:00,0.0
12/25/2022 04:00,0.0
12/25/2022 05:00,0.517241
12/25/2022 06:00,0.517241
12/25/2022 07:00,0.517241
12/25/2022 08:00,0.517241
12/25/2022 09:00,0.534483
12/25/2022 10:00,0.517241
12/25/2022 11:00,0.0
12/25/2022 12:00,0.551724
12/25/2022 13:00,0.568966
12/25/2022 14:00,0.448276
12/25/2022 15:00,0.241379
12/25/2022 16:00,0.0
12/25/2022 17:00,0.0
12/25/2022 18:00,0.0
12/25/2022 19:00,0.0
12/25/2022 20:00,-0.051724
12/25/2022 21:00,0.0
12/25/2022 22:00,0.172414
12/25/2022 23:00,0.0
12/26/2022 00:00,0.396552
12/26/2022 01:00,0.0
12/26/2022 02:00,0.0
12/26/2022 03:00,0.0
12/26/2022 04:00,0.0
12/26/2022 05:00,0.465517
12/26/2022 06:00,0.0
12/26/2022 07:00,0.465517
12/26/2022 08:00,0.465517
12/26/2022 09:00,0.482759
12/26/2022 10:00,0.5
12/26/2022 11:00,0.0
12/26/2022 12:00,0.534483
12/26/2022 13:00,0.568966
12/26/2022 14:00,0.465517
12/26/2022 15:00,0.206897
12/26/2022 16:00,0.0
12/26/2022 17:00,0.0
12/26/2022 18:00,0.0
12/26/2022 19:00,0.0
12/26/2022 20:00,-0.103448
12/26/2022 21:00,0.0
12/26/2022 22:00,0.12069
12/26/2022 23:00,0.0
12/27/2022 00:00,0.362069
12/27/2022 01:00,0.0
12/27/2022 02:00,0.0
12/27/2022 03:00,0.0
12/27/2022 04:00,0.0
12/27/2022 05:00,0.396552
12/27/2022 06:00,0.0
12/27/2022 07:00,0.396552
12/27/2022 08:00,0.413793
12/27/2022 09:00,0.431034
12/27/2022 10:00,0.431034
12/27/2022 11:00,0.0
12/27/2022 12:00,0.465517
12/27/2022 13:00,0.672414
12/27/2022 14:00,0.62069
12/27/2022 15:00,0.37931
12/27/2022 16:00,0.0
12/27/2022 17:00,0.0
12/27/2022 18:00,0.0
12/27/2022 19:00,0.0
12/27/2022 20:00,0.086207
12/27/2022 21:00,0.0
12/27/2022 22:00,0.310345
12/27/2022 23:00,0.0
12/28/2022 00:00,0.534483
12/28/2022 01:00,0.0
12/28/2022 02:00,0.0
12/28/2022 03:00,0.0
12/28/2022 04:00,0.0
12/28/2022 05:00,0.62069
12/28/2022 06:00,0.0
12/28/2022 07:00,0.637931
12/28/2022 08:00,0.655172
12/28/2022 09:00,0.655172
12/28/2022 10:00,0.655172
12/28/2022 11:00,0.0
12/28/2022 12:00,0.689655
12/28/2022 13:00,0.741379
12/28/2022 14:00,0.62069
12/28/2022 15:00,0.362069
12/28/2022 16:00,0.0
12/28/2022 17:00,0.0
12/28/2022 18:00,0.0
12/28/2022 19:00,0.0
12/28/2022 20:00,0.12069
12/28/2022 21:00,0.0
12/28/2022 22:00,0.396552
12/28/2022 23:00,0.0
12/29/2022 00:00,0.482759
12/29/2022 01:00,0.0
12/29/2022 02:00,0.0
12/29/2022 03:00,0.0
12/29/2022 04:00,0.0
12/29/2022 05:00,0.482759
12/29/2022 06:00,0.482759
12/29/2022 07:00,0.465517
12/29/2022 08:00,0.465517
12/29/2022 09:00,0.465517
12/29/2022 10:00,0.448276
12/29/2022 11:00,0.0
12/29/2022 12:00,0.482759
12/29/2022 13:00,0.517241
12/29/2022 14:00,0.396552
12/29/2022 15:00,0.224138
12/29/2022 16:00,0.0
12/29/2022 17:00,0.0
12/29/2022 18:00,0.0
12/29/2022 19:00,0.0
12/29/2022 20:00,0.017241
12/29/2022 21:00,0.0
12/29/2022 22:00,0.224138
12/29/2022 23:00,0.0
12/30/2022 00:00,0.413793
12/30/2022 01:00,0.0
12/30/2022 02:00,0.0
12/30/2022 03:00,0.0
12/30/2022 04:00,0.0
12/30/2022 05:00,0.413793
12/30/2022 06:00,0.413793
12/30/2022 07:00,0.413793
12/30/2022 08:00,0.413793
12/30/2022 09:00,0.396552
12/30/2022 10:00,0.413793
12/30/2022 11:00,0.0
12/30/2022 12:00,0.396552
12/30/2022 13:00,0.465517
12/30/2022 14:00,0.413793
12/30/2022 15:00,0.189655
12/30/2022 16:00,0.0
12/30/2022 17:00,0.0
12/30/2022 18:00,0.0
12/30/2022 19:00,0.0
12/30/2022 20:00,0.258621
12/30/2022 21:00,0.0
12/30/2022 22:00,0.344828
12/30/2022 23:00,0.0
12/31/2022 00:00,0.431034
12/31/2022 01:00,0.0
12/31/2022 02:00,0.0
12/31/2022 03:00,0.0
12/31/2022 04:00,0.0
12/31/2022 05:00,0.396552
12/31/2022 06:00,0.0
12/31/2022 07:00,0.37931
12/31/2022 08:00,0.37931
12/31/2022 09:00,0.362069
12/31/2022 10:00,0.37931
12/31/2022 11:00,0.0
12/31/2022 12:00,0.327586
12/31/2022 13:00,0.37931
12/31/2022 14:00,0.37931
12/31/2022 15:00,0.327586
12/31/2022 16:00,0.0
12/31/2022 17:00,0.0
12/31/2022 18:00,0.0
12/31/2022 19:00,0.0
12/31/2022 20:00,0.172414
12/31/2022 21:00,0.0
12/31/2022 22:00,0.224138
12/31/2022 23:00,0.0
01/01/2023 00:00,0.172414
01/01/2023 01:00,0.0
01/01/2023 02:00,0.0
01/01/2023 03:00,0.0
01/01/2023 04:00,0.0
01/01/2023 05:00,0.137931
01/01/2023 06:00,0.137931
01/01/2023 07:00,0.137931
01/01/2023 08:00,0.12069
01/01/2023 09:00,0.12069
01/01/2023 10:00,0.12069
01/01/2023 11:00,0.0
01/01/2023 12:00,0.12069
01/01/2023 13:00,0.137931
01/01/2023 14:00,0.137931
01/01/2023 15:00,-0.034483
01/01/2023 16:00,0.0
01/01/2023 17:00,0.0
01/01/2023 18:00,0.0
01/01/2023 19:00,0.0
01/01/2023 20:00,-0.224138
01/01/2023 21:00,0.0
01/01/2023 22:00,-0.017241
01/01/2023 23:00,0.0
01/02/2023 00:00,0.172414
01/02/2023 01:00,0.0
01/02/2023 02:00,0.0
01/02/2023 03:00,0.0
01/02/2023 04:00,0.0
01/02/2023 05:00,0.0
01/02/2023 06:00,0.0
01/02/2023 07:00,0.0
01/02/2023 08:00,0.0
01/02/2023 09:00,0.0
01/02/2023 10:00,0.0
01/02/2023 11:00,0.0
01/02/2023 12:00,0.0
01/02/2023 13:00,0.0
01/02/2023 14:00,0.0
01/02/2023 15:00,0.0
01/02/2023 16:00,0.0
01/02/2023 17:00,0.0
01/02/2023 18:00,0.0
01/02/2023 19:00,0.0
01/02/2023 20:00,0.0
01/02/2023 21:00,0.0
01/02/2023 22:00,0.0
01/02/2023 23:00,0.0
01/03/2023 00:00,0.0
01/03/2023 01:00,0.0
01/03/2023 02:00,0.0
01/03/2023 03:00,0.0
01/03/2023 04:00,0.0
01/03/2023 05:00,0.0
01/03/2023 06:00,0.0
01/03/2023 07:00,0.344828
01/03/2023 08:00,0.362069
01/03/2023 09:00,0.344828
01/03/2023 10:00,0.37931
01/03/2023 11:00,0.0
01/03/2023 12:00,0.413793
01/03/2023 13:00,0.482759
01/03/2023 14:00,0.465517
01/03/2023 15:00,0.465517
01/03/2023 16:00,0.0
01/03/2023 17:00,0.0
01/03/2023 18:00,0.0
01/03/2023 19:00,0.0
01/03/2023 20:00,0.344828
01/03/2023 21:00,0.0
01/03/2023 22:00,0.413793
01/03/2023 23:00,0.0
01/04/2023 00:00,0.431034
01/04/2023 01:00,0.0
01/04/2023 02:00,0.0
01/04/2023 03:00,0.0
01/04/2023 04:00,0.0
01/04/2023 05:00,0.0
01/04/2023 06:00,0.37931
01/04/2023 07:00,0.362069
01/04/2023 08:00,0.362069
01/04/2023 09:00,0.362069
01/04/2023 10:00,0.37931
01/04/2023 11:00,0.0
01/04/2023 12:00,0.431034
01/04/2023 13:00,0.5
01/04/2023 14:00,0.5
01/04/2023 15:00,0.5
01/04/2023 16:00,0.0
01/04/2023 17:00,0.0
01/04/2023 18:00,0.0
01/04/2023 19:00,0.0
01/04/2023 20:00,0.12069
01/04/2023 21:00,0.0
01/04/2023 22:00,0.327586
01/04/2023 23:00,0.0
01/05/2023 00:00,0.431034
01/05/2023 01:00,0.0
01/05/2023 02:00,0.0
01/05/2023 03:00,0.0
01/05/2023 04:00,0.0
01/05/2023 05:00,0.0
01/05/2023 06:00,0.362069
01/05/2023 07:00,0.344828
01/05/2023 08:00,0.344828
01/05/2023 09:00,0.344828
01/05/2023 10:00,0.37931
01/05/2023 11:00,0.0
01/05/2023 12:00,0.413793
01/05/2023 13:00,0.5
01/05/2023 14:00,0.396552
01/05/2023 15:00,0.241379
01/05/2023 16:00,0.0
01/05/2023 17:00,0.0
01/05/2023 18:00,0.0
01/05/2023 19:00,0.0
01/05/2023 20:00,0.017241
01/05/2023 21:00,0.0
01/05/2023 22:00,0.206897
01/05/2023 23:00,0.0
01/06/2023 00:00,0.362069
01/06/2023 01:00,0.0
01/06/2023 02:00,0.0
01/06/2023 03:00,0.0
01/06/2023 04:00,0.0
01/06/2023 05:00,0.0
01/06/2023 06:00,0.0
01/06/2023 07:00,0.431034
01/06/2023 08:00,0.431034
01/06/2023 09:00,0.431034
01/06/2023 10:00,0.465517
01/06/2023 11:00,0.0
01/06/2023 12:00,0.517241
01/06/2023 13:00,0.603448
01/06/2023 14:00,0.465517
01/06/2023 15:00,0.275862
01/06/2023 16:00,0.0
01/06/2023 17:00,0.0
01/06/2023 18:00,0.0
01/06/2023 19:00,0.0
01/06/2023 20:00,0.017241
01/06/2023 21:00,0.0
01/06/2023 22:00,0.241379
01/06/2023 23:00,0.0
01/07/2023 00:00,0.465517
01/07/2023 01:00,0.0
01/07/2023 02:00,0.0
01/07/2023 03:00,0.0
01/07/2023 04:00,0.0
01/07/2023 05:00,0.0
01/07/2023 06:00,0.482759
01/07/2023 07:00,0.482759
01/07/2023 08:00,0.448276
01/07/2023 09:00,0.465517
01/07/2023 10:00,0.5
01/07/2023 11:00,0.0
01/07/2023 12:00,0.5
01/07/2023 13:00,0.551724
01/07/2023 14:00,0.448276
01/07/2023 15:00,0.241379
01/07/2023 16:00,0.0
01/07/2023 17:00,0.0
01/07/2023 18:00,0.0
01/07/2023 19:00,0.0
01/07/2023 20:00,0.017241
01/07/2023 21:00,0.0
01/07/2023 22:00,0.241379
01/07/2023 23:00,0.0
01/08/2023 00:00,0.465517
01/08/2023 01:00,0.0
01/08/2023 02:00,0.0
01/08/2023 03:00,0.0
01/08/2023 04:00,0.0
01/08/2023 05:00,0.0
01/08/2023 06:00,0.448276
01/08/2023 07:00,0.448276
01/08/2023 08:00,0.448276
01/08/2023 09:00,0.448276
01/08/2023 10:00,0.465517
01/08/2023 11:00,0.0
01/08/2023 12:00,0.431034
01/08/2023 13:00,0.517241
01/08/2023 14:00,0.431034
01/08/2023 15:00,0.241379
01/08/2023 16:00,0.0
01/08/2023 17:00,0.0
01/08/2023 18:00,0.0
01/08/2023 19:00,0.0
01/08/2023 20:00,0.310345
01/08/2023 21:00,0.0
01/08/2023 22:00,0.396552
01/08/2023 23:00,0.0
01/09/2023 00:00,0.482759
01/09/2023 01:00,0.0
01/09/2023 02:00,0.0
01/09/2023 03:00,0.0
01/09/2023 04:00,0.0
01/09/2023 05:00,0.0
01/09/2023 06:00,0.0
01/09/2023 07:00,0.189655
01/09/2023 08:00,0.189655
01/09/2023 09:00,0.189655
01/09/2023 10:00,0.206897
01/09/2023 11:00,0.0
01/09/2023 12:00,0.293103
01/09/2023 13:00,0.551724
01/09/2023 14:00,0.517241
01/09/2023 15:00,0.293103
01/09/2023 16:00,0.0
01/09/2023 17:00,0.0
01/09/2023 18:00,0.0
01/09/2023 19:00,0.0
01/09/2023 20:00,0.068966
01/09/2023 21:00,0.0
01/09/2023 22:00,0.275862
01/09/2023 23:00,0.0
01/10/2023 00:00,0.482759
01/10/2023 01:00,0.0
01/10/2023 02:00,0.0
01/10/2023 03:00,0.0
01/10/2023 04:00,0.0
01/10/2023 05:00,0.0
01/10/2023 06:00,0.0
01/10/2023 07:00,0.224138
01/10/2023 08:00,0.224138
01/10/2023 09:00,0.206897
01/10/2023 10:00,0.241379
01/10/2023 11:00,0.0
01/10/2023 12:00,0.362069
01/10/2023 13:00,0.655172
01/10/2023 14:00,0.465517
01/10/2023 15:00,0.172414
01/10/2023 16:00,0.0
01/10/2023 17:00,0.0
01/10/2023 18:00,0.0
01/10/2023 19:00,0.0
01/10/2023 20:00,0.12069
01/10/2023 21:00,0.0
01/10/2023 22:00,0.275862
01/10/2023 23:00,0.0
01/11/2023 00:00,0.482759
01/11/2023 01:00,0.0
01/11/2023 02:00,0.0
01/11/2023 03:00,0.0
01/11/2023 04:00,0.0
01/11/2023 05:00,0.0
01/11/2023 06:00,0.224138
01/11/2023 07:00,0.224138
01/11/2023 08:00,0.206897
01/11/2023 09:00,0.224138
01/11/2023 10:00,0.241379
01/11/2023 11:00,0.0
01/11/2023 12:00,0.327586
01/11/2023 13:00,0.586207
01/11/2023 14:00,0.534483
01/11/2023 15:00,0.431034
01/11/2023 16:00,0.0
01/11/2023 17:00,0.0
01/11/2023 18:00,0.0
01/11/2023 19:00,0.0
01/11/2023 20:00,0.293103
01/11/2023 21:00,0.0
01/11/2023 22:00,0.327586
01/11/2023 23:00,0.0
01/12/2023 00:00,0.431034
01/12/2023 01:00,0.0
01/12/2023 02:00,0.0
01/12/2023 03:00,0.0
01/12/2023 04:00,0.0
01/12/2023 05:00,0.0
01/12/2023 06:00,0.12069
01/12/2023 07:00,0.12069
01/12/2023 08:00,0.103448
01/12/2023 09:00,0.103448
01/12/2023 10:00,0.12069
01/12/2023 11:00,0.0
01/12/2023 12:00,0.206897
01/12/2023 13:00,0.241379
01/12/2023 14:00,0.344828
01/12/2023 15:00,0.224138
01/12/2023 16:00,0.0
01/12/2023 17:00,0.0
01/12/2023 18:00,0.0
01/12/2023 19:00,0.0
01/12/2023 20:00,0.293103
01/12/2023 21:00,0.0
01/12/2023 22:00,0.413793
01/12/2023 23:00,0.0
01/13/2023 00:00,0.413793
01/13/2023 01:00,0.0
01/13/2023 02:00,0.0
01/13/2023 03:00,0.0
01/13/2023 04:00,0.0
01/13/2023 05:00,0.0
01/13/2023 06:00,0.12069
01/13/2023 07:00,0.12069
01/13/2023 08:00,0.12069
01/13/2023 09:00,0.12069
01/13/2023 10:00,0.137931
01/13/2023 11:00,0.0
01/13/2023 12:00,0.224138
01/13/2023 13:00,0.431034
01/13/2023 14:00,0.465517
01/13/2023 15:00,0.5
01/13/2023 16:00,0.0
01/13/2023 17:00,0.0
01/13/2023 18:00,0.0
01/13/2023 19:00,0.0
01/13/2023 20:00,0.37931
01/13/2023 21:00,0.0
01/13/2023 22:00,0.396552
01/13/2023 23:00,0.0
01/14/2023 00:00,0.568966
01/14/2023 01:00,0.0
01/14/2023 02:00,0.0
01/14/2023 03:00,0.0
01/14/2023 04:00,0.0
01/14/2023 05:00,0.0
01/14/2023 06:00,0.310345
01/14/2023 07:00,0.310345
01/14/2023 08:00,0.310345
01/14/2023 09:00,0.310345
01/14/2023 10:00,0.293103
01/14/2023 11:00,0.0
01/14/2023 12:00,0.327586
01/14/2023 13:00,0.568966
01/14/2023 14:00,0.551724
01/14/2023 15:00,0.293103
01/14/2023 16:00,0.0
01/14/2023 17:00,0.0
01/14/2023 18:00,0.0
01/14/2023 19:00,0.0
01/14/2023 20:00,0.034483
01/14/2023 21:00,0.0
01/14/2023 22:00,0.258621
01/14/2023 23:00,0.0
01/15/2023 00:00,0.327586
01/15/2023 01:00,0.0
01/15/2023 02:00,0.0
01/15/2023 03:00,0.0
01/15/2023 04:00,0.0
01/15/2023 05:00,0.0
01/15/2023 06:00,0.0
01/15/2023 07:00,0.362069
01/15/2023 08:00,0.362069
01/15/2023 09:00,0.37931
01/15/2023 10:00,0.396552
01/15/2023 11:00,0.0
01/15/2023 12:00,0.431034
01/15/2023 13:00,0.465517
01/15/2023 14:00,0.37931
01/15/2023 15:00,0.12069
01/15/2023 16:00,0.0
01/15/2023 17:00,0.0
01/15/2023 18:00,0.0
01/15/2023 19:00,0.0
01/15/2023 20:00,-0.155172
01/15/2023 21:00,0.0
01/15/2023 22:00,0.017241
01/15/2023 23:00,0.0
01/16/2023 00:00,0.293103
01/16/2023 01:00,0.0
01/16/2023 02:00,0.0
01/16/2023 03:00,0.0
01/16/2023 04:00,0.0
01/16/2023 05:00,0.0
01/16/2023 06:00,0.0
01/16/2023 07:00,0.327586
01/16/2023 08:00,0.344828
01/16/2023 09:00,0.344828
01/16/2023 10:00,0.37931
01/16/2023 11:00,0.0
01/16/2023 12:00,0.465517
01/16/2023 13:00,0.706897
01/16/2023 14:00,0.672414
01/16/2023 15:00,0.431034
01/16/2023 16:00,0.0
01/16/2023 17:00,0.0
01/16/2023 18:00,0.0
01/16/2023 19:00,0.0
01/16/2023 20:00,0.137931
01/16/2023 21:00,0.0
01/16/2023 22:00,0.37931
01/16/2023 23:00,0.0
01/17/2023 00:00,0.275862
01/17/2023 01:00,0.0
01/17/2023 02:00,0.0
01/17/2023 03:00,0.0
01/17/2023 04:00,0.0
01/17/2023 05:00,0.0
01/17/2023 06:00,0.241379
01/17/2023 07:00,0.241379
01/17/2023 08:00,0.241379
01/17/2023 09:00,0.241379
01/17/2023 10:00,0.258621
01/17/2023 11:00,0.0
01/17/2023 12:00,0.327586
01/17/2023 13:00,0.534483
01/17/2023 14:00,0.5
01/17/2023 15:00,0.327586
01/17/2023 16:00,0.0
01/17/2023 17:00,0.0
01/17/2023 18:00,0.0
01/17/2023 19:00,0.0
01/17/2023 20:00,0.206897
01/17/2023 21:00,0.0
01/17/2023 22:00,0.103448
01/17/2023 23:00,0.0
01/18/2023 00:00,0.172414
01/18/2023 01:00,0.0
01/18/2023 02:00,0.0
01/18/2023 03:00,0.0
01/18/2023 04:00,0.0
01/18/2023 05:00,0.0
01/18/2023 06:00,0.12069
01/18/2023 07:00,0.0
01/18/2023 08:00,0.0
01/18/2023 09:00,0.0
01/18/2023 10:00,0.0
01/18/2023 11:00,0.172414
01/18/2023 12:00,0.224138
01/18/2023 13:00,0.241379
01/18/2023 14:00,0.0
01/18/2023 15:00,0.0
01/18/2023 16:00,0.0
01/18/2023 17:00,0.0
01/18/2023 18:00,0.0
01/18/2023 19:00,0.0
01/18/2023 20:00,0.0
01/18/2023 21:00,0.0
01/18/2023 22:00,0.137931
01/18/2023 23:00,0.0
01/19/2023 00:00,0.0
01/19/2023 01:00,0.189655
01/19/2023 02:00,0.172414
01/19/2023 03:00,0.0
01/19/2023 04:00,0.137931
01/19/2023 05:00,0.0
01/19/2023 06:00,0.12069
01/19/2023 07:00,0.0
01/19/2023 08:00,0.0
01/19/2023 09:00,0.0
01/19/2023 10:00,0.0
01/19/2023 11:00,0.155172
01/19/2023 12:00,0.206897
01/19/2023 13:00,0.241379
01/19/2023 14:00,0.0
01/19/2023 15:00,0.0
01/19/2023 16:00,0.0
01/19/2023 17:00,0.0
01/19/2023 18:00,0.0
01/19/2023 19:00,0.0
01/19/2023 20:00,0.0
01/19/2023 21:00,0.0
01/19/2023 22:00,0.103448
01/19/2023 23:00,0.0
01/20/2023 00:00,0.0
01/20/2023 01:00,0.172414
01/20/2023 02:00,0.172414
01/20/2023 03:00,0.0
01/20/2023 04:00,0.155172
01/20/2023 05:00,0.0
01/20/2023 06:00,0.12069
01/20/2023 07:00,0.0
01/20/2023 08:00,0.0
01/20/2023 09:00,0.0
01/20/2023 10:00,0.0
01/20/2023 11:00,0.189655
01/20/2023 12:00,0.224138
01/20/2023 13:00,0.258621
01/20/2023 14:00,0.0
01/20/2023 15:00,0.0
01/20/2023 16:00,0.0
01/20/2023 17:00,0.0
01/20/2023 18:00,0.0
01/20/2023 19:00,0.0
01/20/2023 20:00,0.0
01/20/2023 21:00,0.0
01/20/2023 22:00,0.051724
01/20/2023 23:00,0.0
01/21/2023 00:00,0.0
01/21/2023 01:00,0.189655
01/21/2023 02:00,0.189655
01/21/2023 03:00,0.0
01/21/2023 04:00,0.189655
01/21/2023 05:00,0.0
01/21/2023 06:00,0.155172
01/21/2023 07:00,0.0
01/21/2023 08:00,0.0
01/21/2023 09:00,0.0
01/21/2023 10:00,0.0
01/21/2023 11:00,0.172414
01/21/2023 12:00,0.172414
01/21/2023 13:00,0.206897
01/21/2023 14:00,0.0
01/21/2023 15:00,0.0
01/21/2023 16:00,0.0
01/21/2023 17:00,0.0
01/21/2023 18:00,0.0
01/21/2023 19:00,0.0
01/21/2023 20:00,0.0
01/21/2023 21:00,0.0
01/21/2023 22:00,0.155172
01/21/2023 23:00,0.0
01/22/2023 00:00,0.0
01/22/2023 01:00,0.206897
01/22/2023 02:00,0.224138
01/22/2023 03:00,0.0
01/22/2023 04:00,0.189655
01/22/2023 05:00,0.0
01/22/2023 06:00,0.0
01/22/2023 07:00,0.0
01/22/2023 08:00,0.0
01/22/2023 09:00,0.0
01/22/2023 10:00,0.0
01/22/2023 11:00,0.155172
01/22/2023 12:00,0.155172
01/22/2023 13:00,0.172414
01/22/2023 14:00,0.0
01/22/2023 15:00,0.0
01/22/2023 16:00,0.0
01/22/2023 17:00,0.0
01/22/2023 18:00,0.0
01/22/2023 19:00,0.0
01/22/2023 20:00,0.0
01/22/2023 21:00,0.0
01/22/2023 22:00,0.137931
01/22/2023 23:00,0.0
01/23/2023 00:00,0.0
01/23/2023 01:00,0.189655
01/23/2023 02:00,0.189655
01/23/2023 03:00,0.0
01/23/2023 04:00,0.155172
01/23/2023 05:00,0.0
01/23/2023 06:00,0.155172
01/23/2023 07:00,0.0
01/23/2023 08:00,0.0
01/23/2023 09:00,0.0
01/23/2023 10:00,0.0
01/23/2023 11:00,0.224138
01/23/2023 12:00,0.275862
01/23/2023 13:00,0.327586
01/23/2023 14:00,0.0
01/23/2023 15:00,0.0
01/23/2023 16:00,0.0
01/23/2023 17:00,0.0
01/23/2023 18:00,0.0
01/23/2023 19:00,0.0
01/23/2023 20:00,0.0
01/23/2023 21:00,0.0
01/23/2023 22:00,-0.017241
01/23/2023 23:00,0.0
01/24/2023 00:00,0.0
01/24/2023 01:00,0.241379
01/24/2023 02:00,0.224138
01/24/2023 03:00,0.0
01/24/2023 04:00,0.224138
01/24/2023 05:00,0.0
01/24/2023 06:00,0.0
01/24/2023 07:00,0.0
01/24/2023 08:00,0.0
01/24/2023 09:00,0.0
01/24/2023 10:00,0.0
01/24/2023 11:00,0.310345
01/24/2023 12:00,0.362069
01/24/2023 13:00,0.431034
01/24/2023 14:00,0.0
01/24/2023 15:00,0.0
01/24/2023 16:00,0.0
01/24/2023 17:00,0.0
01/24/2023 18:00,0.0
01/24/2023 19:00,0.0
01/24/2023 20:00,0.0
01/24/2023 21:00,0.0
01/24/2023 22:00,0.051724
01/24/2023 23:00,0.0
01/25/2023 00:00,0.0
01/25/2023 01:00,0.241379
01/25/2023 02:00,0.241379
01/25/2023 03:00,0.0
01/25/2023 04:00,0.206897
01/25/2023 05:00,0.0
01/25/2023 06:00,
01/25/2023 07:00,
01/25/2023 08:00,
01/25/2023 09:00,
01/25/2023 10:00,
01/25/2023 11:00,
01/25/2023 12:00,
01/25/2023 13:00,
01/25/2023 14:00,
01/25/2023 15:00,
01/25/2023 16:00,
01/25/2023 17:00,
01/25/2023 18:00,
01/25/2023 19:00,
01/25/2023 20:00,
01/25/2023 21:00,
01/25/2023 22:00,
01/25/2023 23:00,
01/26/2023 00:00,
01/26/2023 01:00,
01/26/2023 02:00,
01/26/2023 03:00,
01/26/2023 04:00,
01/26/2023 05:00,0.0
01/26/2023 06:00,0.0
01/26/2023 07:00,0.0
01/26/2023 08:00,0.0
01/26/2023 09:00,0.0
01/26/2023 10:00,0.0
01/26/2023 11:00,0.275862
01/26/2023 12:00,0.344828
01/26/2023 13:00,0.396552
01/26/2023 14:00,0.0
01/26/2023 15:00,0.0
01/26/2023 16:00,0.0
01/26/2023 17:00,0.0
01/26/2023 18:00,0.0
01/26/2023 19:00,0.0
01/26/2023 20:00,0.0
01/26/2023 21:00,0.0
01/26/2023 22:00,0.017241
01/26/2023 23:00,0.0
01/27/2023 00:00,0.0
01/27/2023 01:00,0.293103
01/27/2023 02:00,0.310345
01/27/2023 03:00,0.0
01/27/2023 04:00,0.310345
01/27/2023 05:00,0.0
01/27/2023 06:00,0.275862
01/27/2023 07:00,0.0
01/27/2023 08:00,0.0
01/27/2023 09:00,0.0
01/27/2023 10:00,0.0
01/27/2023 11:00,0.362069
01/27/2023 12:00,0.431034
01/27/2023 13:00,0.465517
01/27/2023 14:00,0.0
01/27/2023 15:00,0.0
01/27/2023 16:00,0.0
01/27/2023 17:00,0.0
01/27/2023 18:00,0.0
01/27/2023 19:00,0.0
01/27/2023 20:00,0.0
01/27/2023 21:00,0.0
01/27/2023 22:00,0.0
01/27/2023 23:00,0.0
01/28/2023 00:00,0.0
01/28/2023 01:00,0.310345
01/28/2023 02:00,0.293103
01/28/2023 03:00,0.0
01/28/2023 04:00,0.310345
01/28/2023 05:00,0.0
01/28/2023 06:00,0.327586
01/28/2023 07:00,0.0
01/28/2023 08:00,0.0
01/28/2023 09:00,0.0
01/28/2023 10:00,0.0
01/28/2023 11:00,0.413793
01/28/2023 12:00,0.431034
01/28/2023 13:00,0.448276
01/28/2023 14:00,0.0
01/28/2023 15:00,0.0
01/28/2023 16:00,0.0
01/28/2023 17:00,0.0
01/28/2023 18:00,0.0
01/28/2023 19:00,0.0
01/28/2023 20:00,0.0
01/28/2023 21:00,0.0
01/28/2023 22:00,-0.034483
01/28/2023 23:00,0.0
01/29/2023 00:00,0.0
01/29/2023 01:00,0.258621
01/29/2023 02:00,0.275862
01/29/2023 03:00,0.0
01/29/2023 04:00,0.275862
01/29/2023 05:00,0.0
01/29/2023 06:00,0.258621
01/29/2023 07:00,0.0
01/29/2023 08:00,0.0
01/29/2023 09:00,0.0
01/29/2023 10:00,0.0
01/29/2023 11:00,0.241379
01/29/2023 12:00,0.241379
01/29/2023 13:00,0.258621
01/29/2023 14:00,0.0
01/29/2023 15:00,0.0
01/29/2023 16:00,0.0
01/29/2023 17:00,0.0
01/29/2023 18:00,0.0
01/29/2023 19:00,0.0
01/29/2023 20:00,0.0
01/29/2023 21:00,0.0
01/29/2023 22:00,0.155172
01/29/2023 23:00,0.0
01/30/2023 00:00,0.0
01/30/2023 01:00,0.189655
01/30/2023 02:00,0.189655
01/30/2023 03:00,0.0
01/30/2023 04:00,0.172414
01/30/2023 05:00,0.0
01/30/2023 06:00,0.12069
01/30/2023 07:00,0.0
01/30/2023 08:00,0.0
01/30/2023 09:00,0.0
01/30/2023 10:00,0.0
01/30/2023 11:00,0.172414
01/30/2023 12:00,0.224138
01/30/2023 13:00,0.241379
01/30/2023 14:00,0.0
01/30/2023 15:00,0.0
01/30/2023 16:00,0.0
01/30/2023 17:00,0.0
01/30/2023 18:00,0.0
01/30/2023 19:00,0.0
01/30/2023 20:00,0.0
01/30/2023 21:00,0.0
01/30/2023 22:00,0.051724
01/30/2023 23:00,0.0
01/31/2023 00:00,0.0
01/31/2023 01:00,0.206897
01/31/2023 02:00,0.189655
01/31/2023 03:00,0.0
01/31/2023 04:00,0.155172
01/31/2023 05:00,0.0
01/31/2023 06:00,0.12069
01/31/2023 07:00,0.0
01/31/2023 08:00,0.0
01/31/2023 09:00,0.0
01/31/2023 10:00,0.0
01/31/2023 11:00,0.155172
01/31/2023 12:00,0.206897
01/31/2023 13:00,0.241379
01/31/2023 14:00,0.0
01/31/2023 15:00,0.0
01/31/2023 16:00,0.0
01/31/2023 17:00,0.0
01/31/2023 18:00,0.0
01/31/2023 19:00,0.0
01/31/2023 20:00,0.0
01/31/2023 21:00,0.0
01/31/2023 22:00,0.137931
01/31/2023 23:00,0.0
02/01/2023 00:00,0.0
02/01/2023 01:00,0.189655
02/01/2023 02:00,0.189655
02/01/2023 03:00,0.0
02/01/2023 04:00,0.155172
02/01/2023 05:00,0.0
02/01/2023 06:00,0.0
02/01/2023 07:00,0.0
02/01/2023 08:00,0.0
02/01/2023 09:00,0.0
02/01/2023 10:00,0.0
02/01/2023 11:00,0.172414
02/01/2023 12:00,0.206897
02/01/2023 13:00,0.224138
02/01/2023 14:00,0.0
02/01/2023 15:00,0.0
02/01/2023 16:00,0.0
02/01/2023 17:00,0.0
02/01/2023 18:00,0.0
02/01/2023 19:00,0.0
02/01/2023 20:00,0.0
02/01/2023 21:00,0.0
02/01/2023 22:00,0.034483
02/01/2023 23:00,0.0
02/02/2023 00:00,0.0
02/02/2023 01:00,0.206897
02/02/2023 02:00,0.189655
02/02/2023 03:00,0.0
02/02/2023 04:00,0.155172
02/02/2023 05:00,0.0
02/02/2023 06:00,0.12069
02/02/2023 07:00,0.0
02/02/2023 08:00,0.0
02/02/2023 09:00,0.0
02/02/2023 10:00,0.0
02/02/2023 11:00,0.172414
02/02/2023 12:00,0.224138
02/02/2023 13:00,0.241379
02/02/2023 14:00,0.0
02/02/2023 15:00,0.0
02/02/2023 16:00,0.0
02/02/2023 17:00,0.0
02/02/2023 18:00,0.0
02/02/2023 19:00,0.0
02/02/2023 20:00,0.0
02/02/2023 21:00,0.0
02/02/2023 22:00,0.137931
02/02/2023 23:00,0.0
02/03/2023 00:00,0.0
02/03/2023 01:00,0.189655
02/03/2023 02:00,0.189655
02/03/2023 03:00,0.0
02/03/2023 04:00,0.155172
02/03/2023 05:00,0.0
02/03/2023 06:00,0.12069
02/03/2023 07:00,0.0
02/03/2023 08:00,0.0
02/03/2023 09:00,0.0
02/03/2023 10:00,0.0
02/03/2023 11:00,0.172414
02/03/2023 12:00,0.206897
02/03/2023 13:00,0.241379
02/03/2023 14:00,0.0
02/03/2023 15:00,0.0
02/03/2023 16:00,0.0
02/03/2023 17:00,0.0
02/03/2023 18:00,0.0
02/03/2023 19:00,0.0
02/03/2023 20:00,0.0
02/03/2023 21:00,0.0
02/03/2023 22:00,-0.103448
02/03/2023 23:00,0.0
02/04/2023 00:00,0.0
02/04/2023 01:00,0.224138
02/04/2023 02:00,0.224138
02/04/2023 03:00,0.0
02/04/2023 04:00,0.241379
02/04/2023 05:00,0.0
02/04/2023 06:00,0.206897
02/04/2023 07:00,0.0
02/04/2023 08:00,0.0
02/04/2023 09:00,0.0
02/04/2023 10:00,0.0
02/04/2023 11:00,0.275862
02/04/2023 12:00,0.310345
02/04/2023 13:00,0.310345
02/04/2023 14:00,0.0
02/04/2023 15:00,0.0
02/04/2023 16:00,0.0
02/04/2023 17:00,0.0
02/04/2023 18:00,0.0
02/04/2023 19:00,0.0
02/04/2023 20:00,0.0
02/04/2023 21:00,0.0
02/04/2023 22:00,-0.086207
02/04/2023 23:00,0.0
02/05/2023 00:00,0.0
02/05/2023 01:00,0.206897
02/05/2023 02:00,0.206897
02/05/2023 03:00,0.0
02/05/2023 04:00,0.206897
02/05/2023 05:00,0.0
02/05/2023 06:00,0.0
02/05/2023 07:00,0.0
02/05/2023 08:00,0.0
02/05/2023 09:00,0.0
02/05/2023 10:00,0.0
02/05/2023 11:00,0.189655
02/05/2023 12:00,0.189655
02/05/2023 13:00,0.224138
02/05/2023 14:00,0.0
02/05/2023 15:00,0.0
02/05/2023 16:00,0.0
02/05/2023 17:00,0.0
02/05/2023 18:00,0.0
02/05/2023 19:00,0.0
02/05/2023 20:00,0.0
02/05/2023 21:00,0.0
02/05/2023 22:00,0.051724
02/05/2023 23:00,0.0
02/06/2023 00:00,0.0
02/06/2023 01:00,0.189655
02/06/2023 02:00,0.189655
02/06/2023 03:00,0.0
02/06/2023 04:00,0.172414
02/06/2023 05:00,0.0
02/06/2023 06:00,0.155172
02/06/2023 07:00,0.0
02/06/2023 08:00,0.0
02/06/2023 09:00,0.0
02/06/2023 10:00,0.0
02/06/2023 11:00,0.206897
02/06/2023 12:00,0.275862
02/06/2023 13:00,0.310345
02/06/2023 14:00,0.0
02/06/2023 15:00,0.0
02/06/2023 16:00,0.0
02/06/2023 17:00,0.0
02/06/2023 18:00,0.0
02/06/2023 19:00,0.0
02/06/2023 20:00,0.0
02/06/2023 21:00,0.0
02/06/2023 22:00,-0.051724
02/06/2023 23:00,0.0
02/07/2023 00:00,0.0
02/07/2023 01:00,0.189655
02/07/2023 02:00,0.189655
02/07/2023 03:00,0.0
02/07/2023 04:00,0.172414
02/07/2023 05:00,0.0
02/07/2023 06:00,0.0
02/07/2023 07:00,0.0
02/07/2023 08:00,0.0
02/07/2023 09:00,0.0
02/07/2023 10:00,0.0
02/07/2023 11:00,0.224138
02/07/2023 12:00,0.293103
02/07/2023 13:00,0.327586
02/07/2023 14:00,0.0
02/07/2023 15:00,0.0
02/07/2023 16:00,0.0
02/07/2023 17:00,0.0
02/07/2023 18:00,0.0
02/07/2023 19:00,0.0
02/07/2023 20:00,0.0
02/07/2023 21:00,0.0
02/07/2023 22:00,0.172414
02/07/2023 23:00,0.0
02/08/2023 00:00,0.0
02/08/2023 01:00,0.189655
02/08/2023 02:00,0.189655
02/08/2023 03:00,0.0
02/08/2023 04:00,0.155172
02/08/2023 05:00,0.0
02/08/2023 06:00,0.137931
02/08/2023 07:00,0.0
02/08/2023 08:00,0.0
02/08/2023 09:00,0.0
02/08/2023 10:00,0.0
02/08/2023 11:00,0.189655
02/08/2023 12:00,0.241379
02/08/2023 13:00,0.258621
02/08/2023 14:00,0.0
02/08/2023 15:00,0.0
02/08/2023 16:00,0.0
02/08/2023 17:00,0.0
02/08/2023 18:00,0.0
02/08/2023 19:00,0.0
02/08/2023 20:00,0.0
02/08/2023 21:00,0.0
02/08/2023 22:00,0.068966
02/08/2023 23:00,0.0
02/09/2023 00:00,0.0
02/09/2023 01:00,0.189655
02/09/2023 02:00,0.189655
02/09/2023 03:00,0.0
02/09/2023 04:00,0.155172
02/09/2023 05:00,0.0
02/09/2023 06:00,0.12069
02/09/2023 07:00,0.0
02/09/2023 08:00,0.0
02/09/2023 09:00,0.0
02/09/2023 10:00,0.0
02/09/2023 11:00,0.172414
02/09/2023 12:00,0.224138
02/09/2023 13:00,0.241379
02/09/2023 14:00,0.0
02/09/2023 15:00,0.0
02/09/2023 16:00,0.0
02/09/2023 17:00,0.0
02/09/2023 18:00,0.0
02/09/2023 19:00,0.0
02/09/2023 20:00,0.0
02/09/2023 21:00,0.0
02/09/2023 22:00,0.137931
02/09/2023 23:00,0.0
02/10/2023 00:00,0.0
02/10/2023 01:00,0.189655
02/10/2023 02:00,0.172414
02/10/2023 03:00,0.0
02/10/2023 04:00,0.155172
02/10/2023 05:00,0.0
02/10/2023 06:00,0.12069
02/10/2023 07:00,0.0
02/10/2023 08:00,0.0
02/10/2023 09:00,0.0
02/10/2023 10:00,0.0
02/10/2023 11:00,0.155172
02/10/2023 12:00,0.189655
02/10/2023 13:00,0.206897
02/10/2023 14:00,0.0
02/10/2023 15:00,0.0
02/10/2023 16:00,0.0
02/10/2023 17:00,0.0
02/10/2023 18:00,0.0
02/10/2023 19:00,0.0
02/10/2023 20:00,0.0
02/10/2023 21:00,0.0
02/10/2023 22:00,0.155172
02/10/2023 23:00,0.0
02/11/2023 00:00,0.0
02/11/2023 01:00,0.172414
02/11/2023 02:00,0.172414
02/11/2023 03:00,0.0
02/11/2023 04:00,0.155172
02/11/2023 05:00,0.0
02/11/2023 06:00,0.137931
02/11/2023 07:00,0.0
02/11/2023 08:00,0.0
02/11/2023 09:00,0.0
02/11/2023 10:00,0.0
02/11/2023 11:00,0.155172
02/11/2023 12:00,0.172414
02/11/2023 13:00,0.172414
02/11/2023 14:00,0.0
02/11/2023 15:00,0.0
02/11/2023 16:00,0.0
02/11/2023 17:00,0.0
02/11/2023 18:00,0.0
02/11/2023 19:00,0.0
02/11/2023 20:00,0.0
02/11/2023 21:00,0.0
02/11/2023 22:00,0.172414
02/11/2023 23:00,0.0
02/12/2023 00:00,0.0
02/12/2023 01:00,0.206897
02/12/2023 02:00,0.206897
02/12/2023 03:00,0.0
02/12/2023 04:00,0.189655
02/12/2023 05:00,0.0
02/12/2023 06:00,0.155172
02/12/2023 07:00,0.0
02/12/2023 08:00,0.0
02/12/2023 09:00,0.0
02/12/2023 10:00,0.0
02/12/2023 11:00,0.172414
02/12/2023 12:00,0.189655
02/12/2023 13:00,0.206897
02/12/2023 14:00,0.0
02/12/2023 15:00,0.0
02/12/2023 16:00,0.0
02/12/2023 17:00,0.0
02/12/2023 18:00,0.0
02/12/2023 19:00,0.0
02/12/2023 20:00,0.0
02/12/2023 21:00,0.0
02/12/2023 22:00,0.086207
02/12/2023 23:00,0.0
02/13/2023 00:00,0.0
02/13/2023 01:00,0.224138
02/13/2023 02:00,0.224138
02/13/2023 03:00,0.0
02/13/2023 04:00,0.224138
02/13/2023 05:00,0.0
02/13/2023 06:00,0.206897
02/13/2023 07:00,0.0
02/13/2023 08:00,0.0
02/13/2023 09:00,0.0
02/13/2023 10:00,0.0
02/13/2023 11:00,0.310345
02/13/2023 12:00,0.362069
02/13/2023 13:00,0.396552
02/13/2023 14:00,0.0
02/13/2023 15:00,0.0
02/13/2023 16:00,0.0
02/13/2023 17:00,0.0
02/13/2023 18:00,0.0
02/13/2023 19:00,0.0
02/13/2023 20:00,0.0
02/13/2023 21:00,0.0
02/13/2023 22:00,-0.051724
02/13/2023 23:00,0.0
02/14/2023 00:00,0.0
02/14/2023 01:00,0.206897
02/14/2023 02:00,0.224138
02/14/2023 03:00,0.0
02/14/2023 04:00,0.206897
02/14/2023 05:00,0.0
02/14/2023 06:00,0.172414
02/14/2023 07:00,0.0
02/14/2023 08:00,0.0
02/14/2023 09:00,0.0
02/14/2023 10:00,0.0
02/14/2023 11:00,0.275862
02/14/2023 12:00,0.344828
02/14/2023 13:00,0.37931
02/14/2023 14:00,0.0
02/14/2023 15:00,0.0
02/14/2023 16:00,0.0
02/14/2023 17:00,0.0
02/14/2023 18:00,0.0
02/14/2023 19:00,0.0
02/14/2023 20:00,0.0
02/14/2023 21:00,0.0
02/14/2023 22:00,-0.068966
02/14/2023 23:00,0.0
02/15/2023 00:00,0.0
02/15/2023 01:00,0.189655
02/15/2023 02:00,0.189655
02/15/2023 03:00,0.0
02/15/2023 04:00,0.172414
02/15/2023 05:00,0.0
02/15/2023 06:00,0.0
02/15/2023 07:00,0.0
02/15/2023 08:00,0.0
02/15/2023 09:00,0.0
02/15/2023 10:00,0.0
02/15/2023 11:00,0.224138
02/15/2023 12:00,0.275862
02/15/2023 13:00,0.0
02/15/2023 14:00,0.0
02/15/2023 15:00,0.0
02/15/2023 16:00,0.0
02/15/2023 17:00,0.0
02/15/2023 18:00,0.0
02/15/2023 19:00,0.0
02/15/2023 20:00,-0.017241
02/15/2023 21:00,0.0
02/15/2023 22:00,0.017241
02/15/2023 23:00,0.137931
02/16/2023 00:00,0.172414
02/16/2023 01:00,0.0
02/16/2023 02:00,0.189655
02/16/2023 03:00,0.172414
02/16/2023 04:00,0.155172
02/16/2023 05:00,0.0
02/16/2023 06:00,0.0
02/16/2023 07:00,0.0
02/16/2023 08:00,0.0
02/16/2023 09:00,0.0
02/16/2023 10:00,0.137931
02/16/2023 11:00,0.172414
02/16/2023 12:00,0.206897
02/16/2023 13:00,0.0
02/16/2023 14:00,0.189655
02/16/2023 15:00,0.0
02/16/2023 16:00,-0.137931
02/16/2023 17:00,-0.068966
02/16/2023 18:00,-0.017241
02/16/2023 19:00,0.0
02/16/2023 20:00,0.0
02/16/2023 21:00,0.086207
02/16/2023 22:00,0.0
02/16/2023 23:00,0.0
02/17/2023 00:00,0.189655
02/17/2023 01:00,0.0
02/17/2023 02:00,0.0
02/17/2023 03:00,0.172414
02/17/2023 04:00,0.155172
02/17/2023 05:00,0.0
02/17/2023 06:00,0.0
02/17/2023 07:00,0.0
02/17/2023 08:00,0.0
02/17/2023 09:00,0.0
02/17/2023 10:00,0.137931
02/17/2023 11:00,0.172414
02/17/2023 12:00,0.206897
02/17/2023 13:00,0.0
02/17/2023 14:00,0.224138
02/17/2023 15:00,0.0
02/17/2023 16:00,0.206897
02/17/2023 17:00,0.172414
02/17/2023 18:00,0.051724
02/17/2023 19:00,0.0
02/17/2023 20:00,0.0
02/17/2023 21:00,-0.137931
02/17/2023 22:00,0.0
02/17/2023 23:00,0.0
02/18/2023 00:00,0.224138
02/18/2023 01:00,0.0
02/18/2023 02:00,0.0
02/18/2023 03:00,0.258621
02/18/2023 04:00,0.258621
02/18/2023 05:00,0.0
02/18/2023 06:00,0.0
02/18/2023 07:00,0.0
02/18/2023 08:00,0.0
02/18/2023 09:00,0.0
02/18/2023 10:00,0.293103
02/18/2023 11:00,0.310345
02/18/2023 12:00,0.344828
02/18/2023 13:00,0.0
02/18/2023 14:00,0.189655
02/18/2023 15:00,0.0
02/18/2023 16:00,-0.137931
02/18/2023 17:00,-0.241379
02/18/2023 18:00,-0.310345
02/18/2023 19:00,0.0
02/18/2023 20:00,0.0
02/18/2023 21:00,-0.224138
02/18/2023 22:00,0.0
02/18/2023 23:00,0.0
02/19/2023 00:00,0.206897
02/19/2023 01:00,0.0
02/19/2023 02:00,0.0
02/19/2023 03:00,0.241379
02/19/2023 04:00,0.224138
02/19/2023 05:00,0.0
02/19/2023 06:00,0.0
02/19/2023 07:00,0.0
02/19/2023 08:00,0.0
02/19/2023 09:00,0.0
02/19/2023 10:00,0.206897
02/19/2023 11:00,0.224138
02/19/2023 12:00,0.224138
02/19/2023 13:00,0.0
02/19/2023 14:00,0.172414
02/19/2023 15:00,0.0
02/19/2023 16:00,-0.172414
02/19/2023 17:00,-0.206897
02/19/2023 18:00,-0.310345
02/19/2023 19:00,0.0
02/19/2023 20:00,0.0
02/19/2023 21:00,-0.206897
02/19/2023 22:00,0.0
02/19/2023 23:00,0.0
02/20/2023 00:00,0.172414
02/20/2023 01:00,0.0
02/20/2023 02:00,0.0
02/20/2023 03:00,0.189655
02/20/2023 04:00,0.172414
02/20/2023 05:00,0.0
02/20/2023 06:00,0.0
02/20/2023 07:00,0.0
02/20/2023 08:00,0.0
02/20/2023 09:00,0.0
02/20/2023 10:00,0.172414
02/20/2023 11:00,0.206897
02/20/2023 12:00,0.258621
02/20/2023 13:00,0.0
02/20/2023 14:00,0.155172
02/20/2023 15:00,0.0
02/20/2023 16:00,-0.137931
02/20/2023 17:00,-0.206897
02/20/2023 18:00,-0.241379
02/20/2023 19:00,0.0
02/20/2023 20:00,0.0
02/20/2023 21:00,-0.137931
02/20/2023 22:00,0.0
02/20/2023 23:00,0.0
02/21/2023 00:00,0.172414
02/21/2023 01:00,0.0
02/21/2023 02:00,0.0
02/21/2023 03:00,0.172414
02/21/2023 04:00,0.155172
02/21/2023 05:00,0.0
02/21/2023 06:00,0.0
02/21/2023 07:00,0.0
02/21/2023 08:00,0.0
02/21/2023 09:00,0.0
02/21/2023 10:00,0.12069
02/21/2023 11:00,0.155172
02/21/2023 12:00,0.206897
02/21/2023 13:00,0.0
02/21/2023 14:00,0.189655
02/21/2023 15:00,0.0
02/21/2023 16:00,0.017241
02/21/2023 17:00,0.189655
02/21/2023 18:00,0.103448
02/21/2023 19:00,0.0
02/21/2023 20:00,0.0
02/21/2023 21:00,0.068966
02/21/2023 22:00,0.0
02/21/2023 23:00,0.0
02/22/2023 00:00,0.172414
02/22/2023 01:00,0.0
02/22/2023 02:00,0.0
02/22/2023 03:00,0.172414
02/22/2023 04:00,0.155172
02/22/2023 05:00,0.0
02/22/2023 06:00,0.0
02/22/2023 07:00,0.0
02/22/2023 08:00,0.0
02/22/2023 09:00,0.0
02/22/2023 10:00,0.137931
02/22/2023 11:00,0.172414
02/22/2023 12:00,0.224138
02/22/2023 13:00,0.0
02/22/2023 14:00,0.172414
02/22/2023 15:00,0.0
02/22/2023 16:00,-0.051724
02/22/2023 17:00,-0.086207
02/22/2023 18:00,-0.137931
02/22/2023 19:00,0.0
02/22/2023 20:00,0.0
02/22/2023 21:00,0.034483
02/22/2023 22:00,0.0
02/22/2023 23:00,0.0
02/23/2023 00:00,0.172414
02/23/2023 01:00,0.0
02/23/2023 02:00,0.0
02/23/2023 03:00,0.172414
02/23/2023 04:00,0.155172
02/23/2023 05:00,0.0
02/23/2023 06:00,0.0
02/23/2023 07:00,0.0
02/23/2023 08:00,0.0
02/23/2023 09:00,0.0
02/23/2023 10:00,0.137931
02/23/2023 11:00,0.172414
02/23/2023 12:00,0.206897
02/23/2023 13:00,0.0
02/23/2023 14:00,0.155172
02/23/2023 15:00,0.0
02/23/2023 16:00,0.155172
02/23/2023 17:00,0.137931
02/23/2023 18:00,0.137931
02/23/2023 19:00,0.0
02/23/2023 20:00,0.0
02/23/2023 21:00,0.103448
02/23/2023 22:00,0.0
02/23/2023 23:00,0.0
02/24/2023 00:00,0.206897
02/24/2023 01:00,0.0
02/24/2023 02:00,0.0
02/24/2023 03:00,0.206897
02/24/2023 04:00,0.172414
02/24/2023 05:00,0.0
02/24/2023 06:00,0.0
02/24/2023 07:00,0.0
02/24/2023 08:00,0.0
02/24/2023 09:00,0.0
02/24/2023 10:00,0.137931
02/24/2023 11:00,0.137931
02/24/2023 12:00,0.172414
02/24/2023 13:00,0.0
02/24/2023 14:00,0.137931
02/24/2023 15:00,0.0
02/24/2023 16:00,-0.017241
02/24/2023 17:00,-0.086207
02/24/2023 18:00,-0.155172
02/24/2023 19:00,0.0
02/24/2023 20:00,0.0
02/24/2023 21:00,0.12069
02/24/2023 22:00,0.0
02/24/2023 23:00,0.0
02/25/2023 00:00,0.189655
02/25/2023 01:00,0.0
02/25/2023 02:00,0.0
02/25/2023 03:00,0.189655
02/25/2023 04:00,0.155172
02/25/2023 05:00,0.0
02/25/2023 06:00,0.0
02/25/2023 07:00,0.0
02/25/2023 08:00,0.0
02/25/2023 09:00,0.0
02/25/2023 10:00,0.103448
02/25/2023 11:00,0.12069
02/25/2023 12:00,0.12069
02/25/2023 13:00,0.0
02/25/2023 14:00,0.103448
02/25/2023 15:00,0.0
02/25/2023 16:00,0.068966
02/25/2023 17:00,0.051724
02/25/2023 18:00,0.051724
02/25/2023 19:00,0.0
02/25/2023 20:00,0.0
02/25/2023 21:00,-0.051724
02/25/2023 22:00,0.0
02/25/2023 23:00,0.0
02/26/2023 00:00,0.172414
02/26/2023 01:00,0.0
02/26/2023 02:00,0.0
02/26/2023 03:00,0.172414
02/26/2023 04:00,0.155172
02/26/2023 05:00,0.0
02/26/2023 06:00,0.137931
02/26/2023 07:00,0.0
02/26/2023 08:00,0.0
02/26/2023 09:00,0.0
02/26/2023 10:00,0.103448
02/26/2023 11:00,0.103448
02/26/2023 12:00,0.103448
02/26/2023 13:00,0.0
02/26/2023 14:00,0.051724
02/26/2023 15:00,0.0
02/26/2023 16:00,-0.155172
02/26/2023 17:00,-0.241379
02/26/2023 18:00,-0.224138
02/26/2023 19:00,0.0
02/26/2023 20:00,0.0
02/26/2023 21:00,-0.034483
02/26/2023 22:00,0.0
02/26/2023 23:00,0.0
02/27/2023 00:00,0.189655
02/27/2023 01:00,0.0
02/27/2023 02:00,0.0
02/27/2023 03:00,0.172414
02/27/2023 04:00,0.155172
02/27/2023 05:00,0.0
02/27/2023 06:00,0.12069
02/27/2023 07:00,0.0
02/27/2023 08:00,0.0
02/27/2023 09:00,0.0
02/27/2023 10:00,0.12069
02/27/2023 11:00,0.155172
02/27/2023 12:00,0.206897
02/27/2023 13:00,0.0
02/27/2023 14:00,0.103448
02/27/2023 15:00,0.0
02/27/2023 16:00,-0.017241
02/27/2023 17:00,0.034483
02/27/2023 18:00,-0.137931
02/27/2023 19:00,0.0
02/27/2023 20:00,0.0
02/27/2023 21:00,-0.017241
02/27/2023 22:00,0.0
02/27/2023 23:00,0.0
02/28/2023 00:00,0.189655
02/28/2023 01:00,0.0
02/28/2023 02:00,0.0
02/28/2023 03:00,0.206897
02/28/2023 04:00,0.189655
02/28/2023 05:00,0.0
02/28/2023 06:00,0.0
02/28/2023 07:00,0.0
02/28/2023 08:00,0.0
02/28/2023 09:00,0.0
02/28/2023 10:00,0.137931
02/28/2023 11:00,0.189655
02/28/2023 12:00,0.224138
02/28/2023 13:00,0.0
02/28/2023 14:00,0.172414
02/28/2023 15:00,0.0
02/28/2023 16:00,-0.017241
02/28/2023 17:00,0.0
02/28/2023 18:00,0.051724
02/28/2023 19:00,0.0
02/28/2023 20:00,0.0
02/28/2023 21:00,0.068966
02/28/2023 22:00,0.0
02/28/2023 23:00,0.0
03/01/2023 00:00,0.224138
03/01/2023 01:00,0.0
03/01/2023 02:00,0.0
03/01/2023 03:00,0.206897
03/01/2023 04:00,0.189655
03/01/2023 05:00,0.0
03/01/2023 06:00,0.0
03/01/2023 07:00,0.0
03/01/2023 08:00,0.0
03/01/2023 09:00,0.0
03/01/2023 10:00,0.137931
03/01/2023 11:00,0.172414
03/01/2023 12:00,0.206897
03/01/2023 13:00,0.0
03/01/2023 14:00,0.189655
03/01/2023 15:00,0.0
03/01/2023 16:00,0.137931
03/01/2023 17:00,0.051724
03/01/2023 18:00,-0.034483
03/01/2023 19:00,0.0
03/01/2023 20:00,0.0
03/01/2023 21:00,0.103448
03/01/2023 22:00,0.0
03/01/2023 23:00,0.0
03/02/2023 00:00,0.206897
03/02/2023 01:00,0.0
03/02/2023 02:00,0.0
03/02/2023 03:00,0.206897
03/02/2023 04:00,0.189655
03/02/2023 05:00,0.0
03/02/2023 06:00,0.0
03/02/2023 07:00,0.0
03/02/2023 08:00,0.0
03/02/2023 09:00,0.0
03/02/2023 10:00,0.137931
03/02/2023 11:00,0.155172
03/02/2023 12:00,0.224138
03/02/2023 13:00,0.0
03/02/2023 14:00,0.172414
03/02/2023 15:00,0.0
03/02/2023 16:00,0.137931
03/02/2023 17:00,0.086207
03/02/2023 18:00,0.086207
03/02/2023 19:00,0.0
03/02/2023 20:00,0.0
03/02/2023 21:00,0.103448
03/02/2023 22:00,0.0
03/02/2023 23:00,0.0
03/03/2023 00:00,0.189655
03/03/2023 01:00,0.0
03/03/2023 02:00,0.0
03/03/2023 03:00,0.189655
03/03/2023 04:00,0.172414
03/03/2023 05:00,0.0
03/03/2023 06:00,0.0
03/03/2023 07:00,0.0
03/03/2023 08:00,0.0
03/03/2023 09:00,0.0
03/03/2023 10:00,0.137931
03/03/2023 11:00,0.172414
03/03/2023 12:00,0.206897
03/03/2023 13:00,0.0
03/03/2023 14:00,0.12069
03/03/2023 15:00,0.0
03/03/2023 16:00,-0.034483
03/03/2023 17:00,0.086207
03/03/2023 18:00,0.051724
03/03/2023 19:00,0.0
03/03/2023 20:00,0.0
03/03/2023 21:00,0.103448
03/03/2023 22:00,0.0
03/03/2023 23:00,0.0
03/04/2023 00:00,0.172414
03/04/2023 01:00,0.0
03/04/2023 02:00,0.0
03/04/2023 03:00,0.189655
03/04/2023 04:00,0.172414
03/04/2023 05:00,0.0
03/04/2023 06:00,0.137931
03/04/2023 07:00,0.0
03/04/2023 08:00,0.0
03/04/2023 09:00,0.0
03/04/2023 10:00,0.12069
03/04/2023 11:00,0.137931
03/04/2023 12:00,0.155172
03/04/2023 13:00,0.0
03/04/2023 14:00,0.017241
03/04/2023 15:00,0.0
03/04/2023 16:00,-0.189655
03/04/2023 17:00,-0.258621
03/04/2023 18:00,-0.275862
03/04/2023 19:00,0.0
03/04/2023 20:00,0.0
03/04/2023 21:00,-0.155172
03/04/2023 22:00,0.0
03/04/2023 23:00,0.0
03/05/2023 00:00,0.172414
03/05/2023 01:00,0.0
03/05/2023 02:00,0.0
03/05/2023 03:00,0.172414
03/05/2023 04:00,0.155172
03/05/2023 05:00,0.0
03/05/2023 06:00,0.0
03/05/2023 07:00,0.0
03/05/2023 08:00,0.0
03/05/2023 09:00,0.0
03/05/2023 10:00,0.103448
03/05/2023 11:00,0.103448
03/05/2023 12:00,0.103448
03/05/2023 13:00,0.0
03/05/2023 14:00,-0.034483
03/05/2023 15:00,0.0
03/05/2023 16:00,-0.275862
03/05/2023 17:00,-0.327586
03/05/2023 18:00,-0.344828
03/05/2023 19:00,0.0
03/05/2023 20:00,0.0
03/05/2023 21:00,-0.189655
03/05/2023 22:00,0.0
03/05/2023 23:00,0.0
03/06/2023 00:00,0.189655
03/06/2023 01:00,0.0
03/06/2023 02:00,0.0
03/06/2023 03:00,0.189655
03/06/2023 04:00,0.155172
03/06/2023 05:00,0.0
03/06/2023 06:00,0.137931
03/06/2023 07:00,0.0
03/06/2023 08:00,0.0
03/06/2023 09:00,0.0
03/06/2023 10:00,0.137931
03/06/2023 11:00,0.172414
03/06/2023 12:00,0.206897
03/06/2023 13:00,0.0
03/06/2023 14:00,0.086207
03/06/2023 15:00,0.0
03/06/2023 16:00,-0.12069
03/06/2023 17:00,-0.172414
03/06/2023 18:00,-0.189655
03/06/2023 19:00,0.0
03/06/2023 20:00,0.0
03/06/2023 21:00,0.034483
03/06/2023 22:00,0.0
03/06/2023 23:00,0.0
03/07/2023 00:00,0.241379
03/07/2023 01:00,0.0
03/07/2023 02:00,0.0
03/07/2023 03:00,0.224138
03/07/2023 04:00,0.189655
03/07/2023 05:00,0.0
03/07/2023 06:00,0.0
03/07/2023 07:00,0.0
03/07/2023 08:00,0.0
03/07/2023 09:00,0.0
03/07/2023 10:00,0.155172
03/07/2023 11:00,0.189655
03/07/2023 12:00,0.241379
03/07/2023 13:00,0.0
03/07/2023 14:00,0.172414
03/07/2023 15:00,0.0
03/07/2023 16:00,0.241379
03/07/2023 17:00,0.172414
03/07/2023 18:00,0.137931
03/07/2023 19:00,0.0
03/07/2023 20:00,0.0
03/07/2023 21:00,-0.017241
03/07/2023 22:00,0.0
03/07/2023 23:00,0.0
03/08/2023 00:00,0.241379
03/08/2023 01:00,0.0
03/08/2023 02:00,0.0
03/08/2023 03:00,0.206897
03/08/2023 04:00,0.189655
03/08/2023 05:00,0.0
03/08/2023 06:00,0.0
03/08/2023 07:00,0.0
03/08/2023 08:00,0.0
03/08/2023 09:00,0.0
03/08/2023 10:00,0.137931
03/08/2023 11:00,0.172414
03/08/2023 12:00,0.224138
03/08/2023 13:00,0.0
03/08/2023 14:00,0.086207
03/08/2023 15:00,0.0
03/08/2023 16:00,-0.12069
03/08/2023 17:00,-0.206897
03/08/2023 18:00,-0.224138
03/08/2023 19:00,0.0
03/08/2023 20:00,0.0
03/08/2023 21:00,-0.068966
03/08/2023 22:00,0.0
03/08/2023 23:00,0.0
03/09/2023 00:00,0.172414
03/09/2023 01:00,0.0
03/09/2023 02:00,0.0
03/09/2023 03:00,0.172414
03/09/2023 04:00,0.155172
03/09/2023 05:00,0.0
03/09/2023 06:00,0.0
03/09/2023 07:00,0.0
03/09/2023 08:00,0.0
03/09/2023 09:00,0.0
03/09/2023 10:00,0.137931
03/09/2023 11:00,0.155172
03/09/2023 12:00,0.206897
03/09/2023 13:00,0.0
03/09/2023 14:00,0.189655
03/09/2023 15:00,0.0
03/09/2023 16:00,0.034483
03/09/2023 17:00,0.086207
03/09/2023 18:00,-0.051724
03/09/2023 19:00,0.0
03/09/2023 20:00,0.0
03/09/2023 21:00,0.103448
03/09/2023 22:00,0.0
03/09/2023 23:00,0.0
03/10/2023 00:00,0.172414
03/10/2023 01:00,0.0
03/10/2023 02:00,0.0
03/10/2023 03:00,0.172414
03/10/2023 04:00,0.155172
03/10/2023 05:00,0.0
03/10/2023 06:00,0.12069
03/10/2023 07:00,0.0
03/10/2023 08:00,0.0
03/10/2023 09:00,0.0
03/10/2023 10:00,0.137931
03/10/2023 11:00,0.172414
03/10/2023 12:00,0.189655
03/10/2023 13:00,0.0
03/10/2023 14:00,0.172414
03/10/2023 15:00,0.0
03/10/2023 16:00,0.12069
03/10/2023 17:00,0.103448
03/10/2023 18:00,0.034483
03/10/2023 19:00,0.0
03/10/2023 20:00,0.0
03/10/2023 21:00,0.0
03/10/2023 22:00,0.0
03/10/2023 23:00,0.0
03/11/2023 00:00,0.206897
03/11/2023 01:00,0.0
03/11/2023 02:00,0.0
03/11/2023 03:00,0.189655
03/11/2023 04:00,0.189655
03/11/2023 05:00,0.0
03/11/2023 06:00,0.0
03/11/2023 07:00,0.0
03/11/2023 08:00,0.0
03/11/2023 09:00,0.0
03/11/2023 10:00,0.155172
03/11/2023 11:00,0.155172
03/11/2023 12:00,0.189655
03/11/2023 13:00,0.0
03/11/2023 14:00,0.034483
03/11/2023 15:00,0.0
03/11/2023 16:00,-0.206897
03/11/2023 17:00,-0.275862
03/11/2023 18:00,-0.310345
03/11/2023 19:00,0.0
03/11/2023 20:00,0.0
03/11/2023 21:00,-0.12069
03/11/2023 22:00,0.0
03/11/2023 23:00,0.0
03/12/2023 00:00,0.172414
03/12/2023 01:00,0.0
03/12/2023 02:00,0.0
03/12/2023 03:00,0.189655
03/12/2023 04:00,0.155172
03/12/2023 05:00,0.0
03/12/2023 06:00,0.0
03/12/2023 07:00,0.12069
03/12/2023 08:00,0.0
03/12/2023 09:00,0.0
03/12/2023 10:00,0.12069
03/12/2023 11:00,0.0
03/12/2023 12:00,0.0
03/12/2023 13:00,0.137931
03/12/2023 14:00,0.12069
03/12/2023 15:00,0.017241
03/12/2023 16:00,0.034483
03/12/2023 17:00,-0.155172
03/12/2023 18:00,-0.034483
03/12/2023 19:00,0.137931
03/12/2023 20:00,0.068966
03/12/2023 21:00,0.051724
03/12/2023 22:00,0.068966
03/12/2023 23:00,0.0
03/13/2023 00:00,0.0
03/13/2023 01:00,0.172414
03/13/2023 02:00,0.0
03/13/2023 03:00,0.0
03/13/2023 04:00,0.0
03/13/2023 05:00,0.0
03/13/2023 06:00,0.0
03/13/2023 07:00,0.0
03/13/2023 08:00,0.0
03/13/2023 09:00,0.0
03/13/2023 10:00,0.12069
03/13/2023 11:00,0.155172
03/13/2023 12:00,0.189655
03/13/2023 13:00,0.0
03/13/2023 14:00,0.241379
03/13/2023 15:00,0.0
03/13/2023 16:00,0.172414
03/13/2023 17:00,0.034483
03/13/2023 18:00,-0.241379
03/13/2023 19:00,0.0
03/13/2023 20:00,0.0
03/13/2023 21:00,-0.189655
03/13/2023 22:00,0.0
03/13/2023 23:00,0.0
03/14/2023 00:00,0.051724
03/14/2023 01:00,0.0
03/14/2023 02:00,0.0
03/14/2023 03:00,0.206897
03/14/2023 04:00,0.189655
03/14/2023 05:00,0.0
03/14/2023 06:00,0.0
03/14/2023 07:00,0.0
03/14/2023 08:00,0.0
03/14/2023 09:00,0.0
03/14/2023 10:00,0.155172
03/14/2023 11:00,0.206897
03/14/2023 12:00,0.258621
03/14/2023 13:00,0.0
03/14/2023 14:00,0.275862
03/14/2023 15:00,0.0
03/14/2023 16:00,-0.034483
03/14/2023 17:00,-0.137931
03/14/2023 18:00,-0.224138
03/14/2023 19:00,0.0
03/14/2023 20:00,0.0
03/14/2023 21:00,-0.189655
03/14/2023 22:00,0.0
03/14/2023 23:00,0.0
03/15/2023 00:00,0.086207
03/15/2023 01:00,0.0
03/15/2023 02:00,0.0
03/15/2023 03:00,0.258621
03/15/2023 04:00,0.241379
03/15/2023 05:00,0.0
03/15/2023 06:00,0.206897
03/15/2023 07:00,0.0
03/15/2023 08:00,0.206897
03/15/2023 09:00,0.0
03/15/2023 10:00,0.224138
03/15/2023 11:00,0.275862
03/15/2023 12:00,0.327586
03/15/2023 13:00,0.362069
03/15/2023 14:00,0.344828
03/15/2023 15:00,0.155172
03/15/2023 16:00,0.0
03/15/2023 17:00,0.0
03/15/2023 18:00,-0.206897
03/15/2023 19:00,-0.206897
03/15/2023 20:00,0.0
03/15/2023 21:00,-0.189655
03/15/2023 22:00,-0.155172
03/15/2023 23:00,0.0
03/16/2023 00:00,0.0
03/16/2023 01:00,0.206897
03/16/2023 02:00,0.258621
03/16/2023 03:00,0.0
03/16/2023 04:00,0.241379
03/16/2023 05:00,0.0
03/16/2023 06:00,0.224138
03/16/2023 07:00,0.206897
03/16/2023 08:00,0.0
03/16/2023 09:00,0.0
03/16/2023 10:00,0.241379
03/16/2023 11:00,0.293103
03/16/2023 12:00,0.0
03/16/2023 13:00,0.0
03/16/2023 14:00,0.0
03/16/2023 15:00,0.0
03/16/2023 16:00,0.0
03/16/2023 17:00,0.0
03/16/2023 18:00,-0.241379
03/16/2023 19:00,0.0
03/16/2023 20:00,-0.258621
03/16/2023 21:00,-0.224138
03/16/2023 22:00,0.0
03/16/2023 23:00,0.0
03/17/2023 00:00,0.034483
03/17/2023 01:00,0.0
03/17/2023 02:00,0.0
03/17/2023 03:00,0.189655
03/17/2023 04:00,0.0
03/17/2023 05:00,0.0
03/17/2023 06:00,0.137931
03/17/2023 07:00,0.12069
03/17/2023 08:00,0.0
03/17/2023 09:00,0.0
03/17/2023 10:00,0.137931
03/17/2023 11:00,0.172414
03/17/2023 12:00,0.0
03/17/2023 13:00,0.0
03/17/2023 14:00,0.0
03/17/2023 15:00,0.0
03/17/2023 16:00,-0.034483
03/17/2023 17:00,0.0
03/17/2023 18:00,0.068966
03/17/2023 19:00,0.0
03/17/2023 20:00,0.017241
03/17/2023 21:00,0.034483
03/17/2023 22:00,0.0
03/17/2023 23:00,0.0
03/18/2023 00:00,0.137931
03/18/2023 01:00,0.0
03/18/2023 02:00,0.0
03/18/2023 03:00,0.155172
03/18/2023 04:00,0.0
03/18/2023 05:00,0.0
03/18/2023 06:00,0.137931
03/18/2023 07:00,0.12069
03/18/2023 08:00,0.0
03/18/2023 09:00,0.0
03/18/2023 10:00,0.12069
03/18/2023 11:00,0.137931
03/18/2023 12:00,0.0
03/18/2023 13:00,0.0
03/18/2023 14:00,0.0
03/18/2023 15:00,0.0
03/18/2023 16:00,0.068966
03/18/2023 17:00,0.0
03/18/2023 18:00,-0.086207
03/18/2023 19:00,0.0
03/18/2023 20:00,-0.12069
03/18/2023 21:00,-0.137931
03/18/2023 22:00,0.0
03/18/2023 23:00,0.0
03/19/2023 00:00,0.172414
03/19/2023 01:00,0.0
03/19/2023 02:00,0.0
03/19/2023 03:00,0.206897
03/19/2023 04:00,0.0
03/19/2023 05:00,0.0
03/19/2023 06:00,0.0
03/19/2023 07:00,0.172414
03/19/2023 08:00,0.0
03/19/2023 09:00,0.0
03/19/2023 10:00,0.189655
03/19/2023 11:00,0.189655
03/19/2023 12:00,0.0
03/19/2023 13:00,0.0
03/19/2023 14:00,0.0
03/19/2023 15:00,0.0
03/19/2023 16:00,-0.12069
03/19/2023 17:00,0.0
03/19/2023 18:00,-0.310345
03/19/2023 19:00,0.0
03/19/2023 20:00,-0.241379
03/19/2023 21:00,-0.189655
03/19/2023 22:00,0.0
03/19/2023 23:00,0.0
03/20/2023 00:00,0.241379
03/20/2023 01:00,0.0
03/20/2023 02:00,0.0
03/20/2023 03:00,0.310345
03/20/2023 04:00,0.0
03/20/2023 05:00,0.0
03/20/2023 06:00,0.275862
03/20/2023 07:00,0.258621
03/20/2023 08:00,0.0
03/20/2023 09:00,0.0
03/20/2023 10:00,0.310345
03/20/2023 11:00,0.344828
03/20/2023 12:00,0.0
03/20/2023 13:00,0.0
03/20/2023 14:00,0.0
03/20/2023 15:00,0.0
03/20/2023 16:00,0.034483
03/20/2023 17:00,0.0
03/20/2023 18:00,-0.172414
03/20/2023 19:00,0.0
03/20/2023 20:00,-0.224138
03/20/2023 21:00,-0.172414
03/20/2023 22:00,0.0
03/20/2023 23:00,0.0
03/21/2023 00:00,0.086207
03/21/2023 01:00,0.0
03/21/2023 02:00,0.0
03/21/2023 03:00,0.293103
03/21/2023 04:00,0.0
03/21/2023 05:00,0.0
03/21/2023 06:00,0.258621
03/21/2023 07:00,0.258621
03/21/2023 08:00,0.0
03/21/2023 09:00,0.0
03/21/2023 10:00,0.310345
03/21/2023 11:00,0.37931
03/21/2023 12:00,0.0
03/21/2023 13:00,0.0
03/21/2023 14:00,0.0
03/21/2023 15:00,0.0
03/21/2023 16:00,0.103448
03/21/2023 17:00,0.0
03/21/2023 18:00,-0.155172
03/21/2023 19:00,0.0
03/21/2023 20:00,-0.103448
03/21/2023 21:00,-0.172414
03/21/2023 22:00,0.0
03/21/2023 23:00,0.0
03/22/2023 00:00,0.086207
03/22/2023 01:00,0.0
03/22/2023 02:00,0.0
03/22/2023 03:00,0.241379
03/22/2023 04:00,0.0
03/22/2023 05:00,0.0
03/22/2023 06:00,0.0
03/22/2023 07:00,0.189655
03/22/2023 08:00,0.0
03/22/2023 09:00,0.0
03/22/2023 10:00,0.189655
03/22/2023 11:00,0.241379
03/22/2023 12:00,0.0
03/22/2023 13:00,0.0
03/22/2023 14:00,0.0
03/22/2023 15:00,0.0
03/22/2023 16:00,0.189655
03/22/2023 17:00,0.0
03/22/2023 18:00,0.068966
03/22/2023 19:00,0.0
03/22/2023 20:00,-0.241379
03/22/2023 21:00,-0.206897
03/22/2023 22:00,0.0
03/22/2023 23:00,0.0
03/23/2023 00:00,0.034483
03/23/2023 01:00,0.0
03/23/2023 02:00,0.0
03/23/2023 03:00,0.189655
03/23/2023 04:00,0.0
03/23/2023 05:00,0.0
03/23/2023 06:00,0.155172
03/23/2023 07:00,0.137931
03/23/2023 08:00,0.0
03/23/2023 09:00,0.0
03/23/2023 10:00,0.155172
03/23/2023 11:00,0.0
03/23/2023 12:00,0.241379
03/23/2023 13:00,0.0
03/23/2023 14:00,0.275862
03/23/2023 15:00,0.189655
03/23/2023 16:00,0.0
03/23/2023 17:00,0.0
03/23/2023 18:00,0.0
03/23/2023 19:00,0.0
03/23/2023 20:00,-0.224138
03/23/2023 21:00,-0.172414
03/23/2023 22:00,0.0
03/23/2023 23:00,-0.017241
03/24/2023 00:00,0.0
03/24/2023 01:00,0.0
03/24/2023 02:00,0.0
03/24/2023 03:00,0.0
03/24/2023 04:00,0.0
03/24/2023 05:00,0.0
03/24/2023 06:00,0.0
03/24/2023 07:00,0.137931
03/24/2023 08:00,0.0
03/24/2023 09:00,0.0
03/24/2023 10:00,0.137931
03/24/2023 11:00,0.0
03/24/2023 12:00,0.172414
03/24/2023 13:00,0.0
03/24/2023 14:00,0.172414
03/24/2023 15:00,0.068966
03/24/2023 16:00,0.0
03/24/2023 17:00,0.0
03/24/2023 18:00,0.0
03/24/2023 19:00,0.0
03/24/2023 20:00,-0.051724
03/24/2023 21:00,-0.172414
03/24/2023 22:00,0.0
03/24/2023 23:00,0.068966
03/25/2023 00:00,0.0
03/25/2023 01:00,0.0
03/25/2023 02:00,0.0
03/25/2023 03:00,0.0
03/25/2023 04:00,0.0
03/25/2023 05:00,0.0
03/25/2023 06:00,0.137931
03/25/2023 07:00,0.12069
03/25/2023 08:00,0.0
03/25/2023 09:00,0.0
03/25/2023 10:00,0.12069
03/25/2023 11:00,0.0
03/25/2023 12:00,0.137931
03/25/2023 13:00,0.0
03/25/2023 14:00,0.103448
03/25/2023 15:00,0.034483
03/25/2023 16:00,0.0
03/25/2023 17:00,0.0
03/25/2023 18:00,0.0
03/25/2023 19:00,0.0
03/25/2023 20:00,-0.017241
03/25/2023 21:00,0.12069
03/25/2023 22:00,0.0
03/25/2023 23:00,-0.068966
03/26/2023 00:00,0.0
03/26/2023 01:00,0.0
03/26/2023 02:00,0.0
03/26/2023 03:00,0.0
03/26/2023 04:00,0.0
03/26/2023 05:00,0.0
03/26/2023 06:00,0.0
03/26/2023 07:00,0.155172
03/26/2023 08:00,0.0
03/26/2023 09:00,0.0
03/26/2023 10:00,0.137931
03/26/2023 11:00,0.0
03/26/2023 12:00,0.137931
03/26/2023 13:00,0.0
03/26/2023 14:00,0.086207
03/26/2023 15:00,0.051724
03/26/2023 16:00,0.0
03/26/2023 17:00,0.0
03/26/2023 18:00,0.0
03/26/2023 19:00,0.0
03/26/2023 20:00,-0.155172
03/26/2023 21:00,0.12069
03/26/2023 22:00,0.0
03/26/2023 23:00,0.172414
03/27/2023 00:00,0.0
03/27/2023 01:00,0.0
03/27/2023 02:00,0.0
03/27/2023 03:00,0.0
03/27/2023 04:00,0.0
03/27/2023 05:00,0.0
03/27/2023 06:00,0.0
03/27/2023 07:00,0.137931
03/27/2023 08:00,0.0
03/27/2023 09:00,0.0
03/27/2023 10:00,0.137931
03/27/2023 11:00,0.0
03/27/2023 12:00,0.224138
03/27/2023 13:00,0.0
03/27/2023 14:00,0.224138
03/27/2023 15:00,0.12069
03/27/2023 16:00,0.0
03/27/2023 17:00,0.0
03/27/2023 18:00,0.0
03/27/2023 19:00,0.0
03/27/2023 20:00,0.241379
03/27/2023 21:00,0.293103
03/27/2023 22:00,0.0
03/27/2023 23:00,0.206897
03/28/2023 00:00,0.0
03/28/2023 01:00,0.0
03/28/2023 02:00,0.0
03/28/2023 03:00,0.0
03/28/2023 04:00,0.0
03/28/2023 05:00,0.0
03/28/2023 06:00,0.0
03/28/2023 07:00,0.0
03/28/2023 08:00,0.0
03/28/2023 09:00,0.0
03/28/2023 10:00,0.137931
03/28/2023 11:00,0.172414
03/28/2023 12:00,0.206897
03/28/2023 13:00,0.0
03/28/2023 14:00,0.241379
03/28/2023 15:00,0.0
03/28/2023 16:00,0.137931
03/28/2023 17:00,0.189655
03/28/2023 18:00,0.258621
03/28/2023 19:00,0.0
03/28/2023 20:00,0.0
03/28/2023 21:00,0.224138
03/28/2023 22:00,0.0
03/28/2023 23:00,0.0
03/29/2023 00:00,0.103448
03/29/2023 01:00,0.0
03/29/2023 02:00,0.0
03/29/2023 03:00,0.189655
03/29/2023 04:00,0.0
03/29/2023 05:00,0.0
03/29/2023 06:00,0.0
03/29/2023 07:00,0.0
03/29/2023 08:00,0.0
03/29/2023 09:00,0.0
03/29/2023 10:00,0.12069
03/29/2023 11:00,0.155172
03/29/2023 12:00,0.206897
03/29/2023 13:00,0.0
03/29/2023 14:00,0.206897
03/29/2023 15:00,0.0
03/29/2023 16:00,-0.086207
03/29/2023 17:00,-0.12069
03/29/2023 18:00,-0.172414
03/29/2023 19:00,0.0
03/29/2023 20:00,0.0
03/29/2023 21:00,-0.034483
03/29/2023 22:00,0.0
03/29/2023 23:00,0.0
03/30/2023 00:00,0.086207
03/30/2023 01:00,0.0
03/30/2023 02:00,0.0
03/30/2023 03:00,0.172414
03/30/2023 04:00,0.0
03/30/2023 05:00,0.0
03/30/2023 06:00,0.12069
03/30/2023 07:00,0.0
03/30/2023 08:00,0.0
03/30/2023 09:00,0.0
03/30/2023 10:00,0.137931
03/30/2023 11:00,0.172414
03/30/2023 12:00,0.241379
03/30/2023 13:00,0.0
03/30/2023 14:00,0.224138
03/30/2023 15:00,0.0
03/30/2023 16:00,-0.086207
03/30/2023 17:00,-0.172414
03/30/2023 18:00,-0.258621
03/30/2023 19:00,0.0
03/30/2023 20:00,0.0
03/30/2023 21:00,-0.206897
03/30/2023 22:00,0.0
03/30/2023 23:00,0.0
03/31/2023 00:00,0.034483
03/31/2023 01:00,0.0
03/31/2023 02:00,0.0
03/31/2023 03:00,0.189655
03/31/2023 04:00,0.0
03/31/2023 05:00,0.0
03/31/2023 06:00,0.0
03/31/2023 07:00,0.0
03/31/2023 08:00,0.0
03/31/2023 09:00,0.0
03/31/2023 10:00,0.12069
03/31/2023 11:00,0.137931
03/31/2023 12:00,0.206897
03/31/2023 13:00,0.0
03/31/2023 14:00,0.155172
03/31/2023 15:00,0.0
03/31/2023 16:00,-0.086207
03/31/2023 17:00,-0.172414
03/31/2023 18:00,-0.258621
03/31/2023 19:00,0.0
03/31/2023 20:00,0.0
03/31/2023 21:00,-0.137931
03/31/2023 22:00,0.0
03/31/2023 23:00,0.0
04/01/2023 00:00,0.068966
04/01/2023 01:00,0.0
04/01/2023 02:00,0.0
04/01/2023 03:00,0.189655
04/01/2023 04:00,0.0
04/01/2023 05:00,0.0
04/01/2023 06:00,0.0
04/01/2023 07:00,0.0
04/01/2023 08:00,0.0
04/01/2023 09:00,0.0
04/01/2023 10:00,0.12069
04/01/2023 11:00,0.12069
04/01/2023 12:00,0.137931
04/01/2023 13:00,0.0
04/01/2023 14:00,0.103448
04/01/2023 15:00,0.0
04/01/2023 16:00,0.017241
04/01/2023 17:00,-0.137931
04/01/2023 18:00,-0.206897
04/01/2023 19:00,0.0
04/01/2023 20:00,0.0
04/01/2023 21:00,-0.034483
04/01/2023 22:00,0.0
04/01/2023 23:00,0.0
04/02/2023 00:00,0.12069
04/02/2023 01:00,0.0
04/02/2023 02:00,0.0
04/02/2023 03:00,0.189655
04/02/2023 04:00,0.0
04/02/2023 05:00,0.0
04/02/2023 06:00,0.0
04/02/2023 07:00,0.0
04/02/2023 08:00,0.0
04/02/2023 09:00,0.0
04/02/2023 10:00,0.12069
04/02/2023 11:00,0.103448
04/02/2023 12:00,0.12069
04/02/2023 13:00,0.0
04/02/2023 14:00,0.068966
04/02/2023 15:00,0.0
04/02/2023 16:00,-0.155172
04/02/2023 17:00,-0.241379
04/02/2023 18:00,-0.224138
04/02/2023 19:00,0.0
04/02/2023 20:00,0.0
04/02/2023 21:00,0.017241
04/02/2023 22:00,0.0
04/02/2023 23:00,0.0
04/03/2023 00:00,0.103448
04/03/2023 01:00,0.0
04/03/2023 02:00,0.0
04/03/2023 03:00,0.155172
04/03/2023 04:00,0.0
04/03/2023 05:00,0.0
04/03/2023 06:00,0.0
04/03/2023 07:00,0.0
04/03/2023 08:00,0.0
04/03/2023 09:00,0.0
04/03/2023 10:00,0.12069
04/03/2023 11:00,0.155172
04/03/2023 12:00,0.189655
04/03/2023 13:00,0.0
04/03/2023 14:00,0.189655
04/03/2023 15:00,0.0
04/03/2023 16:00,0.189655
04/03/2023 17:00,0.189655
04/03/2023 18:00,0.224138
04/03/2023 19:00,0.0
04/03/2023 20:00,0.0
04/03/2023 21:00,0.137931
04/03/2023 22:00,0.0
04/03/2023 23:00,0.0
04/04/2023 00:00,0.068966
04/04/2023 01:00,0.0
04/04/2023 02:00,0.0
04/04/2023 03:00,0.189655
04/04/2023 04:00,0.0
04/04/2023 05:00,0.0
04/04/2023 06:00,0.12069
04/04/2023 07:00,0.0
04/04/2023 08:00,0.0
04/04/2023 09:00,0.0
04/04/2023 10:00,0.137931
04/04/2023 11:00,0.172414
04/04/2023 12:00,0.206897
04/04/2023 13:00,0.0
04/04/2023 14:00,0.224138
04/04/2023 15:00,0.0
04/04/2023 16:00,0.12069
04/04/2023 17:00,-0.017241
04/04/2023 18:00,-0.034483
04/04/2023 19:00,0.0
04/04/2023 20:00,0.0
04/04/2023 21:00,-0.051724
04/04/2023 22:00,0.0
04/04/2023 23:00,0.0
04/05/2023 00:00,0.172414
04/05/2023 01:00,0.0
04/05/2023 02:00,0.0
04/05/2023 03:00,0.224138
04/05/2023 04:00,0.0
04/05/2023 05:00,0.0
04/05/2023 06:00,0.155172
04/05/2023 07:00,0.0
04/05/2023 08:00,0.12069
04/05/2023 09:00,0.12069
04/05/2023 10:00,0.137931
04/05/2023 11:00,0.172414
04/05/2023 12:00,0.206897
04/05/2023 13:00,0.0
04/05/2023 14:00,0.172414
04/05/2023 15:00,0.051724
04/05/2023 16:00,0.0
04/05/2023 17:00,0.0
04/05/2023 18:00,-0.137931
04/05/2023 19:00,-0.12069
04/05/2023 20:00,0.0
04/05/2023 21:00,0.0
04/05/2023 22:00,0.0
04/05/2023 23:00,0.0
04/06/2023 00:00,0.0
04/06/2023 01:00,0.224138
04/06/2023 02:00,0.241379
04/06/2023 03:00,0.0
04/06/2023 04:00,0.206897
04/06/2023 05:00,0.0
04/06/2023 06:00,0.0
04/06/2023 07:00,0.0
04/06/2023 08:00,0.0
04/06/2023 09:00,0.0
04/06/2023 10:00,0.155172
04/06/2023 11:00,0.172414
04/06/2023 12:00,0.206897
04/06/2023 13:00,0.0
04/06/2023 14:00,0.189655
04/06/2023 15:00,0.0
04/06/2023 16:00,-0.017241
04/06/2023 17:00,0.0
04/06/2023 18:00,-0.051724
04/06/2023 19:00,0.0
04/06/2023 20:00,0.0
04/06/2023 21:00,0.034483
04/06/2023 22:00,0.0
04/06/2023 23:00,0.0
04/07/2023 00:00,0.224138
04/07/2023 01:00,0.0
04/07/2023 02:00,0.0
04/07/2023 03:00,0.224138
04/07/2023 04:00,0.0
04/07/2023 05:00,0.0
04/07/2023 06:00,0.155172
04/07/2023 07:00,0.0
04/07/2023 08:00,0.0
04/07/2023 09:00,0.0
04/07/2023 10:00,0.137931
04/07/2023 11:00,0.137931
04/07/2023 12:00,0.155172
04/07/2023 13:00,0.0
04/07/2023 14:00,0.103448
04/07/2023 15:00,0.0
04/07/2023 16:00,-0.103448
04/07/2023 17:00,-0.189655
04/07/2023 18:00,-0.172414
04/07/2023 19:00,0.0
04/07/2023 20:00,0.0
04/07/2023 21:00,-0.068966
04/07/2023 22:00,0.0
04/07/2023 23:00,0.0
04/08/2023 00:00,0.172414
04/08/2023 01:00,0.0
04/08/2023 02:00,0.0
04/08/2023 03:00,0.206897
04/08/2023 04:00,0.0
04/08/2023 05:00,0.0
04/08/2023 06:00,0.0
04/08/2023 07:00,0.0
04/08/2023 08:00,0.0
04/08/2023 09:00,0.0
04/08/2023 10:00,0.12069
04/08/2023 11:00,0.12069
04/08/2023 12:00,0.12069
04/08/2023 13:00,0.0
04/08/2023 14:00,0.137931
04/08/2023 15:00,0.0
04/08/2023 16:00,0.12069
04/08/2023 17:00,0.103448
04/08/2023 18:00,0.051724
04/08/2023 19:00,0.0
04/08/2023 20:00,0.0
04/08/2023 21:00,0.068966
04/08/2023 22:00,0.0
04/08/2023 23:00,0.0
04/09/2023 00:00,0.137931
04/09/2023 01:00,0.0
04/09/2023 02:00,0.0
04/09/2023 03:00,0.155172
04/09/2023 04:00,0.0
04/09/2023 05:00,0.0
04/09/2023 06:00,0.0
04/09/2023 07:00,0.0
04/09/2023 08:00,0.0
04/09/2023 09:00,0.0
04/09/2023 10:00,0.12069
04/09/2023 11:00,0.137931
04/09/2023 12:00,0.137931
04/09/2023 13:00,0.0
04/09/2023 14:00,0.155172
04/09/2023 15:00,0.0
04/09/2023 16:00,0.12069
04/09/2023 17:00,0.068966
04/09/2023 18:00,0.051724
04/09/2023 19:00,0.0
04/09/2023 20:00,0.0
04/09/2023 21:00,0.034483
04/09/2023 22:00,0.0
04/09/2023 23:00,0.0
04/10/2023 00:00,0.137931
04/10/2023 01:00,0.0
04/10/2023 02:00,0.0
04/10/2023 03:00,0.172414
04/10/2023 04:00,0.0
04/10/2023 05:00,0.0
04/10/2023 06:00,0.0
04/10/2023 07:00,0.0
04/10/2023 08:00,0.0
04/10/2023 09:00,0.0
04/10/2023 10:00,0.137931
04/10/2023 11:00,0.172414
04/10/2023 12:00,0.224138
04/10/2023 13:00,0.0
04/10/2023 14:00,0.206897
04/10/2023 15:00,0.0
04/10/2023 16:00,0.034483
04/10/2023 17:00,-0.034483
04/10/2023 18:00,-0.155172
04/10/2023 19:00,0.0
04/10/2023 20:00,0.0
04/10/2023 21:00,-0.189655
04/10/2023 22:00,0.0
04/10/2023 23:00,0.0
04/11/2023 00:00,0.103448
04/11/2023 01:00,0.0
04/11/2023 02:00,0.0
04/11/2023 03:00,0.172414
04/11/2023 04:00,0.0
04/11/2023 05:00,0.0
04/11/2023 06:00,0.12069
04/11/2023 07:00,0.12069
04/11/2023 08:00,0.103448
04/11/2023 09:00,0.12069
04/11/2023 10:00,0.137931
04/11/2023 11:00,0.155172
04/11/2023 12:00,0.206897
04/11/2023 13:00,0.224138
04/11/2023 14:00,0.155172
04/11/2023 15:00,0.034483
04/11/2023 16:00,-0.034483
04/11/2023 17:00,-0.206897
04/11/2023 18:00,-0.224138
04/11/2023 19:00,-0.241379
04/11/2023 20:00,-0.189655
04/11/2023 21:00,-0.086207
04/11/2023 22:00,-0.103448
04/11/2023 23:00,0.0
04/12/2023 00:00,0.103448
04/12/2023 01:00,0.155172
04/12/2023 02:00,0.189655
04/12/2023 03:00,0.189655
04/12/2023 04:00,0.172414
04/12/2023 05:00,0.0
04/12/2023 06:00,0.12069
04/12/2023 07:00,0.12069
04/12/2023 08:00,0.12069
04/12/2023 09:00,0.12069
04/12/2023 10:00,0.12069
04/12/2023 11:00,0.155172
04/12/2023 12:00,0.206897
04/12/2023 13:00,0.224138
04/12/2023 14:00,0.206897
04/12/2023 15:00,0.086207
04/12/2023 16:00,0.051724
04/12/2023 17:00,0.0
04/12/2023 18:00,-0.206897
04/12/2023 19:00,-0.12069
04/12/2023 20:00,0.034483
04/12/2023 21:00,-0.034483
04/12/2023 22:00,0.034483
04/12/2023 23:00,0.034483
04/13/2023 00:00,0.068966
04/13/2023 01:00,0.155172
04/13/2023 02:00,0.172414
04/13/2023 03:00,0.172414
04/13/2023 04:00,0.155172
04/13/2023 05:00,0.0
04/13/2023 06:00,0.12069
04/13/2023 07:00,0.12069
04/13/2023 08:00,0.12069
04/13/2023 09:00,0.103448
04/13/2023 10:00,0.12069
04/13/2023 11:00,0.155172
04/13/2023 12:00,0.206897
04/13/2023 13:00,0.224138
04/13/2023 14:00,0.189655
04/13/2023 15:00,0.172414
04/13/2023 16:00,0.12069
04/13/2023 17:00,-0.103448
04/13/2023 18:00,-0.086207
04/13/2023 19:00,-0.034483
04/13/2023 20:00,-0.137931
04/13/2023 21:00,-0.12069
04/13/2023 22:00,0.068966
04/13/2023 23:00,-0.017241
04/14/2023 00:00,0.12069
04/14/2023 01:00,0.189655
04/14/2023 02:00,0.206897
04/14/2023 03:00,0.206897
04/14/2023 04:00,0.172414
04/14/2023 05:00,0.0
04/14/2023 06:00,0.137931
04/14/2023 07:00,0.12069
04/14/2023 08:00,0.12069
04/14/2023 09:00,0.12069
04/14/2023 10:00,0.12069
04/14/2023 11:00,0.155172
04/14/2023 12:00,0.189655
04/14/2023 13:00,0.206897
04/14/2023 14:00,0.189655
04/14/2023 15:00,0.172414
04/14/2023 16:00,0.12069
04/14/2023 17:00,0.034483
04/14/2023 18:00,-0.189655
04/14/2023 19:00,-0.275862
04/14/2023 20:00,-0.258621
04/14/2023 21:00,-0.172414
04/14/2023 22:00,-0.137931
04/14/2023 23:00,-0.068966
04/15/2023 00:00,0.051724
04/15/2023 01:00,0.155172
04/15/2023 02:00,0.189655
04/15/2023 03:00,0.172414
04/15/2023 04:00,0.155172
04/15/2023 05:00,0.0
04/15/2023 06:00,0.12069
04/15/2023 07:00,0.12069
04/15/2023 08:00,0.103448
04/15/2023 09:00,0.103448
04/15/2023 10:00,0.103448
04/15/2023 11:00,0.103448
04/15/2023 12:00,0.12069
04/15/2023 13:00,0.137931
04/15/2023 14:00,0.051724
04/15/2023 15:00,-0.051724
04/15/2023 16:00,-0.172414
04/15/2023 17:00,-0.241379
04/15/2023 18:00,-0.293103
04/15/2023 19:00,-0.293103
04/15/2023 20:00,-0.258621
04/15/2023 21:00,-0.224138
04/15/2023 22:00,-0.034483
04/15/2023 23:00,0.086207
04/16/2023 00:00,0.155172
04/16/2023 01:00,0.206897
04/16/2023 02:00,0.189655
04/16/2023 03:00,0.172414
04/16/2023 04:00,0.155172
04/16/2023 05:00,0.0
04/16/2023 06:00,0.137931
04/16/2023 07:00,0.12069
04/16/2023 08:00,0.12069
04/16/2023 09:00,0.12069
04/16/2023 10:00,0.103448
04/16/2023 11:00,0.12069
04/16/2023 12:00,0.12069
04/16/2023 13:00,0.12069
04/16/2023 14:00,0.103448
04/16/2023 15:00,0.12069
04/16/2023 16:00,0.12069
04/16/2023 17:00,0.0
04/16/2023 18:00,-0.017241
04/16/2023 19:00,0.086207
04/16/2023 20:00,-0.189655
04/16/2023 21:00,-0.241379
04/16/2023 22:00,-0.103448
04/16/2023 23:00,0.017241
04/17/2023 00:00,0.12069
04/17/2023 01:00,0.172414
04/17/2023 02:00,0.189655
04/17/2023 03:00,0.189655
04/17/2023 04:00,0.155172
04/17/2023 05:00,0.0
04/17/2023 06:00,0.12069
04/17/2023 07:00,0.103448
04/17/2023 08:00,0.103448
04/17/2023 09:00,0.103448
04/17/2023 10:00,0.12069
04/17/2023 11:00,0.155172
04/17/2023 12:00,0.189655
04/17/2023 13:00,0.206897
04/17/2023 14:00,0.137931
04/17/2023 15:00,0.0
04/17/2023 16:00,-0.12069
04/17/2023 17:00,-0.224138
04/17/2023 18:00,-0.275862
04/17/2023 19:00,-0.275862
04/17/2023 20:00,-0.275862
04/17/2023 21:00,-0.241379
04/17/2023 22:00,-0.172414
04/17/2023 23:00,-0.086207
04/18/2023 00:00,0.034483
04/18/2023 01:00,0.137931
04/18/2023 02:00,0.172414
04/18/2023 03:00,0.172414
04/18/2023 04:00,0.155172
04/18/2023 05:00,0.0
04/18/2023 06:00,0.12069
04/18/2023 07:00,0.103448
04/18/2023 08:00,0.103448
04/18/2023 09:00,0.103448
04/18/2023 10:00,0.12069
04/18/2023 11:00,0.155172
04/18/2023 12:00,0.206897
04/18/2023 13:00,0.241379
04/18/2023 14:00,0.172414
04/18/2023 15:00,0.017241
04/18/2023 16:00,-0.086207
04/18/2023 17:00,-0.189655
04/18/2023 18:00,-0.241379
04/18/2023 19:00,-0.241379
04/18/2023 20:00,-0.224138
04/18/2023 21:00,-0.172414
04/18/2023 22:00,-0.12069
04/18/2023 23:00,-0.017241
04/19/2023 00:00,0.068966
04/19/2023 01:00,0.172414
04/19/2023 02:00,0.189655
04/19/2023 03:00,0.189655
04/19/2023 04:00,0.155172
04/19/2023 05:00,0.0
04/19/2023 06:00,0.12069
04/19/2023 07:00,0.12069
04/19/2023 08:00,0.103448
04/19/2023 09:00,0.103448
04/19/2023 10:00,0.12069
04/19/2023 11:00,0.155172
04/19/2023 12:00,0.206897
04/19/2023 13:00,0.206897
04/19/2023 14:00,0.137931
04/19/2023 15:00,0.017241
04/19/2023 16:00,-0.068966
04/19/2023 17:00,-0.137931
04/19/2023 18:00,-0.172414
04/19/2023 19:00,-0.189655
04/19/2023 20:00,-0.172414
04/19/2023 21:00,-0.12069
04/19/2023 22:00,-0.068966
04/19/2023 23:00,0.0
04/20/2023 00:00,0.103448
04/20/2023 01:00,0.206897
04/20/2023 02:00,0.224138
04/20/2023 03:00,0.206897
04/20/2023 04:00,0.189655
04/20/2023 05:00,0.0
04/20/2023 06:00,0.155172
04/20/2023 07:00,0.137931
04/20/2023 08:00,0.12069
04/20/2023 09:00,0.12069
04/20/2023 10:00,0.137931
04/20/2023 11:00,0.172414
04/20/2023 12:00,0.224138
04/20/2023 13:00,0.241379
04/20/2023 14:00,0.172414
04/20/2023 15:00,0.034483
04/20/2023 16:00,-0.068966
04/20/2023 17:00,-0.155172
04/20/2023 18:00,-0.189655
04/20/2023 19:00,-0.189655
04/20/2023 20:00,-0.172414
04/20/2023 21:00,-0.103448
04/20/2023 22:00,-0.068966
04/20/2023 23:00,0.0
04/21/2023 00:00,0.12069
04/21/2023 01:00,0.206897
04/21/2023 02:00,0.224138
04/21/2023 03:00,0.224138
04/21/2023 04:00,0.189655
04/21/2023 05:00,0.0
04/21/2023 06:00,0.155172
04/21/2023 07:00,0.137931
04/21/2023 08:00,0.137931
04/21/2023 09:00,0.12069
04/21/2023 10:00,0.137931
04/21/2023 11:00,0.155172
04/21/2023 12:00,0.206897
04/21/2023 13:00,0.206897
04/21/2023 14:00,0.137931
04/21/2023 15:00,0.034483
04/21/2023 16:00,-0.086207
04/21/2023 17:00,-0.172414
04/21/2023 18:00,-0.224138
04/21/2023 19:00,-0.241379
04/21/2023 20:00,-0.206897
04/21/2023 21:00,-0.12069
04/21/2023 22:00,-0.051724
04/21/2023 23:00,0.172414
04/22/2023 00:00,0.155172
04/22/2023 01:00,0.189655
04/22/2023 02:00,0.206897
04/22/2023 03:00,0.206897
04/22/2023 04:00,0.189655
04/22/2023 05:00,0.0
04/22/2023 06:00,0.137931
04/22/2023 07:00,0.137931
04/22/2023 08:00,0.12069
04/22/2023 09:00,0.12069
04/22/2023 10:00,0.12069
04/22/2023 11:00,0.12069
04/22/2023 12:00,0.12069
04/22/2023 13:00,0.12069
04/22/2023 14:00,0.086207
04/22/2023 15:00,-0.017241
04/22/2023 16:00,-0.12069
04/22/2023 17:00,-0.172414
04/22/2023 18:00,-0.275862
04/22/2023 19:00,-0.293103
04/22/2023 20:00,-0.275862
04/22/2023 21:00,-0.241379
04/22/2023 22:00,-0.137931
04/22/2023 23:00,-0.017241
04/23/2023 00:00,0.103448
04/23/2023 01:00,0.206897
04/23/2023 02:00,0.224138
04/23/2023 03:00,0.206897
04/23/2023 04:00,0.206897
04/23/2023 05:00,0.0
04/23/2023 06:00,0.155172
04/23/2023 07:00,0.137931
04/23/2023 08:00,0.137931
04/23/2023 09:00,0.137931
04/23/2023 10:00,0.137931
04/23/2023 11:00,0.137931
04/23/2023 12:00,0.137931
04/23/2023 13:00,0.12069
04/23/2023 14:00,0.051724
04/23/2023 15:00,-0.068966
04/23/2023 16:00,-0.172414
04/23/2023 17:00,-0.241379
04/23/2023 18:00,-0.293103
04/23/2023 19:00,-0.293103
04/23/2023 20:00,-0.258621
04/23/2023 21:00,-0.224138
04/23/2023 22:00,-0.137931
04/23/2023 23:00,-0.017241
04/24/2023 00:00,0.12069
04/24/2023 01:00,0.206897
04/24/2023 02:00,0.241379
04/24/2023 03:00,0.224138
04/24/2023 04:00,0.189655
04/24/2023 05:00,0.0
04/24/2023 06:00,0.155172
04/24/2023 07:00,0.155172
04/24/2023 08:00,0.137931
04/24/2023 09:00,0.137931
04/24/2023 10:00,0.155172
04/24/2023 11:00,0.155172
04/24/2023 12:00,0.189655
04/24/2023 13:00,0.206897
04/24/2023 14:00,0.206897
04/24/2023 15:00,0.172414
04/24/2023 16:00,0.068966
04/24/2023 17:00,-0.051724
04/24/2023 18:00,-0.017241
04/24/2023 19:00,0.0
04/24/2023 20:00,0.051724
04/24/2023 21:00,0.137931
04/24/2023 22:00,0.12069
04/24/2023 23:00,0.051724
04/25/2023 00:00,0.12069
04/25/2023 01:00,0.189655
04/25/2023 02:00,0.224138
04/25/2023 03:00,0.206897
04/25/2023 04:00,0.172414
04/25/2023 05:00,0.0
04/25/2023 06:00,0.137931
04/25/2023 07:00,0.12069
04/25/2023 08:00,0.12069
04/25/2023 09:00,0.12069
04/25/2023 10:00,0.12069
04/25/2023 11:00,0.137931
04/25/2023 12:00,0.206897
04/25/2023 13:00,0.224138
04/25/2023 14:00,0.172414
04/25/2023 15:00,0.034483
04/25/2023 16:00,-0.051724
04/25/2023 17:00,-0.086207
04/25/2023 18:00,-0.137931
04/25/2023 19:00,-0.051724
04/25/2023 20:00,0.017241
04/25/2023 21:00,-0.051724
04/25/2023 22:00,-0.017241
04/25/2023 23:00,0.068966
04/26/2023 00:00,0.12069
04/26/2023 01:00,0.206897
04/26/2023 02:00,0.224138
04/26/2023 03:00,0.224138
04/26/2023 04:00,0.189655
04/26/2023 05:00,0.0
04/26/2023 06:00,0.137931
04/26/2023 07:00,0.12069
04/26/2023 08:00,0.12069
04/26/2023 09:00,0.12069
04/26/2023 10:00,0.137931
04/26/2023 11:00,0.172414
04/26/2023 12:00,0.206897
04/26/2023 13:00,0.224138
04/26/2023 14:00,0.155172
04/26/2023 15:00,0.051724
04/26/2023 16:00,0.0
04/26/2023 17:00,0.017241
04/26/2023 18:00,-0.068966
04/26/2023 19:00,-0.017241
04/26/2023 20:00,0.068966
04/26/2023 21:00,-0.051724
04/26/2023 22:00,0.086207
04/26/2023 23:00,0.224138
04/27/2023 00:00,0.224138
04/27/2023 01:00,0.189655
04/27/2023 02:00,0.241379
04/27/2023 03:00,0.224138
04/27/2023 04:00,0.224138
04/27/2023 05:00,0.0
04/27/2023 06:00,0.172414
04/27/2023 07:00,0.155172
04/27/2023 08:00,0.137931
04/27/2023 09:00,0.137931
04/27/2023 10:00,0.155172
04/27/2023 11:00,0.189655
04/27/2023 12:00,0.241379
04/27/2023 13:00,0.241379
04/27/2023 14:00,0.241379
04/27/2023 15:00,0.224138
04/27/2023 16:00,0.206897
04/27/2023 17:00,0.241379
04/27/2023 18:00,0.258621
04/27/2023 19:00,0.258621
04/27/2023 20:00,0.258621
04/27/2023 21:00,0.241379
04/27/2023 22:00,0.241379
04/27/2023 23:00,0.172414
04/28/2023 00:00,0.172414
04/28/2023 01:00,0.155172
04/28/2023 02:00,0.172414
04/28/2023 03:00,0.172414
04/28/2023 04:00,0.155172
04/28/2023 05:00,0.0
04/28/2023 06:00,0.12069
04/28/2023 07:00,0.12069
04/28/2023 08:00,0.103448
04/28/2023 09:00,0.103448
04/28/2023 10:00,0.137931
04/28/2023 11:00,0.155172
04/28/2023 12:00,0.206897
04/28/2023 13:00,0.206897
04/28/2023 14:00,0.172414
04/28/2023 15:00,0.051724
04/28/2023 16:00,0.051724
04/28/2023 17:00,0.017241
04/28/2023 18:00,-0.206897
04/28/2023 19:00,-0.241379
04/28/2023 20:00,-0.137931
04/28/2023 21:00,-0.051724
04/28/2023 22:00,-0.051724
04/28/2023 23:00,0.017241
04/29/2023 00:00,0.12069
04/29/2023 01:00,0.206897
04/29/2023 02:00,0.224138
04/29/2023 03:00,0.206897
04/29/2023 04:00,0.189655
04/29/2023 05:00,0.0
04/29/2023 06:00,0.155172
04/29/2023 07:00,0.137931
04/29/2023 08:00,0.12069
04/29/2023 09:00,0.12069
04/29/2023 10:00,0.12069
04/29/2023 11:00,0.12069
04/29/2023 12:00,0.12069
04/29/2023 13:00,0.12069
04/29/2023 14:00,0.103448
04/29/2023 15:00,0.017241
04/29/2023 16:00,-0.137931
04/29/2023 17:00,-0.12069
04/29/2023 18:00,0.0
04/29/2023 19:00,0.12069
04/29/2023 20:00,0.137931
04/29/2023 21:00,0.155172
04/29/2023 22:00,0.137931
04/29/2023 23:00,0.103448
04/30/2023 00:00,0.12069
04/30/2023 01:00,0.137931
04/30/2023 02:00,0.172414
04/30/2023 03:00,0.172414
04/30/2023 04:00,0.155172
04/30/2023 05:00,0.0
04/30/2023 06:00,0.137931
04/30/2023 07:00,0.12069
04/30/2023 08:00,0.12069
04/30/2023 09:00,0.12069
04/30/2023 10:00,0.103448
04/30/2023 11:00,0.103448
04/30/2023 12:00,0.103448
04/30/2023 13:00,0.103448
04/30/2023 14:00,0.068966
04/30/2023 15:00,0.051724
04/30/2023 16:00,0.017241
04/30/2023 17:00,-0.068966
04/30/2023 18:00,-0.293103
04/30/2023 19:00,-0.327586
04/30/2023 20:00,-0.344828
04/30/2023 21:00,-0.293103
04/30/2023 22:00,-0.189655
04/30/2023 23:00,-0.068966
05/01/2023 00:00,0.051724
05/01/2023 01:00,0.172414
05/01/2023 02:00,0.189655
05/01/2023 03:00,0.189655
05/01/2023 04:00,0.155172
